#
# There is insufficient memory for the Java Runtime Environment to continue.
# Native memory allocation (mmap) failed to map 727711744 bytes. Error detail: G1 virtual space
# Possible reasons:
#   The system is out of physical RAM or swap space
#   This process is running with CompressedOops enabled, and the Java Heap may be blocking the growth of the native heap
# Possible solutions:
#   Reduce memory load on the system
#   Increase physical memory or swap space
#   Check if swap backing store is full
#   Decrease Java heap size (-Xmx/-Xms)
#   Decrease number of Java threads
#   Decrease Java thread stack sizes (-Xss)
#   Set larger code cache with -XX:ReservedCodeCacheSize=
#   JVM is running with Zero Based Compressed Oops mode in which the Java heap is
#     placed in the first 32GB address space. The Java Heap base address is the
#     maximum limit for the native heap growth. Please use -XX:HeapBaseMinAddress
#     to set the Java Heap base and to place the Java Heap above 32GB virtual address.
# This output file may be truncated or incomplete.
#
#  Out of Memory Error (os_windows.cpp:3828), pid=15512, tid=15612
#
# JRE version: OpenJDK Runtime Environment (21.0.5) (build 21.0.5+-12932927-b750.29)
# Java VM: OpenJDK 64-Bit Server VM (21.0.5+-12932927-b750.29, mixed mode, tiered, compressed oops, compressed class ptrs, g1 gc, windows-amd64)
# No core dump will be written. Minidumps are not enabled by default on client versions of Windows
#

---------------  S U M M A R Y ------------

Command Line: --add-opens=java.base/java.lang=ALL-UNNAMED --add-opens=java.base/java.lang.invoke=ALL-UNNAMED --add-opens=java.base/java.util=ALL-UNNAMED --add-opens=java.prefs/java.util.prefs=ALL-UNNAMED --add-exports=jdk.compiler/com.sun.tools.javac.api=ALL-UNNAMED --add-exports=jdk.compiler/com.sun.tools.javac.util=ALL-UNNAMED --add-opens=java.base/java.util=ALL-UNNAMED --add-opens=java.prefs/java.util.prefs=ALL-UNNAMED --add-opens=java.base/java.nio.charset=ALL-UNNAMED --add-opens=java.base/java.net=ALL-UNNAMED --add-opens=java.base/java.util.concurrent.atomic=ALL-UNNAMED --add-opens=java.xml/javax.xml.namespace=ALL-UNNAMED -Xmx4096m -Dfile.encoding=UTF-8 -Duser.country=US -Duser.language=en -Duser.variant -javaagent:C:\Users\chouh\.gradle\wrapper\dists\gradle-8.11.1-bin\bpt9gzteqjrbo1mjrsomdt32c\gradle-8.11.1\lib\agents\gradle-instrumentation-agent-8.11.1.jar org.gradle.launcher.daemon.bootstrap.GradleDaemon 8.11.1

Host: 11th Gen Intel(R) Core(TM) i3-1115G4 @ 3.00GHz, 4 cores, 7G,  Windows 11 , 64 bit Build 26100 (10.0.26100.8246)
Time: Sat May 16 23:33:58 2026 India Standard Time elapsed time: 54.862657 seconds (0d 0h 0m 54s)

---------------  T H R E A D  ---------------

Current thread (0x00000240b58a7bc0):  VMThread "VM Thread"          [id=15612, stack(0x00000097a3c00000,0x00000097a3d00000) (1024K)]

Stack: [0x00000097a3c00000,0x00000097a3d00000]
Native frames: (J=compiled Java code, j=interpreted, Vv=VM code, C=native code)
V  [jvm.dll+0x6cfb29]
V  [jvm.dll+0x85ded3]
V  [jvm.dll+0x86042e]
V  [jvm.dll+0x860b13]
V  [jvm.dll+0x27e6b6]
V  [jvm.dll+0x6cc385]
V  [jvm.dll+0x6c078a]
V  [jvm.dll+0x35525b]
V  [jvm.dll+0x35ceb6]
V  [jvm.dll+0x3aedd6]
V  [jvm.dll+0x3af0a8]
V  [jvm.dll+0x32792c]
V  [jvm.dll+0x3279b7]
V  [jvm.dll+0x36d80c]
V  [jvm.dll+0x36bfbe]
V  [jvm.dll+0x327081]
V  [jvm.dll+0x36b6d0]
V  [jvm.dll+0x866898]
V  [jvm.dll+0x867c14]
V  [jvm.dll+0x868150]
V  [jvm.dll+0x8683e3]
V  [jvm.dll+0x806368]
V  [jvm.dll+0x6ce3fd]
C  [ucrtbase.dll+0x37b0]
C  [KERNEL32.DLL+0x2e8d7]
C  [ntdll.dll+0x8c3fc]

VM_Operation (0x00000097a9cfe6e0): G1CollectForAllocation, mode: safepoint, requested by thread 0x00000240bd435c60


---------------  P R O C E S S  ---------------

Threads class SMR info:
_java_thread_list=0x00000240bd526450, length=96, elements={
0x000002409a0ba9c0, 0x00000240b5b493c0, 0x00000240b5b4c5c0, 0x00000240b5b5f690,
0x00000240b5b61d00, 0x00000240b5b62ef0, 0x00000240b5b640e0, 0x00000240b5b6adb0,
0x00000240b5b6e120, 0x00000240b5c25990, 0x00000240b5e6fd40, 0x00000240bba10a70,
0x00000240bb9f2070, 0x00000240bb9d8760, 0x00000240bb8fc680, 0x00000240bb9055e0,
0x00000240bb905c40, 0x00000240bb9062a0, 0x00000240bb9d4d10, 0x00000240bb9d5370,
0x00000240bb97e2d0, 0x00000240bb97dc40, 0x00000240bb97eff0, 0x00000240bb97f680,
0x00000240bb97cf20, 0x00000240bb97c890, 0x00000240bb97d5b0, 0x00000240bb97c200,
0x00000240befff760, 0x00000240beffe3b0, 0x00000240befffdf0, 0x00000240beffd690,
0x00000240beffc970, 0x00000240bf001ec0, 0x00000240bf002be0, 0x00000240bc0a6a10,
0x00000240bc0a70a0, 0x00000240bc0a6380, 0x00000240bc0a7730, 0x00000240bc0a42b0,
0x00000240bc0a4fd0, 0x00000240bc0a8450, 0x00000240bc0a5660, 0x00000240bc0a9170,
0x00000240bc0a5cf0, 0x00000240bc0a9800, 0x00000240bc0ab240, 0x00000240bf8ba090,
0x00000240c57530d0, 0x00000240c5751d20, 0x00000240c57523b0, 0x00000240c5751000,
0x00000240c5752a40, 0x00000240c5754b10, 0x00000240c5755ec0, 0x00000240c57551a0,
0x00000240bf8bdba0, 0x00000240bf8bf5e0, 0x00000240beffdd20, 0x00000240c56ed890,
0x00000240c56ee5b0, 0x00000240c56ef2d0, 0x00000240c56f0680, 0x00000240c56efff0,
0x00000240c56edf20, 0x00000240c56eec40, 0x00000240c56ef960, 0x00000240c56f0d10,
0x00000240c5757270, 0x00000240c5755830, 0x00000240c5757900, 0x00000240c5758620,
0x00000240c5757f90, 0x00000240bf8bce80, 0x00000240bf8b9a00, 0x00000240bc0a9e90,
0x00000240bd4699e0, 0x00000240bd46a700, 0x00000240bd467fa0, 0x00000240bd46a070,
0x00000240bd46bab0, 0x00000240bd46ad90, 0x00000240bd468630, 0x00000240bd46c7d0,
0x00000240bd46d4f0, 0x00000240bd46c140, 0x00000240bf8bd510, 0x00000240c54741d0,
0x00000240bd46ce60, 0x00000240c5756550, 0x00000240bd46e210, 0x00000240bd4355d0,
0x00000240bd4362f0, 0x00000240bd435c60, 0x00000240bd437010, 0x00000240c4d4e2f0
}

Java Threads: ( => current thread )
  0x000002409a0ba9c0 JavaThread "main"                              [_thread_blocked, id=1680, stack(0x00000097a3500000,0x00000097a3600000) (1024K)]
  0x00000240b5b493c0 JavaThread "Reference Handler"          daemon [_thread_blocked, id=14320, stack(0x00000097a3d00000,0x00000097a3e00000) (1024K)]
  0x00000240b5b4c5c0 JavaThread "Finalizer"                  daemon [_thread_blocked, id=2280, stack(0x00000097a3e00000,0x00000097a3f00000) (1024K)]
  0x00000240b5b5f690 JavaThread "Signal Dispatcher"          daemon [_thread_blocked, id=12928, stack(0x00000097a3f00000,0x00000097a4000000) (1024K)]
  0x00000240b5b61d00 JavaThread "Attach Listener"            daemon [_thread_blocked, id=8328, stack(0x00000097a4000000,0x00000097a4100000) (1024K)]
  0x00000240b5b62ef0 JavaThread "Service Thread"             daemon [_thread_blocked, id=21224, stack(0x00000097a4100000,0x00000097a4200000) (1024K)]
  0x00000240b5b640e0 JavaThread "Monitor Deflation Thread"   daemon [_thread_blocked, id=12768, stack(0x00000097a4200000,0x00000097a4300000) (1024K)]
  0x00000240b5b6adb0 JavaThread "C2 CompilerThread0"         daemon [_thread_blocked, id=24892, stack(0x00000097a4300000,0x00000097a4400000) (1024K)]
  0x00000240b5b6e120 JavaThread "C1 CompilerThread0"         daemon [_thread_blocked, id=19608, stack(0x00000097a4400000,0x00000097a4500000) (1024K)]
  0x00000240b5c25990 JavaThread "Common-Cleaner"             daemon [_thread_blocked, id=15624, stack(0x00000097a4500000,0x00000097a4600000) (1024K)]
  0x00000240b5e6fd40 JavaThread "Notification Thread"        daemon [_thread_blocked, id=10636, stack(0x00000097a4600000,0x00000097a4700000) (1024K)]
  0x00000240bba10a70 JavaThread "Daemon health stats"               [_thread_blocked, id=13832, stack(0x00000097a4900000,0x00000097a4a00000) (1024K)]
  0x00000240bb9f2070 JavaThread "Incoming local TCP Connector on port 49220"        [_thread_in_native, id=9512, stack(0x00000097a4b00000,0x00000097a4c00000) (1024K)]
  0x00000240bb9d8760 JavaThread "Daemon periodic checks"            [_thread_blocked, id=19340, stack(0x00000097a4c00000,0x00000097a4d00000) (1024K)]
  0x00000240bb8fc680 JavaThread "Daemon"                            [_thread_blocked, id=25372, stack(0x00000097a4d00000,0x00000097a4e00000) (1024K)]
  0x00000240bb9055e0 JavaThread "Handler for socket connection from /127.0.0.1:49220 to /127.0.0.1:49221"        [_thread_in_native, id=9368, stack(0x00000097a4e00000,0x00000097a4f00000) (1024K)]
  0x00000240bb905c40 JavaThread "Cancel handler"                    [_thread_blocked, id=16124, stack(0x00000097a4f00000,0x00000097a5000000) (1024K)]
  0x00000240bb9062a0 JavaThread "Daemon worker"                     [_thread_blocked, id=20212, stack(0x00000097a5000000,0x00000097a5100000) (1024K)]
  0x00000240bb9d4d10 JavaThread "Asynchronous log dispatcher for DefaultDaemonConnection: socket connection from /127.0.0.1:49220 to /127.0.0.1:49221"        [_thread_blocked, id=10412, stack(0x00000097a5100000,0x00000097a5200000) (1024K)]
  0x00000240bb9d5370 JavaThread "Stdin handler"                     [_thread_blocked, id=13472, stack(0x00000097a5200000,0x00000097a5300000) (1024K)]
  0x00000240bb97e2d0 JavaThread "Daemon client event forwarder"        [_thread_blocked, id=9620, stack(0x00000097a5300000,0x00000097a5400000) (1024K)]
  0x00000240bb97dc40 JavaThread "Cache worker for journal cache (C:\Users\chouh\.gradle\caches\journal-1)"        [_thread_blocked, id=8452, stack(0x00000097a5400000,0x00000097a5500000) (1024K)]
  0x00000240bb97eff0 JavaThread "File lock request listener"        [_thread_in_native, id=11480, stack(0x00000097a5500000,0x00000097a5600000) (1024K)]
  0x00000240bb97f680 JavaThread "Cache worker for file hash cache (C:\Users\chouh\.gradle\caches\8.11.1\fileHashes)"        [_thread_blocked, id=24340, stack(0x00000097a5600000,0x00000097a5700000) (1024K)]
  0x00000240bb97cf20 JavaThread "Cache worker for file content cache (C:\Users\chouh\.gradle\caches\8.11.1\fileContent)"        [_thread_blocked, id=12396, stack(0x00000097a5800000,0x00000097a5900000) (1024K)]
  0x00000240bb97c890 JavaThread "Cache worker for file hash cache (E:\MockTestApp\.gradle\8.11.1\fileHashes)"        [_thread_blocked, id=23476, stack(0x00000097a5900000,0x00000097a5a00000) (1024K)]
  0x00000240bb97d5b0 JavaThread "Cache worker for Build Output Cleanup Cache (E:\MockTestApp\.gradle\buildOutputCleanup)"        [_thread_blocked, id=24972, stack(0x00000097a5a00000,0x00000097a5b00000) (1024K)]
  0x00000240bb97c200 JavaThread "File watcher server"        daemon [_thread_blocked, id=23700, stack(0x00000097a5b00000,0x00000097a5c00000) (1024K)]
  0x00000240befff760 JavaThread "File watcher consumer"      daemon [_thread_blocked, id=23616, stack(0x00000097a5c00000,0x00000097a5d00000) (1024K)]
  0x00000240beffe3b0 JavaThread "Cache worker for checksums cache (E:\MockTestApp\.gradle\8.11.1\checksums)"        [_thread_blocked, id=17876, stack(0x00000097a5d00000,0x00000097a5e00000) (1024K)]
  0x00000240befffdf0 JavaThread "Cache worker for cache directory md-rule (C:\Users\chouh\.gradle\caches\8.11.1\md-rule)"        [_thread_blocked, id=19048, stack(0x00000097a5e00000,0x00000097a5f00000) (1024K)]
  0x00000240beffd690 JavaThread "Cache worker for cache directory md-supplier (C:\Users\chouh\.gradle\caches\8.11.1\md-supplier)"        [_thread_blocked, id=13868, stack(0x00000097a5f00000,0x00000097a6000000) (1024K)]
  0x00000240beffc970 JavaThread "jar transforms"                    [_thread_blocked, id=13276, stack(0x00000097a6000000,0x00000097a6100000) (1024K)]
  0x00000240bf001ec0 JavaThread "jar transforms Thread 2"           [_thread_blocked, id=22740, stack(0x00000097a6100000,0x00000097a6200000) (1024K)]
  0x00000240bf002be0 JavaThread "jar transforms Thread 3"           [_thread_blocked, id=16184, stack(0x00000097a6200000,0x00000097a6300000) (1024K)]
  0x00000240bc0a6a10 JavaThread "Unconstrained build operations"        [_thread_blocked, id=2428, stack(0x00000097a6300000,0x00000097a6400000) (1024K)]
  0x00000240bc0a70a0 JavaThread "Unconstrained build operations Thread 2"        [_thread_blocked, id=2112, stack(0x00000097a6400000,0x00000097a6500000) (1024K)]
  0x00000240bc0a6380 JavaThread "Unconstrained build operations Thread 3"        [_thread_blocked, id=1308, stack(0x00000097a6500000,0x00000097a6600000) (1024K)]
  0x00000240bc0a7730 JavaThread "Unconstrained build operations Thread 4"        [_thread_blocked, id=21600, stack(0x00000097a6600000,0x00000097a6700000) (1024K)]
  0x00000240bc0a42b0 JavaThread "Unconstrained build operations Thread 5"        [_thread_blocked, id=20332, stack(0x00000097a6700000,0x00000097a6800000) (1024K)]
  0x00000240bc0a4fd0 JavaThread "Unconstrained build operations Thread 6"        [_thread_blocked, id=11488, stack(0x00000097a6800000,0x00000097a6900000) (1024K)]
  0x00000240bc0a8450 JavaThread "Unconstrained build operations Thread 7"        [_thread_blocked, id=20788, stack(0x00000097a6900000,0x00000097a6a00000) (1024K)]
  0x00000240bc0a5660 JavaThread "Unconstrained build operations Thread 8"        [_thread_blocked, id=17972, stack(0x00000097a6a00000,0x00000097a6b00000) (1024K)]
  0x00000240bc0a9170 JavaThread "Unconstrained build operations Thread 9"        [_thread_blocked, id=15408, stack(0x00000097a6b00000,0x00000097a6c00000) (1024K)]
  0x00000240bc0a5cf0 JavaThread "jar transforms Thread 4"           [_thread_blocked, id=5204, stack(0x00000097a5700000,0x00000097a5800000) (1024K)]
  0x00000240bc0a9800 JavaThread "build event listener"              [_thread_blocked, id=2676, stack(0x00000097a6c00000,0x00000097a6d00000) (1024K)]
  0x00000240bc0ab240 JavaThread "Memory manager"                    [_thread_blocked, id=17080, stack(0x00000097a6e00000,0x00000097a6f00000) (1024K)]
  0x00000240bf8ba090 JavaThread "build event listener"              [_thread_blocked, id=8744, stack(0x00000097a6f00000,0x00000097a7000000) (1024K)]
  0x00000240c57530d0 JavaThread "included builds"                   [_thread_blocked, id=23048, stack(0x00000097a7000000,0x00000097a7100000) (1024K)]
  0x00000240c5751d20 JavaThread "Execution worker"                  [_thread_blocked, id=11752, stack(0x00000097a7100000,0x00000097a7200000) (1024K)]
  0x00000240c57523b0 JavaThread "Execution worker Thread 2"         [_thread_blocked, id=16860, stack(0x00000097a7200000,0x00000097a7300000) (1024K)]
  0x00000240c5751000 JavaThread "Execution worker Thread 3"         [_thread_blocked, id=12320, stack(0x00000097a7300000,0x00000097a7400000) (1024K)]
  0x00000240c5752a40 JavaThread "Cache worker for execution history cache (E:\MockTestApp\.gradle\8.11.1\executionHistory)"        [_thread_blocked, id=13496, stack(0x00000097a7400000,0x00000097a7500000) (1024K)]
  0x00000240c5754b10 JavaThread "Unconstrained build operations Thread 10"        [_thread_blocked, id=18664, stack(0x00000097a7500000,0x00000097a7600000) (1024K)]
  0x00000240c5755ec0 JavaThread "Unconstrained build operations Thread 11"        [_thread_blocked, id=3224, stack(0x00000097a7600000,0x00000097a7700000) (1024K)]
  0x00000240c57551a0 JavaThread "Unconstrained build operations Thread 12"        [_thread_blocked, id=19476, stack(0x00000097a7700000,0x00000097a7800000) (1024K)]
  0x00000240bf8bdba0 JavaThread "Unconstrained build operations Thread 13"        [_thread_blocked, id=22676, stack(0x00000097a7800000,0x00000097a7900000) (1024K)]
  0x00000240bf8bf5e0 JavaThread "Unconstrained build operations Thread 14"        [_thread_blocked, id=5152, stack(0x00000097a7900000,0x00000097a7a00000) (1024K)]
  0x00000240beffdd20 JavaThread "Unconstrained build operations Thread 15"        [_thread_blocked, id=3404, stack(0x00000097a7a00000,0x00000097a7b00000) (1024K)]
  0x00000240c56ed890 JavaThread "Unconstrained build operations Thread 16"        [_thread_blocked, id=6620, stack(0x00000097a7b00000,0x00000097a7c00000) (1024K)]
  0x00000240c56ee5b0 JavaThread "Unconstrained build operations Thread 17"        [_thread_blocked, id=2128, stack(0x00000097a7c00000,0x00000097a7d00000) (1024K)]
  0x00000240c56ef2d0 JavaThread "Unconstrained build operations Thread 18"        [_thread_blocked, id=6168, stack(0x00000097a7d00000,0x00000097a7e00000) (1024K)]
  0x00000240c56f0680 JavaThread "Unconstrained build operations Thread 19"        [_thread_blocked, id=25136, stack(0x00000097a7e00000,0x00000097a7f00000) (1024K)]
  0x00000240c56efff0 JavaThread "Unconstrained build operations Thread 20"        [_thread_blocked, id=21820, stack(0x00000097a7f00000,0x00000097a8000000) (1024K)]
  0x00000240c56edf20 JavaThread "Unconstrained build operations Thread 21"        [_thread_blocked, id=23648, stack(0x00000097a8000000,0x00000097a8100000) (1024K)]
  0x00000240c56eec40 JavaThread "Unconstrained build operations Thread 22"        [_thread_blocked, id=12944, stack(0x00000097a8100000,0x00000097a8200000) (1024K)]
  0x00000240c56ef960 JavaThread "Unconstrained build operations Thread 23"        [_thread_blocked, id=14592, stack(0x00000097a8200000,0x00000097a8300000) (1024K)]
  0x00000240c56f0d10 JavaThread "Unconstrained build operations Thread 24"        [_thread_blocked, id=8512, stack(0x00000097a8300000,0x00000097a8400000) (1024K)]
  0x00000240c5757270 JavaThread "Unconstrained build operations Thread 25"        [_thread_blocked, id=24152, stack(0x00000097a8400000,0x00000097a8500000) (1024K)]
  0x00000240c5755830 JavaThread "Unconstrained build operations Thread 26"        [_thread_blocked, id=7876, stack(0x00000097a8500000,0x00000097a8600000) (1024K)]
  0x00000240c5757900 JavaThread "Unconstrained build operations Thread 27"        [_thread_blocked, id=1664, stack(0x00000097a8600000,0x00000097a8700000) (1024K)]
  0x00000240c5758620 JavaThread "Unconstrained build operations Thread 28"        [_thread_blocked, id=21712, stack(0x00000097a8700000,0x00000097a8800000) (1024K)]
  0x00000240c5757f90 JavaThread "Unconstrained build operations Thread 29"        [_thread_blocked, id=10460, stack(0x00000097a8800000,0x00000097a8900000) (1024K)]
  0x00000240bf8bce80 JavaThread "Unconstrained build operations Thread 30"        [_thread_blocked, id=6112, stack(0x00000097a8900000,0x00000097a8a00000) (1024K)]
  0x00000240bf8b9a00 JavaThread "Unconstrained build operations Thread 31"        [_thread_blocked, id=24528, stack(0x00000097a8a00000,0x00000097a8b00000) (1024K)]
  0x00000240bc0a9e90 JavaThread "Unconstrained build operations Thread 32"        [_thread_blocked, id=4688, stack(0x00000097a8b00000,0x00000097a8c00000) (1024K)]
  0x00000240bd4699e0 JavaThread "Unconstrained build operations Thread 33"        [_thread_blocked, id=10124, stack(0x00000097a8c00000,0x00000097a8d00000) (1024K)]
  0x00000240bd46a700 JavaThread "Unconstrained build operations Thread 34"        [_thread_blocked, id=3380, stack(0x00000097a8d00000,0x00000097a8e00000) (1024K)]
  0x00000240bd467fa0 JavaThread "Unconstrained build operations Thread 35"        [_thread_blocked, id=20568, stack(0x00000097a8f00000,0x00000097a9000000) (1024K)]
  0x00000240bd46a070 JavaThread "Unconstrained build operations Thread 36"        [_thread_blocked, id=16156, stack(0x00000097a9000000,0x00000097a9100000) (1024K)]
  0x00000240bd46bab0 JavaThread "Unconstrained build operations Thread 37"        [_thread_blocked, id=25456, stack(0x00000097a9100000,0x00000097a9200000) (1024K)]
  0x00000240bd46ad90 JavaThread "Unconstrained build operations Thread 38"        [_thread_blocked, id=20768, stack(0x00000097a9200000,0x00000097a9300000) (1024K)]
  0x00000240bd468630 JavaThread "Unconstrained build operations Thread 39"        [_thread_blocked, id=14848, stack(0x00000097a9300000,0x00000097a9400000) (1024K)]
  0x00000240bd46c7d0 JavaThread "Unconstrained build operations Thread 40"        [_thread_blocked, id=25144, stack(0x00000097a9400000,0x00000097a9500000) (1024K)]
  0x00000240bd46d4f0 JavaThread "WorkerExecutor Queue Thread 2"        [_thread_blocked, id=15236, stack(0x00000097a9500000,0x00000097a9600000) (1024K)]
  0x00000240bd46c140 JavaThread "WorkerExecutor Queue Thread 3"        [_thread_blocked, id=22776, stack(0x00000097a9600000,0x00000097a9700000) (1024K)]
  0x00000240bf8bd510 JavaThread "WorkerExecutor Queue Thread 5"        [_thread_blocked, id=22160, stack(0x00000097a9800000,0x00000097a9900000) (1024K)]
  0x00000240c54741d0 JavaThread "WorkerExecutor Queue Thread 6"        [_thread_blocked, id=21496, stack(0x00000097a9700000,0x00000097a9800000) (1024K)]
  0x00000240bd46ce60 JavaThread "pool-3-thread-1"                   [_thread_blocked, id=21768, stack(0x00000097a6d00000,0x00000097a6e00000) (1024K)]
  0x00000240c5756550 JavaThread "stderr"                            [_thread_in_native, id=11316, stack(0x00000097a9a00000,0x00000097a9b00000) (1024K)]
  0x00000240bd46e210 JavaThread "stdout"                            [_thread_in_native, id=18428, stack(0x00000097a9b00000,0x00000097a9c00000) (1024K)]
  0x00000240bd4355d0 JavaThread "ForkJoinPool-1-worker-1"    daemon [_thread_blocked, id=25404, stack(0x00000097a8e00000,0x00000097a8f00000) (1024K)]
  0x00000240bd4362f0 JavaThread "ForkJoinPool-1-worker-2"    daemon [_thread_blocked, id=6628, stack(0x00000097a9900000,0x00000097a9a00000) (1024K)]
  0x00000240bd435c60 JavaThread "ForkJoinPool-1-worker-3"    daemon [_thread_blocked, id=24416, stack(0x00000097a9c00000,0x00000097a9d00000) (1024K)]
  0x00000240bd437010 JavaThread "ForkJoinPool-1-worker-4"    daemon [_thread_blocked, id=9092, stack(0x00000097a9d00000,0x00000097a9e00000) (1024K)]
  0x00000240c4d4e2f0 JavaThread "C2 CompilerThread1"         daemon [_thread_in_native, id=21720, stack(0x00000097a9e00000,0x00000097a9f00000) (1024K)]
Total: 96

Other Threads:
=>0x00000240b58a7bc0 VMThread "VM Thread"                           [id=15612, stack(0x00000097a3c00000,0x00000097a3d00000) (1024K)]
  0x00000240b5815150 WatcherThread "VM Periodic Task Thread"        [id=10588, stack(0x00000097a3b00000,0x00000097a3c00000) (1024K)]
  0x000002409c2a6b20 WorkerThread "GC Thread#0"                     [id=9972, stack(0x00000097a3600000,0x00000097a3700000) (1024K)]
  0x00000240ba07df00 WorkerThread "GC Thread#1"                     [id=24096, stack(0x00000097a4700000,0x00000097a4800000) (1024K)]
  0x00000240ba05ac80 WorkerThread "GC Thread#2"                     [id=2096, stack(0x00000097a4800000,0x00000097a4900000) (1024K)]
  0x00000240ba973320 WorkerThread "GC Thread#3"                     [id=13428, stack(0x00000097a4a00000,0x00000097a4b00000) (1024K)]
  0x000002409c2b7a10 ConcurrentGCThread "G1 Main Marker"            [id=10556, stack(0x00000097a3700000,0x00000097a3800000) (1024K)]
  0x000002409c2b8420 WorkerThread "G1 Conc#0"                       [id=14204, stack(0x00000097a3800000,0x00000097a3900000) (1024K)]
  0x00000240b56e40d0 ConcurrentGCThread "G1 Refine#0"               [id=21780, stack(0x00000097a3900000,0x00000097a3a00000) (1024K)]
  0x00000240b56e48f0 ConcurrentGCThread "G1 Service"                [id=22372, stack(0x00000097a3a00000,0x00000097a3b00000) (1024K)]
Total: 10

Threads with active compile tasks:
C2 CompilerThread0  54923 16663 %     4       com.android.tools.r8.dex.C::a @ 292 (997 bytes)
C2 CompilerThread1  54923 16643       4       com.android.tools.r8.internal.Jm::a (3284 bytes)
Total: 2

VM state: at safepoint (normal execution)

VM Mutex/Monitor currently owned by a thread:  ([mutex/lock_event])
[0x00007ffd6154d360] Threads_lock - owner thread: 0x00000240b58a7bc0
[0x00007ffd6154d460] Heap_lock - owner thread: 0x00000240bd435c60

Heap address: 0x0000000700000000, size: 4096 MB, Compressed Oops mode: Zero based, Oop shift amount: 3

CDS archive(s) not mapped
Compressed class space mapped at: 0x0000000800000000-0x0000000840000000, reserved size: 1073741824
Narrow klass base: 0x0000000800000000, Narrow klass shift: 0, Narrow klass range: 0x40000000

GC Precious Log:
 CardTable entry size: 512
 Card Set container configuration: InlinePtr #cards 4 size 8 Array Of Cards #cards 16 size 48 Howl #buckets 8 coarsen threshold 3686 Howl Bitmap #cards 512 size 80 coarsen threshold 460 Card regions per heap region 1 cards per card region 4096
 CPUs: 4 total, 4 available
 Memory: 7991M
 Large Page Support: Disabled
 NUMA Support: Disabled
 Compressed Oops: Enabled (Zero based)
 Heap Region Size: 2M
 Heap Min Capacity: 8M
 Heap Initial Capacity: 126M
 Heap Max Capacity: 4G
 Pre-touch: Disabled
 Parallel Workers: 4
 Concurrent Workers: 1
 Concurrent Refinement Workers: 4
 Periodic GC: Disabled

Heap:
 garbage-first heap   total 536576K, used 390144K [0x0000000700000000, 0x0000000800000000)
  region size 2048K, 6 young (12288K), 6 survivors (12288K)
 Metaspace       used 125231K, committed 127424K, reserved 1179648K
  class space    used 17019K, committed 18112K, reserved 1048576K

Heap Regions: E=young(eden), S=young(survivor), O=old, HS=humongous(starts), HC=humongous(continues), CS=collection set, F=free, TAMS=top-at-mark-start, PB=parsable bottom
|   0|0x0000000700000000, 0x0000000700200000, 0x0000000700200000|100%|HS|  |TAMS 0x0000000700000000| PB 0x0000000700000000| Complete 
|   1|0x0000000700200000, 0x0000000700400000, 0x0000000700400000|100%|HC|  |TAMS 0x0000000700200000| PB 0x0000000700200000| Complete 
|   2|0x0000000700400000, 0x0000000700600000, 0x0000000700600000|100%| O|  |TAMS 0x0000000700400000| PB 0x0000000700400000| Untracked 
|   3|0x0000000700600000, 0x0000000700800000, 0x0000000700800000|100%| O|  |TAMS 0x0000000700600000| PB 0x0000000700600000| Untracked 
|   4|0x0000000700800000, 0x0000000700a00000, 0x0000000700a00000|100%| O|  |TAMS 0x0000000700800000| PB 0x0000000700800000| Untracked 
|   5|0x0000000700a00000, 0x0000000700c00000, 0x0000000700c00000|100%| O|  |TAMS 0x0000000700a00000| PB 0x0000000700a00000| Untracked 
|   6|0x0000000700c00000, 0x0000000700e00000, 0x0000000700e00000|100%| O|  |TAMS 0x0000000700c00000| PB 0x0000000700c00000| Untracked 
|   7|0x0000000700e00000, 0x0000000701000000, 0x0000000701000000|100%| O|  |TAMS 0x0000000700e00000| PB 0x0000000700e00000| Untracked 
|   8|0x0000000701000000, 0x0000000701200000, 0x0000000701200000|100%| O|  |TAMS 0x0000000701000000| PB 0x0000000701000000| Untracked 
|   9|0x0000000701200000, 0x0000000701400000, 0x0000000701400000|100%| O|  |TAMS 0x0000000701200000| PB 0x0000000701200000| Untracked 
|  10|0x0000000701400000, 0x0000000701600000, 0x0000000701600000|100%| O|  |TAMS 0x0000000701400000| PB 0x0000000701400000| Untracked 
|  11|0x0000000701600000, 0x0000000701800000, 0x0000000701800000|100%| O|  |TAMS 0x0000000701600000| PB 0x0000000701600000| Untracked 
|  12|0x0000000701800000, 0x0000000701a00000, 0x0000000701a00000|100%| O|  |TAMS 0x0000000701800000| PB 0x0000000701800000| Untracked 
|  13|0x0000000701a00000, 0x0000000701c00000, 0x0000000701c00000|100%| O|  |TAMS 0x0000000701a00000| PB 0x0000000701a00000| Untracked 
|  14|0x0000000701c00000, 0x0000000701e00000, 0x0000000701e00000|100%| O|  |TAMS 0x0000000701c00000| PB 0x0000000701c00000| Untracked 
|  15|0x0000000701e00000, 0x0000000702000000, 0x0000000702000000|100%| O|  |TAMS 0x0000000701e00000| PB 0x0000000701e00000| Untracked 
|  16|0x0000000702000000, 0x0000000702200000, 0x0000000702200000|100%| O|  |TAMS 0x0000000702000000| PB 0x0000000702000000| Untracked 
|  17|0x0000000702200000, 0x0000000702400000, 0x0000000702400000|100%| O|  |TAMS 0x0000000702200000| PB 0x0000000702200000| Untracked 
|  18|0x0000000702400000, 0x0000000702600000, 0x0000000702600000|100%| O|  |TAMS 0x0000000702400000| PB 0x0000000702400000| Untracked 
|  19|0x0000000702600000, 0x0000000702800000, 0x0000000702800000|100%| O|  |TAMS 0x0000000702600000| PB 0x0000000702600000| Untracked 
|  20|0x0000000702800000, 0x0000000702a00000, 0x0000000702a00000|100%| O|  |TAMS 0x0000000702800000| PB 0x0000000702800000| Untracked 
|  21|0x0000000702a00000, 0x0000000702c00000, 0x0000000702c00000|100%| O|  |TAMS 0x0000000702a00000| PB 0x0000000702a00000| Untracked 
|  22|0x0000000702c00000, 0x0000000702e00000, 0x0000000702e00000|100%|HS|  |TAMS 0x0000000702c00000| PB 0x0000000702c00000| Complete 
|  23|0x0000000702e00000, 0x0000000703000000, 0x0000000703000000|100%|HS|  |TAMS 0x0000000702e00000| PB 0x0000000702e00000| Complete 
|  24|0x0000000703000000, 0x0000000703200000, 0x0000000703200000|100%| O|  |TAMS 0x0000000703000000| PB 0x0000000703000000| Untracked 
|  25|0x0000000703200000, 0x0000000703400000, 0x0000000703400000|100%| O|  |TAMS 0x0000000703200000| PB 0x0000000703200000| Untracked 
|  26|0x0000000703400000, 0x0000000703600000, 0x0000000703600000|100%| O|  |TAMS 0x0000000703400000| PB 0x0000000703400000| Untracked 
|  27|0x0000000703600000, 0x0000000703800000, 0x0000000703800000|100%| O|  |TAMS 0x0000000703600000| PB 0x0000000703600000| Untracked 
|  28|0x0000000703800000, 0x0000000703a00000, 0x0000000703a00000|100%| O|  |TAMS 0x0000000703800000| PB 0x0000000703800000| Untracked 
|  29|0x0000000703a00000, 0x0000000703c00000, 0x0000000703c00000|100%|HS|  |TAMS 0x0000000703a00000| PB 0x0000000703a00000| Complete 
|  30|0x0000000703c00000, 0x0000000703e00000, 0x0000000703e00000|100%|HC|  |TAMS 0x0000000703c00000| PB 0x0000000703c00000| Complete 
|  31|0x0000000703e00000, 0x0000000704000000, 0x0000000704000000|100%| O|  |TAMS 0x0000000703e00000| PB 0x0000000703e00000| Untracked 
|  32|0x0000000704000000, 0x0000000704200000, 0x0000000704200000|100%| O|  |TAMS 0x0000000704000000| PB 0x0000000704000000| Untracked 
|  33|0x0000000704200000, 0x0000000704400000, 0x0000000704400000|100%| O|  |TAMS 0x0000000704200000| PB 0x0000000704200000| Untracked 
|  34|0x0000000704400000, 0x0000000704600000, 0x0000000704600000|100%| O|  |TAMS 0x0000000704400000| PB 0x0000000704400000| Untracked 
|  35|0x0000000704600000, 0x0000000704800000, 0x0000000704800000|100%| O|  |TAMS 0x0000000704600000| PB 0x0000000704600000| Untracked 
|  36|0x0000000704800000, 0x0000000704a00000, 0x0000000704a00000|100%|HS|  |TAMS 0x0000000704800000| PB 0x0000000704800000| Complete 
|  37|0x0000000704a00000, 0x0000000704c00000, 0x0000000704c00000|100%|HC|  |TAMS 0x0000000704a00000| PB 0x0000000704a00000| Complete 
|  38|0x0000000704c00000, 0x0000000704e00000, 0x0000000704e00000|100%| O|  |TAMS 0x0000000704c00000| PB 0x0000000704c00000| Untracked 
|  39|0x0000000704e00000, 0x0000000705000000, 0x0000000705000000|100%| O|  |TAMS 0x0000000704e00000| PB 0x0000000704e00000| Untracked 
|  40|0x0000000705000000, 0x0000000705200000, 0x0000000705200000|100%| O|  |TAMS 0x0000000705000000| PB 0x0000000705000000| Untracked 
|  41|0x0000000705200000, 0x0000000705400000, 0x0000000705400000|100%| O|  |TAMS 0x0000000705200000| PB 0x0000000705200000| Untracked 
|  42|0x0000000705400000, 0x0000000705600000, 0x0000000705600000|100%| O|  |TAMS 0x0000000705400000| PB 0x0000000705400000| Untracked 
|  43|0x0000000705600000, 0x0000000705800000, 0x0000000705800000|100%| O|  |TAMS 0x0000000705600000| PB 0x0000000705600000| Untracked 
|  44|0x0000000705800000, 0x0000000705a00000, 0x0000000705a00000|100%| O|  |TAMS 0x0000000705800000| PB 0x0000000705800000| Untracked 
|  45|0x0000000705a00000, 0x0000000705c00000, 0x0000000705c00000|100%| O|  |TAMS 0x0000000705a00000| PB 0x0000000705a00000| Untracked 
|  46|0x0000000705c00000, 0x0000000705e00000, 0x0000000705e00000|100%| O|  |TAMS 0x0000000705c00000| PB 0x0000000705c00000| Untracked 
|  47|0x0000000705e00000, 0x0000000706000000, 0x0000000706000000|100%| O|  |TAMS 0x0000000705e00000| PB 0x0000000705e00000| Untracked 
|  48|0x0000000706000000, 0x0000000706200000, 0x0000000706200000|100%| O|  |TAMS 0x0000000706000000| PB 0x0000000706000000| Untracked 
|  49|0x0000000706200000, 0x0000000706400000, 0x0000000706400000|100%| O|  |TAMS 0x0000000706200000| PB 0x0000000706200000| Untracked 
|  50|0x0000000706400000, 0x0000000706600000, 0x0000000706600000|100%| O|  |TAMS 0x0000000706400000| PB 0x0000000706400000| Untracked 
|  51|0x0000000706600000, 0x0000000706800000, 0x0000000706800000|100%| O|  |TAMS 0x0000000706600000| PB 0x0000000706600000| Untracked 
|  52|0x0000000706800000, 0x0000000706a00000, 0x0000000706a00000|100%| O|  |TAMS 0x0000000706800000| PB 0x0000000706800000| Untracked 
|  53|0x0000000706a00000, 0x0000000706c00000, 0x0000000706c00000|100%| O|  |TAMS 0x0000000706a00000| PB 0x0000000706a00000| Untracked 
|  54|0x0000000706c00000, 0x0000000706e00000, 0x0000000706e00000|100%| O|  |TAMS 0x0000000706c00000| PB 0x0000000706c00000| Untracked 
|  55|0x0000000706e00000, 0x0000000707000000, 0x0000000707000000|100%| O|  |TAMS 0x0000000706e00000| PB 0x0000000706e00000| Untracked 
|  56|0x0000000707000000, 0x0000000707200000, 0x0000000707200000|100%| O|  |TAMS 0x0000000707000000| PB 0x0000000707000000| Untracked 
|  57|0x0000000707200000, 0x0000000707400000, 0x0000000707400000|100%| O|  |TAMS 0x0000000707200000| PB 0x0000000707200000| Untracked 
|  58|0x0000000707400000, 0x0000000707600000, 0x0000000707600000|100%|HS|  |TAMS 0x0000000707400000| PB 0x0000000707400000| Complete 
|  59|0x0000000707600000, 0x0000000707800000, 0x0000000707800000|100%|HS|  |TAMS 0x0000000707600000| PB 0x0000000707600000| Complete 
|  60|0x0000000707800000, 0x0000000707a00000, 0x0000000707a00000|100%|HC|  |TAMS 0x0000000707800000| PB 0x0000000707800000| Complete 
|  61|0x0000000707a00000, 0x0000000707c00000, 0x0000000707c00000|100%| O|  |TAMS 0x0000000707a00000| PB 0x0000000707a00000| Untracked 
|  62|0x0000000707c00000, 0x0000000707e00000, 0x0000000707e00000|100%| O|  |TAMS 0x0000000707c00000| PB 0x0000000707c00000| Untracked 
|  63|0x0000000707e00000, 0x0000000708000000, 0x0000000708000000|100%|HS|  |TAMS 0x0000000707e00000| PB 0x0000000707e00000| Complete 
|  64|0x0000000708000000, 0x0000000708200000, 0x0000000708200000|100%|HS|  |TAMS 0x0000000708000000| PB 0x0000000708000000| Complete 
|  65|0x0000000708200000, 0x0000000708400000, 0x0000000708400000|100%| O|  |TAMS 0x0000000708200000| PB 0x0000000708200000| Untracked 
|  66|0x0000000708400000, 0x0000000708600000, 0x0000000708600000|100%| O|  |TAMS 0x0000000708400000| PB 0x0000000708400000| Untracked 
|  67|0x0000000708600000, 0x0000000708800000, 0x0000000708800000|100%|HS|  |TAMS 0x0000000708600000| PB 0x0000000708600000| Complete 
|  68|0x0000000708800000, 0x0000000708a00000, 0x0000000708a00000|100%|HS|  |TAMS 0x0000000708800000| PB 0x0000000708800000| Complete 
|  69|0x0000000708a00000, 0x0000000708c00000, 0x0000000708c00000|100%|HS|  |TAMS 0x0000000708a00000| PB 0x0000000708a00000| Complete 
|  70|0x0000000708c00000, 0x0000000708e00000, 0x0000000708e00000|100%|HS|  |TAMS 0x0000000708c00000| PB 0x0000000708c00000| Complete 
|  71|0x0000000708e00000, 0x0000000709000000, 0x0000000709000000|100%|HS|  |TAMS 0x0000000708e00000| PB 0x0000000708e00000| Complete 
|  72|0x0000000709000000, 0x0000000709200000, 0x0000000709200000|100%|HC|  |TAMS 0x0000000709000000| PB 0x0000000709000000| Complete 
|  73|0x0000000709200000, 0x0000000709400000, 0x0000000709400000|100%|HS|  |TAMS 0x0000000709200000| PB 0x0000000709200000| Complete 
|  74|0x0000000709400000, 0x0000000709600000, 0x0000000709600000|100%|HC|  |TAMS 0x0000000709400000| PB 0x0000000709400000| Complete 
|  75|0x0000000709600000, 0x0000000709800000, 0x0000000709800000|100%| O|  |TAMS 0x0000000709600000| PB 0x0000000709600000| Untracked 
|  76|0x0000000709800000, 0x0000000709a00000, 0x0000000709a00000|100%|HS|  |TAMS 0x0000000709800000| PB 0x0000000709800000| Complete 
|  77|0x0000000709a00000, 0x0000000709c00000, 0x0000000709c00000|100%| O|  |TAMS 0x0000000709a00000| PB 0x0000000709a00000| Untracked 
|  78|0x0000000709c00000, 0x0000000709e00000, 0x0000000709e00000|100%|HS|  |TAMS 0x0000000709c00000| PB 0x0000000709c00000| Complete 
|  79|0x0000000709e00000, 0x000000070a000000, 0x000000070a000000|100%|HS|  |TAMS 0x0000000709e00000| PB 0x0000000709e00000| Complete 
|  80|0x000000070a000000, 0x000000070a200000, 0x000000070a200000|100%|HS|  |TAMS 0x000000070a000000| PB 0x000000070a000000| Complete 
|  81|0x000000070a200000, 0x000000070a400000, 0x000000070a400000|100%|HS|  |TAMS 0x000000070a200000| PB 0x000000070a200000| Complete 
|  82|0x000000070a400000, 0x000000070a600000, 0x000000070a600000|100%|HS|  |TAMS 0x000000070a400000| PB 0x000000070a400000| Complete 
|  83|0x000000070a600000, 0x000000070a800000, 0x000000070a800000|100%|HC|  |TAMS 0x000000070a600000| PB 0x000000070a600000| Complete 
|  84|0x000000070a800000, 0x000000070aa00000, 0x000000070aa00000|100%|HS|  |TAMS 0x000000070a800000| PB 0x000000070a800000| Complete 
|  85|0x000000070aa00000, 0x000000070ac00000, 0x000000070ac00000|100%|HS|  |TAMS 0x000000070aa00000| PB 0x000000070aa00000| Complete 
|  86|0x000000070ac00000, 0x000000070ae00000, 0x000000070ae00000|100%| O|  |TAMS 0x000000070ac00000| PB 0x000000070ac00000| Untracked 
|  87|0x000000070ae00000, 0x000000070b000000, 0x000000070b000000|100%|HS|  |TAMS 0x000000070ae00000| PB 0x000000070ae00000| Complete 
|  88|0x000000070b000000, 0x000000070b200000, 0x000000070b200000|100%| O|  |TAMS 0x000000070b000000| PB 0x000000070b000000| Untracked 
|  89|0x000000070b200000, 0x000000070b400000, 0x000000070b400000|100%|HS|  |TAMS 0x000000070b200000| PB 0x000000070b200000| Complete 
|  90|0x000000070b400000, 0x000000070b600000, 0x000000070b600000|100%| O|  |TAMS 0x000000070b400000| PB 0x000000070b400000| Untracked 
|  91|0x000000070b600000, 0x000000070b800000, 0x000000070b800000|100%| O|  |TAMS 0x000000070b600000| PB 0x000000070b600000| Untracked 
|  92|0x000000070b800000, 0x000000070ba00000, 0x000000070ba00000|100%|HS|  |TAMS 0x000000070b800000| PB 0x000000070b800000| Complete 
|  93|0x000000070ba00000, 0x000000070bc00000, 0x000000070bc00000|100%|HC|  |TAMS 0x000000070ba00000| PB 0x000000070ba00000| Complete 
|  94|0x000000070bc00000, 0x000000070be00000, 0x000000070be00000|100%| O|  |TAMS 0x000000070bc00000| PB 0x000000070bc00000| Untracked 
|  95|0x000000070be00000, 0x000000070c000000, 0x000000070c000000|100%| O|  |TAMS 0x000000070be00000| PB 0x000000070be00000| Untracked 
|  96|0x000000070c000000, 0x000000070c200000, 0x000000070c200000|100%|HS|  |TAMS 0x000000070c000000| PB 0x000000070c000000| Complete 
|  97|0x000000070c200000, 0x000000070c400000, 0x000000070c400000|100%|HC|  |TAMS 0x000000070c200000| PB 0x000000070c200000| Complete 
|  98|0x000000070c400000, 0x000000070c600000, 0x000000070c600000|100%| O|  |TAMS 0x000000070c400000| PB 0x000000070c400000| Untracked 
|  99|0x000000070c600000, 0x000000070c800000, 0x000000070c800000|100%| O|  |TAMS 0x000000070c600000| PB 0x000000070c600000| Untracked 
| 100|0x000000070c800000, 0x000000070ca00000, 0x000000070ca00000|100%| O|  |TAMS 0x000000070c800000| PB 0x000000070c800000| Untracked 
| 101|0x000000070ca00000, 0x000000070cc00000, 0x000000070cc00000|100%| O|  |TAMS 0x000000070ca00000| PB 0x000000070ca00000| Untracked 
| 102|0x000000070cc00000, 0x000000070ce00000, 0x000000070ce00000|100%| O|  |TAMS 0x000000070cc00000| PB 0x000000070cc00000| Untracked 
| 103|0x000000070ce00000, 0x000000070d000000, 0x000000070d000000|100%| O|  |TAMS 0x000000070ce00000| PB 0x000000070ce00000| Untracked 
| 104|0x000000070d000000, 0x000000070d200000, 0x000000070d200000|100%| O|  |TAMS 0x000000070d000000| PB 0x000000070d000000| Untracked 
| 105|0x000000070d200000, 0x000000070d400000, 0x000000070d400000|100%| O|  |TAMS 0x000000070d200000| PB 0x000000070d200000| Untracked 
| 106|0x000000070d400000, 0x000000070d600000, 0x000000070d600000|100%| O|  |TAMS 0x000000070d400000| PB 0x000000070d400000| Untracked 
| 107|0x000000070d600000, 0x000000070d800000, 0x000000070d800000|100%| O|  |TAMS 0x000000070d600000| PB 0x000000070d600000| Untracked 
| 108|0x000000070d800000, 0x000000070da00000, 0x000000070da00000|100%| O|  |TAMS 0x000000070d800000| PB 0x000000070d800000| Untracked 
| 109|0x000000070da00000, 0x000000070dc00000, 0x000000070dc00000|100%| O|  |TAMS 0x000000070da00000| PB 0x000000070da00000| Untracked 
| 110|0x000000070dc00000, 0x000000070de00000, 0x000000070de00000|100%| O|  |TAMS 0x000000070dc00000| PB 0x000000070dc00000| Untracked 
| 111|0x000000070de00000, 0x000000070e000000, 0x000000070e000000|100%| O|  |TAMS 0x000000070de00000| PB 0x000000070de00000| Untracked 
| 112|0x000000070e000000, 0x000000070e200000, 0x000000070e200000|100%| O|  |TAMS 0x000000070e000000| PB 0x000000070e000000| Untracked 
| 113|0x000000070e200000, 0x000000070e400000, 0x000000070e400000|100%| O|  |TAMS 0x000000070e200000| PB 0x000000070e200000| Untracked 
| 114|0x000000070e400000, 0x000000070e600000, 0x000000070e600000|100%| O|  |TAMS 0x000000070e400000| PB 0x000000070e400000| Untracked 
| 115|0x000000070e600000, 0x000000070e800000, 0x000000070e800000|100%| O|  |TAMS 0x000000070e600000| PB 0x000000070e600000| Untracked 
| 116|0x000000070e800000, 0x000000070ea00000, 0x000000070ea00000|100%| O|  |TAMS 0x000000070e800000| PB 0x000000070e800000| Untracked 
| 117|0x000000070ea00000, 0x000000070ea00000, 0x000000070ec00000|  0%| F|  |TAMS 0x000000070ea00000| PB 0x000000070ea00000| Untracked 
| 118|0x000000070ec00000, 0x000000070ee00000, 0x000000070ee00000|100%| O|  |TAMS 0x000000070ec00000| PB 0x000000070ec00000| Untracked 
| 119|0x000000070ee00000, 0x000000070f000000, 0x000000070f000000|100%| O|Cm|TAMS 0x000000070ee00000| PB 0x000000070ee00000| Complete 
| 120|0x000000070f000000, 0x000000070f200000, 0x000000070f200000|100%| O|  |TAMS 0x000000070f000000| PB 0x000000070f000000| Untracked 
| 121|0x000000070f200000, 0x000000070f400000, 0x000000070f400000|100%| O|  |TAMS 0x000000070f200000| PB 0x000000070f200000| Untracked 
| 122|0x000000070f400000, 0x000000070f600000, 0x000000070f600000|100%| O|  |TAMS 0x000000070f400000| PB 0x000000070f400000| Untracked 
| 123|0x000000070f600000, 0x000000070f800000, 0x000000070f800000|100%| O|  |TAMS 0x000000070f600000| PB 0x000000070f600000| Untracked 
| 124|0x000000070f800000, 0x000000070fa00000, 0x000000070fa00000|100%| O|  |TAMS 0x000000070f800000| PB 0x000000070f800000| Untracked 
| 125|0x000000070fa00000, 0x000000070fc00000, 0x000000070fc00000|100%| O|  |TAMS 0x000000070fa00000| PB 0x000000070fa00000| Untracked 
| 126|0x000000070fc00000, 0x000000070fe00000, 0x000000070fe00000|100%| O|  |TAMS 0x000000070fc00000| PB 0x000000070fc00000| Untracked 
| 127|0x000000070fe00000, 0x0000000710000000, 0x0000000710000000|100%|HS|  |TAMS 0x000000070fe00000| PB 0x000000070fe00000| Complete 
| 128|0x0000000710000000, 0x0000000710200000, 0x0000000710200000|100%|HC|  |TAMS 0x0000000710000000| PB 0x0000000710000000| Complete 
| 129|0x0000000710200000, 0x0000000710400000, 0x0000000710400000|100%|HS|  |TAMS 0x0000000710200000| PB 0x0000000710200000| Complete 
| 130|0x0000000710400000, 0x0000000710600000, 0x0000000710600000|100%|HC|  |TAMS 0x0000000710400000| PB 0x0000000710400000| Complete 
| 131|0x0000000710600000, 0x0000000710800000, 0x0000000710800000|100%|HS|  |TAMS 0x0000000710600000| PB 0x0000000710600000| Complete 
| 132|0x0000000710800000, 0x0000000710a00000, 0x0000000710a00000|100%| O|  |TAMS 0x0000000710800000| PB 0x0000000710800000| Untracked 
| 133|0x0000000710a00000, 0x0000000710c00000, 0x0000000710c00000|100%| O|  |TAMS 0x0000000710a00000| PB 0x0000000710a00000| Untracked 
| 134|0x0000000710c00000, 0x0000000710e00000, 0x0000000710e00000|100%| O|  |TAMS 0x0000000710c00000| PB 0x0000000710c00000| Untracked 
| 135|0x0000000710e00000, 0x0000000711000000, 0x0000000711000000|100%| O|  |TAMS 0x0000000710e00000| PB 0x0000000710e00000| Untracked 
| 136|0x0000000711000000, 0x0000000711200000, 0x0000000711200000|100%| O|  |TAMS 0x0000000711000000| PB 0x0000000711000000| Untracked 
| 137|0x0000000711200000, 0x0000000711400000, 0x0000000711400000|100%| O|  |TAMS 0x0000000711200000| PB 0x0000000711200000| Untracked 
| 138|0x0000000711400000, 0x0000000711600000, 0x0000000711600000|100%| O|  |TAMS 0x0000000711400000| PB 0x0000000711400000| Untracked 
| 139|0x0000000711600000, 0x0000000711800000, 0x0000000711800000|100%| O|  |TAMS 0x0000000711600000| PB 0x0000000711600000| Untracked 
| 140|0x0000000711800000, 0x0000000711a00000, 0x0000000711a00000|100%| O|  |TAMS 0x0000000711800000| PB 0x0000000711800000| Untracked 
| 141|0x0000000711a00000, 0x0000000711c00000, 0x0000000711c00000|100%| O|  |TAMS 0x0000000711a00000| PB 0x0000000711a00000| Untracked 
| 142|0x0000000711c00000, 0x0000000711e00000, 0x0000000711e00000|100%| O|  |TAMS 0x0000000711c00000| PB 0x0000000711c00000| Untracked 
| 143|0x0000000711e00000, 0x0000000712000000, 0x0000000712000000|100%| O|  |TAMS 0x0000000711e00000| PB 0x0000000711e00000| Untracked 
| 144|0x0000000712000000, 0x0000000712200000, 0x0000000712200000|100%| O|  |TAMS 0x0000000712000000| PB 0x0000000712000000| Untracked 
| 145|0x0000000712200000, 0x0000000712400000, 0x0000000712400000|100%| O|  |TAMS 0x0000000712200000| PB 0x0000000712200000| Untracked 
| 146|0x0000000712400000, 0x0000000712600000, 0x0000000712600000|100%| O|  |TAMS 0x0000000712400000| PB 0x0000000712400000| Untracked 
| 147|0x0000000712600000, 0x0000000712800000, 0x0000000712800000|100%| O|  |TAMS 0x0000000712600000| PB 0x0000000712600000| Untracked 
| 148|0x0000000712800000, 0x0000000712a00000, 0x0000000712a00000|100%| O|  |TAMS 0x0000000712800000| PB 0x0000000712800000| Untracked 
| 149|0x0000000712a00000, 0x0000000712c00000, 0x0000000712c00000|100%| O|  |TAMS 0x0000000712a00000| PB 0x0000000712a00000| Untracked 
| 150|0x0000000712c00000, 0x0000000712e00000, 0x0000000712e00000|100%| O|  |TAMS 0x0000000712c00000| PB 0x0000000712c00000| Untracked 
| 151|0x0000000712e00000, 0x0000000713000000, 0x0000000713000000|100%| O|  |TAMS 0x0000000712e00000| PB 0x0000000712e00000| Untracked 
| 152|0x0000000713000000, 0x0000000713200000, 0x0000000713200000|100%| O|  |TAMS 0x0000000713000000| PB 0x0000000713000000| Untracked 
| 153|0x0000000713200000, 0x0000000713400000, 0x0000000713400000|100%| O|  |TAMS 0x0000000713200000| PB 0x0000000713200000| Untracked 
| 154|0x0000000713400000, 0x0000000713600000, 0x0000000713600000|100%| O|  |TAMS 0x0000000713400000| PB 0x0000000713400000| Untracked 
| 155|0x0000000713600000, 0x0000000713800000, 0x0000000713800000|100%| O|  |TAMS 0x0000000713600000| PB 0x0000000713600000| Untracked 
| 156|0x0000000713800000, 0x0000000713a00000, 0x0000000713a00000|100%| O|  |TAMS 0x0000000713800000| PB 0x0000000713800000| Untracked 
| 157|0x0000000713a00000, 0x0000000713c00000, 0x0000000713c00000|100%| O|  |TAMS 0x0000000713a00000| PB 0x0000000713a00000| Untracked 
| 158|0x0000000713c00000, 0x0000000713e00000, 0x0000000713e00000|100%| O|  |TAMS 0x0000000713c00000| PB 0x0000000713c00000| Untracked 
| 159|0x0000000713e00000, 0x0000000714000000, 0x0000000714000000|100%| O|  |TAMS 0x0000000713e00000| PB 0x0000000713e00000| Untracked 
| 160|0x0000000714000000, 0x0000000714200000, 0x0000000714200000|100%| O|  |TAMS 0x0000000714000000| PB 0x0000000714000000| Untracked 
| 161|0x0000000714200000, 0x0000000714400000, 0x0000000714400000|100%| O|  |TAMS 0x0000000714200000| PB 0x0000000714200000| Untracked 
| 162|0x0000000714400000, 0x0000000714500000, 0x0000000714600000| 50%| O|  |TAMS 0x0000000714400000| PB 0x0000000714400000| Untracked 
| 163|0x0000000714600000, 0x0000000714600000, 0x0000000714800000|  0%| F|  |TAMS 0x0000000714600000| PB 0x0000000714600000| Untracked 
| 164|0x0000000714800000, 0x0000000714800000, 0x0000000714a00000|  0%| F|  |TAMS 0x0000000714800000| PB 0x0000000714800000| Untracked 
| 165|0x0000000714a00000, 0x0000000714a00000, 0x0000000714c00000|  0%| F|  |TAMS 0x0000000714a00000| PB 0x0000000714a00000| Untracked 
| 166|0x0000000714c00000, 0x0000000714c00000, 0x0000000714e00000|  0%| F|  |TAMS 0x0000000714c00000| PB 0x0000000714c00000| Untracked 
| 167|0x0000000714e00000, 0x0000000714e00000, 0x0000000715000000|  0%| F|  |TAMS 0x0000000714e00000| PB 0x0000000714e00000| Untracked 
| 168|0x0000000715000000, 0x0000000715000000, 0x0000000715200000|  0%| F|  |TAMS 0x0000000715000000| PB 0x0000000715000000| Untracked 
| 169|0x0000000715200000, 0x0000000715200000, 0x0000000715400000|  0%| F|  |TAMS 0x0000000715200000| PB 0x0000000715200000| Untracked 
| 170|0x0000000715400000, 0x0000000715400000, 0x0000000715600000|  0%| F|  |TAMS 0x0000000715400000| PB 0x0000000715400000| Untracked 
| 171|0x0000000715600000, 0x0000000715600000, 0x0000000715800000|  0%| F|  |TAMS 0x0000000715600000| PB 0x0000000715600000| Untracked 
| 172|0x0000000715800000, 0x0000000715800000, 0x0000000715a00000|  0%| F|  |TAMS 0x0000000715800000| PB 0x0000000715800000| Untracked 
| 173|0x0000000715a00000, 0x0000000715a00000, 0x0000000715c00000|  0%| F|  |TAMS 0x0000000715a00000| PB 0x0000000715a00000| Untracked 
| 174|0x0000000715c00000, 0x0000000715c00000, 0x0000000715e00000|  0%| F|  |TAMS 0x0000000715c00000| PB 0x0000000715c00000| Untracked 
| 175|0x0000000715e00000, 0x0000000715e00000, 0x0000000716000000|  0%| F|  |TAMS 0x0000000715e00000| PB 0x0000000715e00000| Untracked 
| 176|0x0000000716000000, 0x0000000716000000, 0x0000000716200000|  0%| F|  |TAMS 0x0000000716000000| PB 0x0000000716000000| Untracked 
| 177|0x0000000716200000, 0x0000000716200000, 0x0000000716400000|  0%| F|  |TAMS 0x0000000716200000| PB 0x0000000716200000| Untracked 
| 178|0x0000000716400000, 0x0000000716400000, 0x0000000716600000|  0%| F|  |TAMS 0x0000000716400000| PB 0x0000000716400000| Untracked 
| 179|0x0000000716600000, 0x0000000716600000, 0x0000000716800000|  0%| F|  |TAMS 0x0000000716600000| PB 0x0000000716600000| Untracked 
| 180|0x0000000716800000, 0x0000000716800000, 0x0000000716a00000|  0%| F|  |TAMS 0x0000000716800000| PB 0x0000000716800000| Untracked 
| 181|0x0000000716a00000, 0x0000000716a00000, 0x0000000716c00000|  0%| F|  |TAMS 0x0000000716a00000| PB 0x0000000716a00000| Untracked 
| 182|0x0000000716c00000, 0x0000000716c00000, 0x0000000716e00000|  0%| F|  |TAMS 0x0000000716c00000| PB 0x0000000716c00000| Untracked 
| 183|0x0000000716e00000, 0x0000000716e00000, 0x0000000717000000|  0%| F|  |TAMS 0x0000000716e00000| PB 0x0000000716e00000| Untracked 
| 184|0x0000000717000000, 0x0000000717000000, 0x0000000717200000|  0%| F|  |TAMS 0x0000000717000000| PB 0x0000000717000000| Untracked 
| 185|0x0000000717200000, 0x0000000717400000, 0x0000000717400000|100%| S|CS|TAMS 0x0000000717200000| PB 0x0000000717200000| Complete 
| 186|0x0000000717400000, 0x0000000717600000, 0x0000000717600000|100%| S|CS|TAMS 0x0000000717400000| PB 0x0000000717400000| Complete 
| 187|0x0000000717600000, 0x0000000717800000, 0x0000000717800000|100%| S|CS|TAMS 0x0000000717600000| PB 0x0000000717600000| Complete 
| 188|0x0000000717800000, 0x0000000717a00000, 0x0000000717a00000|100%| S|CS|TAMS 0x0000000717800000| PB 0x0000000717800000| Complete 
| 189|0x0000000717a00000, 0x0000000717c00000, 0x0000000717c00000|100%| S|CS|TAMS 0x0000000717a00000| PB 0x0000000717a00000| Complete 
| 190|0x0000000717c00000, 0x0000000717e00000, 0x0000000717e00000|100%| S|CS|TAMS 0x0000000717c00000| PB 0x0000000717c00000| Complete 
| 191|0x0000000717e00000, 0x0000000717e00000, 0x0000000718000000|  0%| F|  |TAMS 0x0000000717e00000| PB 0x0000000717e00000| Untracked 
| 192|0x0000000718000000, 0x0000000718000000, 0x0000000718200000|  0%| F|  |TAMS 0x0000000718000000| PB 0x0000000718000000| Untracked 
| 193|0x0000000718200000, 0x0000000718200000, 0x0000000718400000|  0%| F|  |TAMS 0x0000000718200000| PB 0x0000000718200000| Untracked 
| 194|0x0000000718400000, 0x0000000718400000, 0x0000000718600000|  0%| F|  |TAMS 0x0000000718400000| PB 0x0000000718400000| Untracked 
| 195|0x0000000718600000, 0x0000000718600000, 0x0000000718800000|  0%| F|  |TAMS 0x0000000718600000| PB 0x0000000718600000| Untracked 
| 196|0x0000000718800000, 0x0000000718800000, 0x0000000718a00000|  0%| F|  |TAMS 0x0000000718800000| PB 0x0000000718800000| Untracked 
| 197|0x0000000718a00000, 0x0000000718a00000, 0x0000000718c00000|  0%| F|  |TAMS 0x0000000718a00000| PB 0x0000000718a00000| Untracked 
| 198|0x0000000718c00000, 0x0000000718c00000, 0x0000000718e00000|  0%| F|  |TAMS 0x0000000718c00000| PB 0x0000000718c00000| Untracked 
| 199|0x0000000718e00000, 0x0000000718e00000, 0x0000000719000000|  0%| F|  |TAMS 0x0000000718e00000| PB 0x0000000718e00000| Untracked 
| 200|0x0000000719000000, 0x0000000719000000, 0x0000000719200000|  0%| F|  |TAMS 0x0000000719000000| PB 0x0000000719000000| Untracked 
| 201|0x0000000719200000, 0x0000000719200000, 0x0000000719400000|  0%| F|  |TAMS 0x0000000719200000| PB 0x0000000719200000| Untracked 
| 202|0x0000000719400000, 0x0000000719400000, 0x0000000719600000|  0%| F|  |TAMS 0x0000000719400000| PB 0x0000000719400000| Untracked 
| 203|0x0000000719600000, 0x0000000719600000, 0x0000000719800000|  0%| F|  |TAMS 0x0000000719600000| PB 0x0000000719600000| Untracked 
| 204|0x0000000719800000, 0x0000000719800000, 0x0000000719a00000|  0%| F|  |TAMS 0x0000000719800000| PB 0x0000000719800000| Untracked 
| 205|0x0000000719a00000, 0x0000000719a00000, 0x0000000719c00000|  0%| F|  |TAMS 0x0000000719a00000| PB 0x0000000719a00000| Untracked 
| 206|0x0000000719c00000, 0x0000000719c00000, 0x0000000719e00000|  0%| F|  |TAMS 0x0000000719c00000| PB 0x0000000719c00000| Untracked 
| 207|0x0000000719e00000, 0x0000000719e00000, 0x000000071a000000|  0%| F|  |TAMS 0x0000000719e00000| PB 0x0000000719e00000| Untracked 
| 208|0x000000071a000000, 0x000000071a000000, 0x000000071a200000|  0%| F|  |TAMS 0x000000071a000000| PB 0x000000071a000000| Untracked 
| 209|0x000000071a200000, 0x000000071a200000, 0x000000071a400000|  0%| F|  |TAMS 0x000000071a200000| PB 0x000000071a200000| Untracked 
| 210|0x000000071a400000, 0x000000071a400000, 0x000000071a600000|  0%| F|  |TAMS 0x000000071a400000| PB 0x000000071a400000| Untracked 
| 211|0x000000071a600000, 0x000000071a600000, 0x000000071a800000|  0%| F|  |TAMS 0x000000071a600000| PB 0x000000071a600000| Untracked 
| 212|0x000000071a800000, 0x000000071a800000, 0x000000071aa00000|  0%| F|  |TAMS 0x000000071a800000| PB 0x000000071a800000| Untracked 
| 213|0x000000071aa00000, 0x000000071aa00000, 0x000000071ac00000|  0%| F|  |TAMS 0x000000071aa00000| PB 0x000000071aa00000| Untracked 
| 214|0x000000071ac00000, 0x000000071ac00000, 0x000000071ae00000|  0%| F|  |TAMS 0x000000071ac00000| PB 0x000000071ac00000| Untracked 
| 215|0x000000071ae00000, 0x000000071ae00000, 0x000000071b000000|  0%| F|  |TAMS 0x000000071ae00000| PB 0x000000071ae00000| Untracked 
| 216|0x000000071b000000, 0x000000071b000000, 0x000000071b200000|  0%| F|  |TAMS 0x000000071b000000| PB 0x000000071b000000| Untracked 
| 217|0x000000071b200000, 0x000000071b200000, 0x000000071b400000|  0%| F|  |TAMS 0x000000071b200000| PB 0x000000071b200000| Untracked 
| 218|0x000000071b400000, 0x000000071b400000, 0x000000071b600000|  0%| F|  |TAMS 0x000000071b400000| PB 0x000000071b400000| Untracked 
| 219|0x000000071b600000, 0x000000071b600000, 0x000000071b800000|  0%| F|  |TAMS 0x000000071b600000| PB 0x000000071b600000| Untracked 
| 220|0x000000071b800000, 0x000000071b800000, 0x000000071ba00000|  0%| F|  |TAMS 0x000000071b800000| PB 0x000000071b800000| Untracked 
| 221|0x000000071ba00000, 0x000000071ba00000, 0x000000071bc00000|  0%| F|  |TAMS 0x000000071ba00000| PB 0x000000071ba00000| Untracked 
| 222|0x000000071bc00000, 0x000000071bc00000, 0x000000071be00000|  0%| F|  |TAMS 0x000000071bc00000| PB 0x000000071bc00000| Untracked 
| 223|0x000000071be00000, 0x000000071be00000, 0x000000071c000000|  0%| F|  |TAMS 0x000000071be00000| PB 0x000000071be00000| Untracked 
| 224|0x000000071c000000, 0x000000071c000000, 0x000000071c200000|  0%| F|  |TAMS 0x000000071c000000| PB 0x000000071c000000| Untracked 
| 225|0x000000071c200000, 0x000000071c200000, 0x000000071c400000|  0%| F|  |TAMS 0x000000071c200000| PB 0x000000071c200000| Untracked 
| 226|0x000000071c400000, 0x000000071c400000, 0x000000071c600000|  0%| F|  |TAMS 0x000000071c400000| PB 0x000000071c400000| Untracked 
| 227|0x000000071c600000, 0x000000071c600000, 0x000000071c800000|  0%| F|  |TAMS 0x000000071c600000| PB 0x000000071c600000| Untracked 
| 228|0x000000071c800000, 0x000000071c800000, 0x000000071ca00000|  0%| F|  |TAMS 0x000000071c800000| PB 0x000000071c800000| Untracked 
| 229|0x000000071ca00000, 0x000000071ca00000, 0x000000071cc00000|  0%| F|  |TAMS 0x000000071ca00000| PB 0x000000071ca00000| Untracked 
| 230|0x000000071cc00000, 0x000000071cc00000, 0x000000071ce00000|  0%| F|  |TAMS 0x000000071cc00000| PB 0x000000071cc00000| Untracked 
| 231|0x000000071ce00000, 0x000000071ce00000, 0x000000071d000000|  0%| F|  |TAMS 0x000000071ce00000| PB 0x000000071ce00000| Untracked 
| 232|0x000000071d000000, 0x000000071d000000, 0x000000071d200000|  0%| F|  |TAMS 0x000000071d000000| PB 0x000000071d000000| Untracked 
| 233|0x000000071d200000, 0x000000071d200000, 0x000000071d400000|  0%| F|  |TAMS 0x000000071d200000| PB 0x000000071d200000| Untracked 
|2020|0x00000007fc800000, 0x00000007fca00000, 0x00000007fca00000|100%| O|Cm|TAMS 0x00000007fc800000| PB 0x00000007fc800000| Complete 
|2021|0x00000007fca00000, 0x00000007fcc00000, 0x00000007fcc00000|100%| O|  |TAMS 0x00000007fca00000| PB 0x00000007fca00000| Untracked 
|2022|0x00000007fcc00000, 0x00000007fce00000, 0x00000007fce00000|100%| O|  |TAMS 0x00000007fcc00000| PB 0x00000007fcc00000| Untracked 
|2023|0x00000007fce00000, 0x00000007fd000000, 0x00000007fd000000|100%| O|  |TAMS 0x00000007fce00000| PB 0x00000007fce00000| Untracked 
|2024|0x00000007fd000000, 0x00000007fd200000, 0x00000007fd200000|100%| O|  |TAMS 0x00000007fd000000| PB 0x00000007fd000000| Untracked 
|2025|0x00000007fd200000, 0x00000007fd400000, 0x00000007fd400000|100%| O|  |TAMS 0x00000007fd200000| PB 0x00000007fd200000| Untracked 
|2026|0x00000007fd400000, 0x00000007fd600000, 0x00000007fd600000|100%| O|  |TAMS 0x00000007fd400000| PB 0x00000007fd400000| Untracked 
|2027|0x00000007fd600000, 0x00000007fd800000, 0x00000007fd800000|100%| O|  |TAMS 0x00000007fd600000| PB 0x00000007fd600000| Untracked 
|2028|0x00000007fd800000, 0x00000007fda00000, 0x00000007fda00000|100%| O|  |TAMS 0x00000007fd800000| PB 0x00000007fd800000| Untracked 
|2029|0x00000007fda00000, 0x00000007fdc00000, 0x00000007fdc00000|100%| O|  |TAMS 0x00000007fda00000| PB 0x00000007fda00000| Untracked 
|2030|0x00000007fdc00000, 0x00000007fde00000, 0x00000007fde00000|100%| O|  |TAMS 0x00000007fdc00000| PB 0x00000007fdc00000| Untracked 
|2031|0x00000007fde00000, 0x00000007fde00000, 0x00000007fe000000|  0%| F|  |TAMS 0x00000007fde00000| PB 0x00000007fde00000| Untracked 
|2032|0x00000007fe000000, 0x00000007fe200000, 0x00000007fe200000|100%| O|  |TAMS 0x00000007fe000000| PB 0x00000007fe000000| Untracked 
|2033|0x00000007fe200000, 0x00000007fe400000, 0x00000007fe400000|100%| O|  |TAMS 0x00000007fe200000| PB 0x00000007fe200000| Untracked 
|2034|0x00000007fe400000, 0x00000007fe600000, 0x00000007fe600000|100%| O|  |TAMS 0x00000007fe400000| PB 0x00000007fe400000| Untracked 
|2035|0x00000007fe600000, 0x00000007fe600000, 0x00000007fe800000|  0%| F|  |TAMS 0x00000007fe600000| PB 0x00000007fe600000| Untracked 
|2036|0x00000007fe800000, 0x00000007fe800000, 0x00000007fea00000|  0%| F|  |TAMS 0x00000007fe800000| PB 0x00000007fe800000| Untracked 
|2037|0x00000007fea00000, 0x00000007fec00000, 0x00000007fec00000|100%| O|  |TAMS 0x00000007fea00000| PB 0x00000007fea00000| Untracked 
|2038|0x00000007fec00000, 0x00000007fee00000, 0x00000007fee00000|100%| O|  |TAMS 0x00000007fec00000| PB 0x00000007fec00000| Untracked 
|2039|0x00000007fee00000, 0x00000007ff000000, 0x00000007ff000000|100%| O|  |TAMS 0x00000007fee00000| PB 0x00000007fee00000| Untracked 
|2040|0x00000007ff000000, 0x00000007ff200000, 0x00000007ff200000|100%| O|  |TAMS 0x00000007ff000000| PB 0x00000007ff000000| Untracked 
|2041|0x00000007ff200000, 0x00000007ff400000, 0x00000007ff400000|100%| O|  |TAMS 0x00000007ff200000| PB 0x00000007ff200000| Untracked 
|2042|0x00000007ff400000, 0x00000007ff600000, 0x00000007ff600000|100%| O|  |TAMS 0x00000007ff400000| PB 0x00000007ff400000| Untracked 
|2043|0x00000007ff600000, 0x00000007ff600000, 0x00000007ff800000|  0%| F|  |TAMS 0x00000007ff600000| PB 0x00000007ff600000| Untracked 
|2044|0x00000007ff800000, 0x00000007ffa00000, 0x00000007ffa00000|100%| O|  |TAMS 0x00000007ff800000| PB 0x00000007ff800000| Untracked 
|2045|0x00000007ffa00000, 0x00000007ffc00000, 0x00000007ffc00000|100%| O|  |TAMS 0x00000007ffa00000| PB 0x00000007ffa00000| Untracked 
|2046|0x00000007ffc00000, 0x00000007ffe00000, 0x00000007ffe00000|100%| O|  |TAMS 0x00000007ffc00000| PB 0x00000007ffc00000| Untracked 
|2047|0x00000007ffe00000, 0x00000007ffe00000, 0x0000000800000000|  0%| F|  |TAMS 0x00000007ffe00000| PB 0x00000007ffe00000| Untracked 

Card table byte_map: [0x00000240aeb90000,0x00000240af390000] _byte_map_base: 0x00000240ab390000

Marking Bits: (CMBitMap*) 0x000002409c2a7130
 Bits: [0x00000240af390000, 0x00000240b3390000)

Polling page: 0x000002409a060000

Metaspace:

Usage:
  Non-class:    105.68 MB used.
      Class:     16.62 MB used.
       Both:    122.30 MB used.

Virtual space:
  Non-class space:      128.00 MB reserved,     106.75 MB ( 83%) committed,  2 nodes.
      Class space:        1.00 GB reserved,      17.69 MB (  2%) committed,  1 nodes.
             Both:        1.12 GB reserved,     124.44 MB ( 11%) committed. 

Chunk freelists:
   Non-Class:  5.22 MB
       Class:  14.14 MB
        Both:  19.36 MB

MaxMetaspaceSize: unlimited
CompressedClassSpaceSize: 1.00 GB
Initial GC threshold: 21.00 MB
Current GC threshold: 202.44 MB
CDS: off
 - commit_granule_bytes: 65536.
 - commit_granule_words: 8192.
 - virtual_space_node_default_size: 8388608.
 - enlarge_chunks_in_place: 1.
 - use_allocation_guard: 0.


Internal statistics:

num_allocs_failed_limit: 12.
num_arena_births: 4272.
num_arena_deaths: 0.
num_vsnodes_births: 3.
num_vsnodes_deaths: 0.
num_space_committed: 1990.
num_space_uncommitted: 0.
num_chunks_returned_to_freelist: 12.
num_chunks_taken_from_freelist: 9555.
num_chunk_merges: 12.
num_chunk_splits: 6275.
num_chunks_enlarged: 4035.
num_inconsistent_stats: 0.

CodeHeap 'non-profiled nmethods': size=120000Kb used=10643Kb max_used=10643Kb free=109356Kb
 bounds [0x00000240a6e60000, 0x00000240a78d0000, 0x00000240ae390000]
CodeHeap 'profiled nmethods': size=120000Kb used=26148Kb max_used=26148Kb free=93851Kb
 bounds [0x000002409f390000, 0x00000240a0d20000, 0x00000240a68c0000]
CodeHeap 'non-nmethods': size=5760Kb used=3220Kb max_used=3306Kb free=2539Kb
 bounds [0x00000240a68c0000, 0x00000240a6c10000, 0x00000240a6e60000]
 total_blobs=14492 nmethods=13464 adapters=932
 compilation: enabled
              stopped_count=0, restarted_count=0
 full_count=0

Compilation events (20 events):
Event: 54.597 Thread 0x00000240b5b6e120 16659       2       jdk.internal.util.ArraysSupport::hashCode (33 bytes)
Event: 54.598 Thread 0x00000240b5b6e120 nmethod 16659 0x00000240a0d16390 code [0x00000240a0d16540, 0x00000240a0d166c0]
Event: 54.630 Thread 0x00000240b5b6e120 16660       3       com.android.tools.r8.graph.J0$b$$Lambda/0x00000008011ca388::a (5 bytes)
Event: 54.631 Thread 0x00000240b5b6e120 nmethod 16660 0x00000240a0d16810 code [0x00000240a0d16b00, 0x00000240a0d17bb0]
Event: 54.631 Thread 0x00000240b5b6e120 16661       3       com.android.tools.r8.internal.dz::a (18 bytes)
Event: 54.632 Thread 0x00000240b5b6e120 nmethod 16661 0x00000240a0d18090 code [0x00000240a0d18240, 0x00000240a0d184f8]
Event: 54.632 Thread 0x00000240b5b6e120 16662       3       com.android.tools.r8.internal.dz::a (21 bytes)
Event: 54.632 Thread 0x00000240b5b6e120 nmethod 16662 0x00000240a0d18610 code [0x00000240a0d187e0, 0x00000240a0d18b90]
Event: 54.650 Thread 0x00000240b5b6e120 16664       2       com.android.tools.r8.graph.O0::a (32 bytes)
Event: 54.650 Thread 0x00000240b5b6e120 nmethod 16664 0x00000240a0d18d10 code [0x00000240a0d18ee0, 0x00000240a0d190d8]
Event: 54.650 Thread 0x00000240b5b6e120 16665       2       com.android.tools.r8.graph.O0$b::b (16 bytes)
Event: 54.650 Thread 0x00000240b5b6e120 nmethod 16665 0x00000240a0d19210 code [0x00000240a0d193c0, 0x00000240a0d19560]
Event: 54.675 Thread 0x00000240b5b6e120 16666   !   2       java.util.Map::forEach (81 bytes)
Event: 54.675 Thread 0x00000240b5b6e120 nmethod 16666 0x00000240a0d19690 code [0x00000240a0d198e0, 0x00000240a0d19db8]
Event: 54.678 Thread 0x00000240b5b6e120 16667       2       com.android.tools.r8.internal.wr::<init> (89 bytes)
Event: 54.679 Thread 0x00000240b5b6e120 nmethod 16667 0x00000240a0d1a090 code [0x00000240a0d1a280, 0x00000240a0d1a830]
Event: 54.712 Thread 0x00000240b5b6e120 16669       3       com.android.tools.r8.internal.jo::hashCode (21 bytes)
Event: 54.712 Thread 0x00000240b5b6e120 nmethod 16669 0x00000240a0d1ab90 code [0x00000240a0d1ad40, 0x00000240a0d1af60]
Event: 54.744 Thread 0x00000240b5b6adb0 nmethod 16648 0x00000240a78bf610 code [0x00000240a78bfa60, 0x00000240a78c3618]
Event: 54.744 Thread 0x00000240b5b6adb0 16663 %     4       com.android.tools.r8.dex.C::a @ 292 (997 bytes)

GC Heap History (20 events):
Event: 45.084 GC heap after
{Heap after GC invocations=52 (full 0):
 garbage-first heap   total 243712K, used 143826K [0x0000000700000000, 0x0000000800000000)
  region size 2048K, 4 young (8192K), 4 survivors (8192K)
 Metaspace       used 117269K, committed 119424K, reserved 1179648K
  class space    used 15778K, committed 16896K, reserved 1048576K
}
Event: 45.196 GC heap before
{Heap before GC invocations=52 (full 0):
 garbage-first heap   total 243712K, used 147922K [0x0000000700000000, 0x0000000800000000)
  region size 2048K, 7 young (14336K), 4 survivors (8192K)
 Metaspace       used 117322K, committed 119552K, reserved 1179648K
  class space    used 15785K, committed 16896K, reserved 1048576K
}
Event: 45.206 GC heap after
{Heap after GC invocations=53 (full 0):
 garbage-first heap   total 243712K, used 144578K [0x0000000700000000, 0x0000000800000000)
  region size 2048K, 3 young (6144K), 3 survivors (6144K)
 Metaspace       used 117322K, committed 119552K, reserved 1179648K
  class space    used 15785K, committed 16896K, reserved 1048576K
}
Event: 46.765 GC heap before
{Heap before GC invocations=54 (full 0):
 garbage-first heap   total 243712K, used 240834K [0x0000000700000000, 0x0000000800000000)
  region size 2048K, 40 young (81920K), 3 survivors (6144K)
 Metaspace       used 120232K, committed 122432K, reserved 1179648K
  class space    used 16176K, committed 17280K, reserved 1048576K
}
Event: 46.785 GC heap after
{Heap after GC invocations=55 (full 0):
 garbage-first heap   total 278528K, used 195341K [0x0000000700000000, 0x0000000800000000)
  region size 2048K, 6 young (12288K), 6 survivors (12288K)
 Metaspace       used 120232K, committed 122432K, reserved 1179648K
  class space    used 16176K, committed 17280K, reserved 1048576K
}
Event: 47.049 GC heap before
{Heap before GC invocations=55 (full 0):
 garbage-first heap   total 278528K, used 275213K [0x0000000700000000, 0x0000000800000000)
  region size 2048K, 31 young (63488K), 6 survivors (12288K)
 Metaspace       used 121863K, committed 124096K, reserved 1179648K
  class space    used 16404K, committed 17536K, reserved 1048576K
}
Event: 47.065 GC heap after
{Heap after GC invocations=56 (full 0):
 garbage-first heap   total 309248K, used 224622K [0x0000000700000000, 0x0000000800000000)
  region size 2048K, 4 young (8192K), 4 survivors (8192K)
 Metaspace       used 121863K, committed 124096K, reserved 1179648K
  class space    used 16404K, committed 17536K, reserved 1048576K
}
Event: 47.068 GC heap before
{Heap before GC invocations=56 (full 0):
 garbage-first heap   total 309248K, used 226670K [0x0000000700000000, 0x0000000800000000)
  region size 2048K, 6 young (12288K), 4 survivors (8192K)
 Metaspace       used 121863K, committed 124096K, reserved 1179648K
  class space    used 16404K, committed 17536K, reserved 1048576K
}
Event: 47.071 GC heap after
{Heap after GC invocations=57 (full 0):
 garbage-first heap   total 372736K, used 226117K [0x0000000700000000, 0x0000000800000000)
  region size 2048K, 2 young (4096K), 2 survivors (4096K)
 Metaspace       used 121863K, committed 124096K, reserved 1179648K
  class space    used 16404K, committed 17536K, reserved 1048576K
}
Event: 47.078 GC heap before
{Heap before GC invocations=57 (full 0):
 garbage-first heap   total 372736K, used 236357K [0x0000000700000000, 0x0000000800000000)
  region size 2048K, 7 young (14336K), 2 survivors (4096K)
 Metaspace       used 121867K, committed 124096K, reserved 1179648K
  class space    used 16404K, committed 17536K, reserved 1048576K
}
Event: 47.081 GC heap after
{Heap after GC invocations=58 (full 0):
 garbage-first heap   total 372736K, used 231591K [0x0000000700000000, 0x0000000800000000)
  region size 2048K, 3 young (6144K), 3 survivors (6144K)
 Metaspace       used 121867K, committed 124096K, reserved 1179648K
  class space    used 16404K, committed 17536K, reserved 1048576K
}
Event: 47.943 GC heap before
{Heap before GC invocations=59 (full 0):
 garbage-first heap   total 430080K, used 327847K [0x0000000700000000, 0x0000000800000000)
  region size 2048K, 39 young (79872K), 3 survivors (6144K)
 Metaspace       used 122195K, committed 124352K, reserved 1179648K
  class space    used 16447K, committed 17536K, reserved 1048576K
}
Event: 47.997 GC heap after
{Heap after GC invocations=60 (full 0):
 garbage-first heap   total 430080K, used 271651K [0x0000000700000000, 0x0000000800000000)
  region size 2048K, 5 young (10240K), 5 survivors (10240K)
 Metaspace       used 122195K, committed 124352K, reserved 1179648K
  class space    used 16447K, committed 17536K, reserved 1048576K
}
Event: 49.713 GC heap before
{Heap before GC invocations=60 (full 0):
 garbage-first heap   total 430080K, used 355619K [0x0000000700000000, 0x0000000800000000)
  region size 2048K, 45 young (92160K), 5 survivors (10240K)
 Metaspace       used 122202K, committed 124416K, reserved 1179648K
  class space    used 16447K, committed 17536K, reserved 1048576K
}
Event: 49.807 GC heap after
{Heap after GC invocations=61 (full 0):
 garbage-first heap   total 430080K, used 305152K [0x0000000700000000, 0x0000000800000000)
  region size 2048K, 6 young (12288K), 6 survivors (12288K)
 Metaspace       used 122202K, committed 124416K, reserved 1179648K
  class space    used 16447K, committed 17536K, reserved 1048576K
}
Event: 50.024 GC heap before
{Heap before GC invocations=61 (full 0):
 garbage-first heap   total 430080K, used 315392K [0x0000000700000000, 0x0000000800000000)
  region size 2048K, 12 young (24576K), 6 survivors (12288K)
 Metaspace       used 122202K, committed 124416K, reserved 1179648K
  class space    used 16447K, committed 17536K, reserved 1048576K
}
Event: 50.059 GC heap after
{Heap after GC invocations=62 (full 0):
 garbage-first heap   total 430080K, used 313344K [0x0000000700000000, 0x0000000800000000)
  region size 2048K, 3 young (6144K), 3 survivors (6144K)
 Metaspace       used 122202K, committed 124416K, reserved 1179648K
  class space    used 16447K, committed 17536K, reserved 1048576K
}
Event: 52.415 GC heap before
{Heap before GC invocations=63 (full 0):
 garbage-first heap   total 536576K, used 382976K [0x0000000700000000, 0x0000000800000000)
  region size 2048K, 32 young (65536K), 3 survivors (6144K)
 Metaspace       used 124874K, committed 127104K, reserved 1179648K
  class space    used 16980K, committed 18112K, reserved 1048576K
}
Event: 52.476 GC heap after
{Heap after GC invocations=64 (full 0):
 garbage-first heap   total 536576K, used 346112K [0x0000000700000000, 0x0000000800000000)
  region size 2048K, 4 young (8192K), 4 survivors (8192K)
 Metaspace       used 124874K, committed 127104K, reserved 1179648K
  class space    used 16980K, committed 18112K, reserved 1048576K
}
Event: 54.771 GC heap before
{Heap before GC invocations=64 (full 0):
 garbage-first heap   total 536576K, used 436224K [0x0000000700000000, 0x0000000800000000)
  region size 2048K, 48 young (98304K), 4 survivors (8192K)
 Metaspace       used 125231K, committed 127424K, reserved 1179648K
  class space    used 17019K, committed 18112K, reserved 1048576K
}

Dll operation events (3 events):
Event: 0.119 Loaded shared library E:\Softwares\Android Studio\jbr\bin\java.dll
Event: 0.124 Loaded shared library E:\Softwares\Android Studio\jbr\bin\zip.dll
Event: 1.153 Loaded shared library E:\Softwares\Android Studio\jbr\bin\verify.dll

Deoptimization events (20 events):
Event: 54.514 Thread 0x00000240bd435c60 DEOPT PACKING pc=0x00000240a0c85d52 sp=0x00000097a9cfe3f0
Event: 54.514 Thread 0x00000240bd435c60 DEOPT UNPACKING pc=0x00000240a69188e2 sp=0x00000097a9cfda20 mode 0
Event: 54.587 Thread 0x00000240bd4355d0 DEOPT PACKING pc=0x00000240a0c85d52 sp=0x00000097a8efe8b0
Event: 54.587 Thread 0x00000240bd4355d0 DEOPT UNPACKING pc=0x00000240a69188e2 sp=0x00000097a8efdee0 mode 0
Event: 54.634 Thread 0x00000240bf8bd510 Uncommon trap: trap_request=0xffffffde fr.pc=0x00000240a7789748 relative=0x00000000000003c8
Event: 54.634 Thread 0x00000240bf8bd510 Uncommon trap: reason=class_check action=maybe_recompile pc=0x00000240a7789748 method=java.io.BufferedReader.readLine(Z[Z)Ljava/lang/String; @ 6 c2
Event: 54.634 Thread 0x00000240bf8bd510 DEOPT PACKING pc=0x00000240a7789748 sp=0x00000097a98fdc20
Event: 54.634 Thread 0x00000240bf8bd510 DEOPT UNPACKING pc=0x00000240a6917da2 sp=0x00000097a98fdbc0 mode 2
Event: 54.650 Thread 0x00000240bf8bd510 Uncommon trap: trap_request=0xffffffde fr.pc=0x00000240a77fdb50 relative=0x0000000000002710
Event: 54.650 Thread 0x00000240bf8bd510 Uncommon trap: reason=class_check action=maybe_recompile pc=0x00000240a77fdb50 method=sun.nio.cs.StreamDecoder.read([CII)I @ 8 c2
Event: 54.650 Thread 0x00000240bf8bd510 DEOPT PACKING pc=0x00000240a77fdb50 sp=0x00000097a98fd9f0
Event: 54.712 Thread 0x00000240bf8bd510 DEOPT UNPACKING pc=0x00000240a6917da2 sp=0x00000097a98fd9e8 mode 2
Event: 54.712 Thread 0x00000240bf8bd510 Uncommon trap: trap_request=0xffffff45 fr.pc=0x00000240a78037e4 relative=0x0000000000001584
Event: 54.712 Thread 0x00000240bf8bd510 Uncommon trap: reason=unstable_if action=reinterpret pc=0x00000240a78037e4 method=sun.nio.cs.StreamDecoder.readBytes()I @ 12 c2
Event: 54.712 Thread 0x00000240bf8bd510 DEOPT PACKING pc=0x00000240a78037e4 sp=0x00000097a98fd930
Event: 54.712 Thread 0x00000240bf8bd510 DEOPT UNPACKING pc=0x00000240a6917da2 sp=0x00000097a98fd818 mode 2
Event: 54.713 Thread 0x00000240bf8bd510 Uncommon trap: trap_request=0xffffff45 fr.pc=0x00000240a77f5570 relative=0x00000000000006d0
Event: 54.713 Thread 0x00000240bf8bd510 Uncommon trap: reason=unstable_if action=reinterpret pc=0x00000240a77f5570 method=sun.nio.ch.IOUtil.readIntoNativeBuffer(Ljava/io/FileDescriptor;Ljava/nio/ByteBuffer;JZZILsun/nio/ch/NativeDispatcher;)I @ 92 c2
Event: 54.713 Thread 0x00000240bf8bd510 DEOPT PACKING pc=0x00000240a77f5570 sp=0x00000097a98fd5b0
Event: 54.713 Thread 0x00000240bf8bd510 DEOPT UNPACKING pc=0x00000240a6917da2 sp=0x00000097a98fd440 mode 2

Classes loaded (20 events):
Event: 51.109 Loading class java/util/concurrent/CountedCompleter
Event: 51.116 Loading class java/util/concurrent/CountedCompleter done
Event: 52.058 Loading class java/nio/ShortBuffer
Event: 52.061 Loading class java/nio/ShortBuffer done
Event: 52.061 Loading class java/nio/HeapShortBuffer
Event: 52.061 Loading class java/nio/HeapShortBuffer done
Event: 52.085 Loading class java/util/AbstractList$RandomAccessSubList
Event: 52.086 Loading class java/util/AbstractList$SubList
Event: 52.087 Loading class java/util/AbstractList$SubList done
Event: 52.087 Loading class java/util/AbstractList$RandomAccessSubList done
Event: 52.088 Loading class java/util/AbstractList$SubList$1
Event: 52.088 Loading class java/util/AbstractList$SubList$1 done
Event: 54.305 Loading class java/nio/file/FileChannelLinesSpliterator
Event: 54.312 Loading class java/nio/file/FileChannelLinesSpliterator done
Event: 54.333 Loading class java/util/stream/Streams$1
Event: 54.336 Loading class java/util/stream/Streams$1 done
Event: 54.423 Loading class java/nio/file/FileChannelLinesSpliterator$1
Event: 54.424 Loading class java/nio/file/FileChannelLinesSpliterator$1 done
Event: 54.424 Loading class java/io/FileReader
Event: 54.425 Loading class java/io/FileReader done

Classes unloaded (0 events):
No events

Classes redefined (0 events):
No events

Internal exceptions (20 events):
Event: 46.433 Thread 0x00000240c57530d0 Exception <a 'sun/nio/fs/WindowsException'{0x0000000709ed8bb0}> (0x0000000709ed8bb0) 
thrown [s\src\hotspot\share\prims\jni.cpp, line 535]
Event: 46.436 Thread 0x00000240bf8bd510 Exception <a 'java/lang/NoSuchMethodError'{0x0000000709efa000}: 'void java.lang.invoke.DirectMethodHandle$Holder.invokeStatic(java.lang.Object, long)'> (0x0000000709efa000) 
thrown [s\src\hotspot\share\interpreter\linkResolver.cpp, line 784]
Event: 46.442 Thread 0x00000240bf8bd510 Exception <a 'java/lang/NoSuchMethodError'{0x0000000709f04278}: 'java.lang.Object java.lang.invoke.DirectMethodHandle$Holder.invokeStaticInit(java.lang.Object, long, java.lang.Object)'> (0x0000000709f04278) 
thrown [s\src\hotspot\share\interpreter\linkResolver.cpp, line 784]
Event: 46.531 Thread 0x00000240c5751000 Exception <a 'sun/nio/fs/WindowsException'{0x0000000709c26260}> (0x0000000709c26260) 
thrown [s\src\hotspot\share\prims\jni.cpp, line 535]
Event: 46.532 Thread 0x00000240c5751000 Exception <a 'sun/nio/fs/WindowsException'{0x0000000709c27148}> (0x0000000709c27148) 
thrown [s\src\hotspot\share\prims\jni.cpp, line 535]
Event: 46.532 Thread 0x00000240c5751000 Exception <a 'sun/nio/fs/WindowsException'{0x0000000709c272d0}> (0x0000000709c272d0) 
thrown [s\src\hotspot\share\prims\jni.cpp, line 535]
Event: 46.555 Thread 0x00000240c5751000 Exception <a 'java/lang/NoSuchMethodError'{0x0000000709c88940}: 'int java.lang.invoke.Invokers$Holder.invokeExact_MT(java.lang.Object, java.lang.Object, java.lang.Object)'> (0x0000000709c88940) 
thrown [s\src\hotspot\share\interpreter\linkResolver.cpp, line 784]
Event: 46.570 Thread 0x00000240c5751000 Exception <a 'sun/nio/fs/WindowsException'{0x0000000709a1b448}> (0x0000000709a1b448) 
thrown [s\src\hotspot\share\prims\jni.cpp, line 535]
Event: 47.018 Thread 0x00000240c54741d0 Exception <a 'java/lang/NoSuchMethodError'{0x000000070db2c9c0}: 'java.lang.Object java.lang.invoke.DirectMethodHandle$Holder.invokeStaticInit(java.lang.Object, java.lang.Object, java.lang.Object, java.lang.Object, java.lang.Object, java.lang.Object, java.lang.Object, java.lang.Object, java.lang.Object, java.lang.Object, java.lang.Object, java.lang.Object, java.lang.Object, java.lang.Object, java.lang.Object, java.lang.Object, java.lang.Object, java.lang.Object, java.lang.Object, java.lang.Object, int, java
Event: 51.132 Thread 0x00000240bd4355d0 Implicit null exception at 0x00000240a7620a17 to 0x00000240a7622030
Event: 51.132 Thread 0x00000240bd4362f0 Implicit null exception at 0x00000240a7620a17 to 0x00000240a7622030
Event: 51.132 Thread 0x00000240bd4355d0 Implicit null exception at 0x00000240a7393e8b to 0x00000240a73947e8
Event: 51.133 Thread 0x00000240bd4362f0 Exception <a 'java/lang/IncompatibleClassChangeError'{0x000000071c706f20}: Found class java.lang.Object, but interface was expected> (0x000000071c706f20) 
thrown [s\src\hotspot\share\interpreter\linkResolver.cpp, line 851]
Event: 51.393 Thread 0x00000240bd435c60 Implicit null exception at 0x00000240a763962f to 0x00000240a7639fc0
Event: 51.395 Thread 0x00000240bd437010 Implicit null exception at 0x00000240a71f490b to 0x00000240a71f49e0
Event: 51.480 Thread 0x00000240bd435c60 Exception <a 'java/lang/IncompatibleClassChangeError'{0x000000071c5f1d78}: Found class java.lang.Object, but interface was expected> (0x000000071c5f1d78) 
thrown [s\src\hotspot\share\interpreter\linkResolver.cpp, line 851]
Event: 51.487 Thread 0x00000240bd435c60 Exception <a 'java/lang/IncompatibleClassChangeError'{0x000000071c5f5648}: Found class java.lang.Object, but interface was expected> (0x000000071c5f5648) 
thrown [s\src\hotspot\share\interpreter\linkResolver.cpp, line 851]
Event: 51.498 Thread 0x00000240bd435c60 Exception <a 'java/lang/NoSuchMethodError'{0x000000071c23e080}: 'long java.lang.invoke.DirectMethodHandle$Holder.invokeStatic(java.lang.Object, java.lang.Object, java.lang.Object)'> (0x000000071c23e080) 
thrown [s\src\hotspot\share\interpreter\linkResolver.cpp, line 784]
Event: 51.509 Thread 0x00000240bd4362f0 Exception <a 'java/lang/NoSuchMethodError'{0x000000071c232110}: 'long java.lang.invoke.DirectMethodHandle$Holder.invokeStatic(java.lang.Object, java.lang.Object, java.lang.Object)'> (0x000000071c232110) 
thrown [s\src\hotspot\share\interpreter\linkResolver.cpp, line 784]
Event: 53.980 Thread 0x00000240c5756550 Implicit null exception at 0x00000240a7158287 to 0x00000240a7158364

ZGC Phase Switch (0 events):
No events

VM Operations (20 events):
Event: 50.573 Executing VM operation: G1PauseRemark done
Event: 50.785 Executing VM operation: G1PauseCleanup
Event: 50.786 Executing VM operation: G1PauseCleanup done
Event: 51.790 Executing VM operation: Cleanup
Event: 51.793 Executing VM operation: Cleanup done
Event: 52.165 Executing VM operation: HandshakeAllThreads (Deoptimize)
Event: 52.168 Executing VM operation: HandshakeAllThreads (Deoptimize) done
Event: 52.351 Executing VM operation: HandshakeAllThreads (Deoptimize)
Event: 52.415 Executing VM operation: HandshakeAllThreads (Deoptimize) done
Event: 52.415 Executing VM operation: G1CollectForAllocation (G1 Evacuation Pause)
Event: 52.476 Executing VM operation: G1CollectForAllocation (G1 Evacuation Pause) done
Event: 52.565 Executing VM operation: HandshakeAllThreads (Deoptimize)
Event: 52.575 Executing VM operation: HandshakeAllThreads (Deoptimize) done
Event: 53.579 Executing VM operation: Cleanup
Event: 53.595 Executing VM operation: Cleanup done
Event: 54.455 Executing VM operation: HandshakeAllThreads (Deoptimize)
Event: 54.602 Executing VM operation: HandshakeAllThreads (Deoptimize) done
Event: 54.602 Executing VM operation: Cleanup
Event: 54.633 Executing VM operation: Cleanup done
Event: 54.760 Executing VM operation: G1CollectForAllocation (G1 Evacuation Pause)

Memory protections (0 events):
No events

Nmethod flushes (20 events):
Event: 50.571 Thread 0x00000240b58a7bc0 flushing  nmethod 0x00000240a6f0b590
Event: 50.571 Thread 0x00000240b58a7bc0 flushing  nmethod 0x00000240a6f0d410
Event: 50.571 Thread 0x00000240b58a7bc0 flushing  nmethod 0x00000240a6fea010
Event: 50.571 Thread 0x00000240b58a7bc0 flushing  nmethod 0x00000240a7005e10
Event: 50.571 Thread 0x00000240b58a7bc0 flushing  nmethod 0x00000240a701a310
Event: 50.571 Thread 0x00000240b58a7bc0 flushing  nmethod 0x00000240a701ae90
Event: 50.571 Thread 0x00000240b58a7bc0 flushing  nmethod 0x00000240a7059210
Event: 50.571 Thread 0x00000240b58a7bc0 flushing  nmethod 0x00000240a7114a10
Event: 50.571 Thread 0x00000240b58a7bc0 flushing  nmethod 0x00000240a75b7890
Event: 50.571 Thread 0x00000240b58a7bc0 flushing  nmethod 0x00000240a763c190
Event: 50.571 Thread 0x00000240b58a7bc0 flushing  nmethod 0x000002409f7cd610
Event: 50.571 Thread 0x00000240b58a7bc0 flushing  nmethod 0x000002409f806390
Event: 50.571 Thread 0x00000240b58a7bc0 flushing  nmethod 0x000002409fc43690
Event: 50.571 Thread 0x00000240b58a7bc0 flushing  nmethod 0x000002409fd4f590
Event: 50.571 Thread 0x00000240b58a7bc0 flushing  nmethod 0x000002409fee4310
Event: 50.571 Thread 0x00000240b58a7bc0 flushing  nmethod 0x00000240a00b2510
Event: 50.571 Thread 0x00000240b58a7bc0 flushing  nmethod 0x00000240a048a190
Event: 50.571 Thread 0x00000240b58a7bc0 flushing  nmethod 0x00000240a0736910
Event: 50.571 Thread 0x00000240b58a7bc0 flushing  nmethod 0x00000240a08b5310
Event: 50.571 Thread 0x00000240b58a7bc0 flushing  nmethod 0x00000240a0a3ec90

Events (20 events):
Event: 39.796 Thread 0x00000240b5b6e120 Thread added: 0x00000240c4d4e2f0
Event: 39.976 Thread 0x00000240c57530d0 Thread added: 0x00000240bf8bd510
Event: 41.044 Thread 0x00000240c4d4e2f0 Thread exited: 0x00000240c4d4e2f0
Event: 42.101 Thread 0x00000240bd46ce60 Thread exited: 0x00000240bd46ce60
Event: 42.316 Thread 0x00000240b5b6e120 Thread added: 0x00000240c4d4ce80
Event: 43.089 Thread 0x00000240c4d4ce80 Thread exited: 0x00000240c4d4ce80
Event: 44.498 Thread 0x00000240b5b6e120 Thread added: 0x00000240c4d4e2f0
Event: 44.736 Thread 0x00000240bf8bd510 Thread added: 0x00000240c54741d0
Event: 45.100 Thread 0x00000240bd46d4f0 Thread added: 0x00000240c54734b0
Event: 45.253 Thread 0x00000240c4d4e2f0 Thread exited: 0x00000240c4d4e2f0
Event: 46.373 Thread 0x00000240bf8bd510 Thread added: 0x00000240bd46ce60
Event: 46.509 Thread 0x00000240bf8bd510 Thread added: 0x00000240c5756550
Event: 46.509 Thread 0x00000240bf8bd510 Thread added: 0x00000240bd46e210
Event: 47.197 Thread 0x00000240bd46b420 Thread exited: 0x00000240bd46b420
Event: 47.205 Thread 0x00000240c54734b0 Thread exited: 0x00000240c54734b0
Event: 51.107 Thread 0x00000240c54741d0 Thread added: 0x00000240bd4355d0
Event: 51.108 Thread 0x00000240c54741d0 Thread added: 0x00000240bd4362f0
Event: 51.108 Thread 0x00000240c54741d0 Thread added: 0x00000240bd435c60
Event: 51.122 Thread 0x00000240bd435c60 Thread added: 0x00000240bd437010
Event: 52.247 Thread 0x00000240b5b6e120 Thread added: 0x00000240c4d4e2f0


Dynamic libraries:
0x00007ff793bf0000 - 0x00007ff793bfa000 	E:\Softwares\Android Studio\jbr\bin\java.exe
0x00007ffdc3160000 - 0x00007ffdc33c7000 	C:\WINDOWS\SYSTEM32\ntdll.dll
0x00007ffdc1f30000 - 0x00007ffdc1ff9000 	C:\WINDOWS\System32\KERNEL32.DLL
0x00007ffdc0820000 - 0x00007ffdc0c14000 	C:\WINDOWS\System32\KERNELBASE.dll
0x00007ffdc0c20000 - 0x00007ffdc0d6b000 	C:\WINDOWS\System32\ucrtbase.dll
0x00007ffdb11c0000 - 0x00007ffdb11db000 	E:\Softwares\Android Studio\jbr\bin\VCRUNTIME140.dll
0x00007ffdbcc70000 - 0x00007ffdbcc88000 	E:\Softwares\Android Studio\jbr\bin\jli.dll
0x00007ffdc2b70000 - 0x00007ffdc2d35000 	C:\WINDOWS\System32\USER32.dll
0x00007ffdc0680000 - 0x00007ffdc06a7000 	C:\WINDOWS\System32\win32u.dll
0x00007ffdc2000000 - 0x00007ffdc202b000 	C:\WINDOWS\System32\GDI32.dll
0x00007ffda4c30000 - 0x00007ffda4ec3000 	C:\WINDOWS\WinSxS\amd64_microsoft.windows.common-controls_6595b64144ccf1df_6.0.26100.8115_none_3e075c82e3354f9c\COMCTL32.dll
0x00007ffdc03f0000 - 0x00007ffdc051b000 	C:\WINDOWS\System32\gdi32full.dll
0x00007ffdc1a60000 - 0x00007ffdc1b09000 	C:\WINDOWS\System32\msvcrt.dll
0x00007ffdc05d0000 - 0x00007ffdc0673000 	C:\WINDOWS\System32\msvcp_win.dll
0x00007ffdc18d0000 - 0x00007ffdc1902000 	C:\WINDOWS\System32\IMM32.DLL
0x00007ffdba9c0000 - 0x00007ffdba9cc000 	E:\Softwares\Android Studio\jbr\bin\vcruntime140_1.dll
0x00007ffd976d0000 - 0x00007ffd9775d000 	E:\Softwares\Android Studio\jbr\bin\msvcp140.dll
0x00007ffd609a0000 - 0x00007ffd6162a000 	E:\Softwares\Android Studio\jbr\bin\server\jvm.dll
0x00007ffdc0ef0000 - 0x00007ffdc0fa6000 	C:\WINDOWS\System32\ADVAPI32.dll
0x00007ffdc2ec0000 - 0x00007ffdc2f67000 	C:\WINDOWS\System32\sechost.dll
0x00007ffdc2190000 - 0x00007ffdc22a8000 	C:\WINDOWS\System32\RPCRT4.dll
0x00007ffdc0fb0000 - 0x00007ffdc1030000 	C:\WINDOWS\System32\WS2_32.dll
0x00007ffda9580000 - 0x00007ffda958b000 	C:\WINDOWS\SYSTEM32\VERSION.dll
0x00007ffdb78d0000 - 0x00007ffdb7906000 	C:\WINDOWS\SYSTEM32\WINMM.dll
0x00007ffdbf8b0000 - 0x00007ffdbf90e000 	C:\WINDOWS\SYSTEM32\POWRPROF.dll
0x00007ffdbf890000 - 0x00007ffdbf8a4000 	C:\WINDOWS\SYSTEM32\UMPDC.dll
0x00007ffdbe7a0000 - 0x00007ffdbe7bb000 	C:\WINDOWS\SYSTEM32\kernel.appcore.dll
0x00007ffdb1330000 - 0x00007ffdb133a000 	E:\Softwares\Android Studio\jbr\bin\jimage.dll
0x00007ffdbd8b0000 - 0x00007ffdbdaf2000 	C:\WINDOWS\SYSTEM32\DBGHELP.DLL
0x00007ffdc1ba0000 - 0x00007ffdc1f22000 	C:\WINDOWS\System32\combase.dll
0x00007ffdc1220000 - 0x00007ffdc12f8000 	C:\WINDOWS\System32\OLEAUT32.dll
0x00007ffd9aec0000 - 0x00007ffd9aefb000 	C:\WINDOWS\SYSTEM32\dbgcore.DLL
0x00007ffdc0520000 - 0x00007ffdc05c5000 	C:\WINDOWS\System32\bcryptPrimitives.dll
0x00007ffdbccd0000 - 0x00007ffdbccde000 	E:\Softwares\Android Studio\jbr\bin\instrument.dll
0x00007ffdb1140000 - 0x00007ffdb1160000 	E:\Softwares\Android Studio\jbr\bin\java.dll
0x00007ffdb0f50000 - 0x00007ffdb0f68000 	E:\Softwares\Android Studio\jbr\bin\zip.dll
0x00007ffdc2400000 - 0x00007ffdc2b67000 	C:\WINDOWS\System32\SHELL32.dll
0x00007ffdc06b0000 - 0x00007ffdc081a000 	C:\WINDOWS\System32\wintypes.dll
0x00007ffdbfaf0000 - 0x00007ffdc0358000 	C:\WINDOWS\System32\windows.storage.dll
0x00007ffdc1960000 - 0x00007ffdc1a58000 	C:\WINDOWS\System32\SHCORE.dll
0x00007ffdc2390000 - 0x00007ffdc23f6000 	C:\WINDOWS\System32\shlwapi.dll
0x00007ffdbf950000 - 0x00007ffdbf979000 	C:\WINDOWS\SYSTEM32\profapi.dll
0x00007ffdb1220000 - 0x00007ffdb1230000 	E:\Softwares\Android Studio\jbr\bin\net.dll
0x00007ffdb2d40000 - 0x00007ffdb2e6d000 	C:\WINDOWS\SYSTEM32\WINHTTP.dll
0x00007ffdbed30000 - 0x00007ffdbed9c000 	C:\WINDOWS\system32\mswsock.dll
0x00007ffdb0b80000 - 0x00007ffdb0b96000 	E:\Softwares\Android Studio\jbr\bin\nio.dll
0x00007ffdb11b0000 - 0x00007ffdb11c0000 	E:\Softwares\Android Studio\jbr\bin\verify.dll
0x00007ffdb10b0000 - 0x00007ffdb10d7000 	C:\Users\chouh\.gradle\native\c067742578af261105cb4f569cf0c3c89f3d7b1fecec35dd04571415982c5e48\windows-amd64\native-platform.dll
0x00007ffd74300000 - 0x00007ffd74444000 	C:\Users\chouh\.gradle\native\100fb08df4bc3b14c8652ba06237920a3bd2aa13389f12d3474272988ae205f9\windows-amd64\native-platform-file-events.dll
0x00007ffdb0d80000 - 0x00007ffdb0d89000 	E:\Softwares\Android Studio\jbr\bin\management.dll
0x00007ffdb0c60000 - 0x00007ffdb0c6b000 	E:\Softwares\Android Studio\jbr\bin\management_ext.dll
0x00007ffdc1330000 - 0x00007ffdc1338000 	C:\WINDOWS\System32\PSAPI.DLL
0x00007ffdbf010000 - 0x00007ffdbf02b000 	C:\WINDOWS\SYSTEM32\CRYPTSP.dll
0x00007ffdbe700000 - 0x00007ffdbe739000 	C:\WINDOWS\system32\rsaenh.dll
0x00007ffdbede0000 - 0x00007ffdbee13000 	C:\WINDOWS\SYSTEM32\USERENV.dll
0x00007ffdbf920000 - 0x00007ffdbf94a000 	C:\WINDOWS\SYSTEM32\bcrypt.dll
0x00007ffdbf030000 - 0x00007ffdbf03c000 	C:\WINDOWS\SYSTEM32\CRYPTBASE.dll
0x00007ffdbe170000 - 0x00007ffdbe1a2000 	C:\WINDOWS\SYSTEM32\IPHLPAPI.DLL
0x00007ffdc1340000 - 0x00007ffdc134a000 	C:\WINDOWS\System32\NSI.dll
0x00007ffdb0f00000 - 0x00007ffdb0f09000 	E:\Softwares\Android Studio\jbr\bin\extnet.dll
0x00007ffd56540000 - 0x00007ffd56548000 	C:\WINDOWS\system32\wshunix.dll
0x00007ffd5d120000 - 0x00007ffd5d138000 	C:\WINDOWS\system32\napinsp.dll
0x00007ffdbe200000 - 0x00007ffdbe332000 	C:\WINDOWS\SYSTEM32\DNSAPI.dll
0x00007ffd5d100000 - 0x00007ffd5d113000 	C:\WINDOWS\System32\winrnr.dll
0x00007ffd5d0d0000 - 0x00007ffd5d0f2000 	C:\WINDOWS\system32\nlansp_c.dll
0x00007ffdaf280000 - 0x00007ffdaf296000 	C:\WINDOWS\system32\wshbth.dll
0x00007ffdb2450000 - 0x00007ffdb245b000 	C:\Windows\System32\rasadhlp.dll
0x00007ffdb3340000 - 0x00007ffdb33c6000 	C:\WINDOWS\System32\fwpuclnt.dll
0x00007ffdbe8e0000 - 0x00007ffdbe916000 	C:\WINDOWS\SYSTEM32\ntmarta.dll

dbghelp: loaded successfully - version: 4.0.5 - missing functions: none
symbol engine: initialized successfully - sym options: 0x614 - pdb path: .;E:\Softwares\Android Studio\jbr\bin;C:\WINDOWS\SYSTEM32;C:\WINDOWS\WinSxS\amd64_microsoft.windows.common-controls_6595b64144ccf1df_6.0.26100.8115_none_3e075c82e3354f9c;E:\Softwares\Android Studio\jbr\bin\server;C:\Users\chouh\.gradle\native\c067742578af261105cb4f569cf0c3c89f3d7b1fecec35dd04571415982c5e48\windows-amd64;C:\Users\chouh\.gradle\native\100fb08df4bc3b14c8652ba06237920a3bd2aa13389f12d3474272988ae205f9\windows-amd64

VM Arguments:
jvm_args: --add-opens=java.base/java.lang=ALL-UNNAMED --add-opens=java.base/java.lang.invoke=ALL-UNNAMED --add-opens=java.base/java.util=ALL-UNNAMED --add-opens=java.prefs/java.util.prefs=ALL-UNNAMED --add-exports=jdk.compiler/com.sun.tools.javac.api=ALL-UNNAMED --add-exports=jdk.compiler/com.sun.tools.javac.util=ALL-UNNAMED --add-opens=java.base/java.util=ALL-UNNAMED --add-opens=java.prefs/java.util.prefs=ALL-UNNAMED --add-opens=java.base/java.nio.charset=ALL-UNNAMED --add-opens=java.base/java.net=ALL-UNNAMED --add-opens=java.base/java.util.concurrent.atomic=ALL-UNNAMED --add-opens=java.xml/javax.xml.namespace=ALL-UNNAMED -Xmx4096m -Dfile.encoding=UTF-8 -Duser.country=US -Duser.language=en -Duser.variant -javaagent:C:\Users\chouh\.gradle\wrapper\dists\gradle-8.11.1-bin\bpt9gzteqjrbo1mjrsomdt32c\gradle-8.11.1\lib\agents\gradle-instrumentation-agent-8.11.1.jar 
java_command: org.gradle.launcher.daemon.bootstrap.GradleDaemon 8.11.1
java_class_path (initial): C:\Users\chouh\.gradle\wrapper\dists\gradle-8.11.1-bin\bpt9gzteqjrbo1mjrsomdt32c\gradle-8.11.1\lib\gradle-daemon-main-8.11.1.jar
Launcher Type: SUN_STANDARD

[Global flags]
     intx CICompilerCount                          = 3                                         {product} {ergonomic}
     uint ConcGCThreads                            = 1                                         {product} {ergonomic}
     uint G1ConcRefinementThreads                  = 4                                         {product} {ergonomic}
   size_t G1HeapRegionSize                         = 2097152                                   {product} {ergonomic}
    uintx GCDrainStackTargetSize                   = 64                                        {product} {ergonomic}
   size_t InitialHeapSize                          = 132120576                                 {product} {ergonomic}
   size_t MarkStackSize                            = 4194304                                   {product} {ergonomic}
   size_t MaxHeapSize                              = 4294967296                                {product} {command line}
   size_t MaxNewSize                               = 2575302656                                {product} {ergonomic}
   size_t MinHeapDeltaBytes                        = 2097152                                   {product} {ergonomic}
   size_t MinHeapSize                              = 8388608                                   {product} {ergonomic}
    uintx NonNMethodCodeHeapSize                   = 5832780                                {pd product} {ergonomic}
    uintx NonProfiledCodeHeapSize                  = 122912730                              {pd product} {ergonomic}
    uintx ProfiledCodeHeapSize                     = 122912730                              {pd product} {ergonomic}
    uintx ReservedCodeCacheSize                    = 251658240                              {pd product} {ergonomic}
     bool SegmentedCodeCache                       = true                                      {product} {ergonomic}
   size_t SoftMaxHeapSize                          = 4294967296                             {manageable} {ergonomic}
     bool UseCompressedOops                        = true                           {product lp64_product} {ergonomic}
     bool UseG1GC                                  = true                                      {product} {ergonomic}
     bool UseLargePagesIndividualAllocation        = false                                  {pd product} {ergonomic}

Logging:
Log output configuration:
 #0: stdout all=warning uptime,level,tags foldmultilines=false
 #1: stderr all=off uptime,level,tags foldmultilines=false

Environment Variables:
JAVA_HOME=C:\Program Files\Amazon Corretto\jdk17.0.18_9
PATH=C:\Program Files\Amazon Corretto\jdk17.0.18_9;C:\Program Files\Common Files\Oracle\Java\javapath;C:\WINDOWS\system32;C:\WINDOWS;C:\WINDOWS\System32\Wbem;C:\WINDOWS\System32\WindowsPowerShell\v1.0\;C:\WINDOWS\System32\OpenSSH\;E:\Softwares\cursor;C:\Program Files\Java\jdk-17\bin;e:\Softwares\cursor\resources\app\bin;C:\WINDOWS\system32;C:\WINDOWS;C:\WINDOWS\System32\Wbem;C:\WINDOWS\System32\WindowsPowerShell\v1.0\;C:\WINDOWS\System32\OpenSSH\;C:\Users\chouh\Downloads\redis;C:\Program Files\apache-maven-3.9.12\bin;C:\Program Files\Kubernetes\Minikube;C:\Program Files\Amazon\AWSCLIV2\;%NVM_HOME%;%NVM_SYMLINK%;C:\Program Files\Git\cmd;C:\Program Files\Docker\Docker\resources\bin;C:\Program Files\Amazon Corretto\jdk17.0.18_9;C:\Program Files\Common Files\Oracle\Java\javapath;C:\WINDOWS\system32;C:\WINDOWS;C:\WINDOWS\System32\Wbem;C:\WINDOWS\System32\WindowsPowerShell\v1.0\;C:\WINDOWS\System32\OpenSSH\;E:\Softwares\cursor;C:\Program Files\Java\jdk-17\bin;e:\Softwares\cursor\resources\app\bin;C:\WINDOWS\system32;C:\WINDOWS;C:\WINDOWS\System32\Wbem;C:\WINDOWS\System32\WindowsPowerShell\v1.0\;C:\WINDOWS\System32\OpenSSH\;C:\Users\chouh\Downloads\redis;C:\Program Files\apache-maven-3.9.12\bin;C:\Program Files\Kubernetes\Minikube;C:\Program Files\Amazon\AWSCLIV2\;C:\Users\chouh\AppData\Local\nvm;C:\nvm4w\nodejs;C:\Program Files\Git\cmd;C:\Users\chouh\AppData\Local\Programs\node20;C:\Users\chouh\AppData\Local\Programs\Python\Launcher\;C:\Users\chouh\AppData\Local\Microsoft\WindowsApps;C:\Users\chouh\AppData\Roaming\npm;C:\Users\chouh\AppData\Local\Programs\Microsoft VS Code\bin;E:\Softwares\Eclipse\IntelliJ IDEA 2025.2.1\bin;E:\Softwares\Antigravity\bin;E:\Softwares\cursor\resources\app\bin;C:\Users\chouh\Downloads\gradle-9.3.1-bin\gradle-9.3.1\bin;C:\Program Files\apache-maven-3.9.12;C:\Users\chouh\.local\bin;C:\Users\chouh\AppData\Local\Python\bin;C:\Users\chouh\.local\bin
USERNAME=chouh
OS=Windows_NT
PROCESSOR_IDENTIFIER=Intel64 Family 6 Model 140 Stepping 1, GenuineIntel
TMP=C:\Users\chouh\AppData\Local\Temp
TEMP=C:\Users\chouh\AppData\Local\Temp




Periodic native trim disabled

JNI global refs:
JNI global refs: 28, weak refs: 12

JNI global refs memory usage: 835, weak refs: 833

Process memory usage:
Resident Set Size: 663952K (8% of 8183096K total physical memory with 404176K free physical memory)

OOME stack traces (most recent first):
Classloader memory used:
Loader org.gradle.internal.classloader.VisitableURLClassLoader                         : 41411K
Loader org.gradle.internal.classloader.VisitableURLClassLoader$InstrumentingVisitableURLClassLoader: 40717K
Loader bootstrap                                                                       : 30277K
Loader org.gradle.initialization.MixInLegacyTypesClassLoader                           : 11382K
Loader jdk.internal.loader.ClassLoaders$PlatformClassLoader                            : 516K
Loader jdk.internal.reflect.DelegatingClassLoader                                      : 451K
Loader jdk.internal.loader.ClassLoaders$AppClassLoader                                 : 234K
Loader org.gradle.groovy.scripts.internal.DefaultScriptCompilationHandler$ScriptClassLoader: 217K
Loader org.codehaus.groovy.runtime.callsite.CallSiteClassLoader                        : 20256B
Loader sun.reflect.misc.MethodUtil                                                     : 2952B

Classes loaded by more than one classloader:
Class com.google.common.io.LineReader                                                 : loaded 2 times (x 68B)
Class com.google.common.base.PairwiseEquivalence                                      : loaded 2 times (x 79B)
Class com.google.common.base.Equivalence$Identity                                     : loaded 2 times (x 78B)
Class com.google.common.collect.RegularImmutableMap$KeySet                            : loaded 2 times (x 146B)
Class org.gradle.internal.classloader.FilteringClassLoader                            : loaded 2 times (x 101B)
Class [Lcom.google.common.collect.MapMakerInternalMap$Segment;                        : loaded 2 times (x 65B)
Class com.google.common.io.FileWriteMode                                              : loaded 2 times (x 75B)
Class [Lcom.google.common.base.AbstractIterator$State;                                : loaded 2 times (x 65B)
Class com.google.common.base.CharMatcher$IsEither                                     : loaded 2 times (x 107B)
Class org.gradle.internal.classloader.ClassLoaderHierarchy                            : loaded 2 times (x 66B)
Class com.google.common.collect.AbstractMapBasedMultimap$WrappedCollection            : loaded 2 times (x 120B)
Class com.google.common.collect.ImmutableEnumSet                                      : loaded 2 times (x 142B)
Class com.google.common.util.concurrent.ExecutionError                                : loaded 2 times (x 78B)
Class com.google.common.collect.ImmutableList$1                                       : loaded 2 times (x 93B)
Class org.gradle.api.internal.classpath.ManifestUtil                                  : loaded 2 times (x 67B)
Class com.google.common.collect.RegularImmutableMap                                   : loaded 2 times (x 117B)
Class com.google.common.collect.ImmutableMap$MapViewOfValuesAsSingletonSets           : loaded 2 times (x 121B)
Class com.google.common.reflect.TypeCapture                                           : loaded 2 times (x 67B)
Class [Lorg.objectweb.asm.Symbol;                                                     : loaded 2 times (x 65B)
Class org.objectweb.asm.ClassVisitor                                                  : loaded 2 times (x 84B)
Class com.google.common.collect.UnmodifiableListIterator                              : loaded 2 times (x 91B)
Class com.google.common.collect.MapMakerInternalMap$StrongKeyDummyValueEntry$LinkedStrongKeyDummyValueEntry: loaded 2 times (x 78B)
Class com.google.common.collect.MapMakerInternalMap$Strength                          : loaded 2 times (x 76B)
Class org.objectweb.asm.MethodTooLargeException                                       : loaded 2 times (x 79B)
Class [Lcom.google.common.cache.CacheBuilder$OneWeigher;                              : loaded 2 times (x 65B)
Class com.google.common.base.Suppliers                                                : loaded 2 times (x 67B)
Class com.google.common.base.Platform$JdkPatternCompiler                              : loaded 2 times (x 71B)
Class org.gradle.internal.classloader.DefaultClassLoaderFactory                       : loaded 2 times (x 78B)
Class [Lcom.google.common.collect.AbstractIterator$State;                             : loaded 2 times (x 65B)
Class org.apache.commons.io.file.PathUtils                                            : loaded 2 times (x 67B)
Class com.google.common.base.CharMatcher$None                                         : loaded 2 times (x 108B)
Class org.gradle.internal.classloader.ClassLoaderVisitor                              : loaded 2 times (x 72B)
Class [Lcom.google.common.collect.ImmutableMapEntry;                                  : loaded 2 times (x 65B)
Class org.gradle.api.internal.classpath.EffectiveClassPath                            : loaded 2 times (x 86B)
Class com.google.common.collect.AbstractIterator$1                                    : loaded 2 times (x 67B)
Class [Lorg.apache.commons.io.StandardLineSeparator;                                  : loaded 2 times (x 65B)
Class org.apache.commons.io.output.StringBuilderWriter                                : loaded 2 times (x 96B)
Class com.google.common.collect.ImmutableRangeSet                                     : loaded 2 times (x 111B)
Class com.google.common.collect.ImmutableEnumMap                                      : loaded 2 times (x 121B)
Class com.google.common.collect.ListMultimap                                          : loaded 2 times (x 66B)
Class com.google.common.collect.Sets$1                                                : loaded 2 times (x 135B)
Class org.objectweb.asm.AnnotationVisitor                                             : loaded 2 times (x 74B)
Class com.google.common.base.Splitter                                                 : loaded 2 times (x 68B)
Class org.gradle.api.internal.DefaultClassPathProvider                                : loaded 2 times (x 72B)
Class com.google.common.collect.MapMakerInternalMap$Strength$1                        : loaded 2 times (x 76B)
Class com.google.common.collect.Maps$ViewCachingAbstractMap                           : loaded 2 times (x 121B)
Class com.google.common.collect.Sets$2                                                : loaded 2 times (x 135B)
Class [Lorg.gradle.api.internal.ClassPathProvider;                                    : loaded 2 times (x 65B)
Class org.gradle.api.internal.ClassPathProvider                                       : loaded 2 times (x 66B)
Class com.google.common.collect.MapMakerInternalMap$Strength$2                        : loaded 2 times (x 76B)
Class com.google.common.reflect.Types$ClassOwnership$1                                : loaded 2 times (x 76B)
Class [Lorg.objectweb.asm.AnnotationVisitor;                                          : loaded 2 times (x 65B)
Class com.google.common.collect.Sets$3                                                : loaded 2 times (x 135B)
Class com.google.common.util.concurrent.AbstractFuture$SafeAtomicHelper               : loaded 2 times (x 75B)
Class com.google.common.cache.LocalCache$LocalLoadingCache                            : loaded 2 times (x 130B)
Class com.google.common.base.AbstractIterator$State                                   : loaded 2 times (x 75B)
Class org.gradle.internal.service.UnknownServiceException                             : loaded 2 times (x 79B)
Class com.google.common.collect.MapMakerInternalMap$StrongValueEntry                  : loaded 2 times (x 66B)
Class com.google.common.reflect.Types$ClassOwnership$2                                : loaded 2 times (x 76B)
Class com.google.common.reflect.TypeResolver                                          : loaded 2 times (x 68B)
Class com.google.common.collect.Sets$4                                                : loaded 2 times (x 135B)
Class org.objectweb.asm.ModuleVisitor                                                 : loaded 2 times (x 77B)
Class com.google.common.cache.LocalCache$Strength$1                                   : loaded 2 times (x 77B)
Class com.google.common.reflect.Types$ClassOwnership$3                                : loaded 2 times (x 67B)
Class org.apache.commons.io.output.QueueOutputStream                                  : loaded 2 times (x 83B)
Class com.google.common.util.concurrent.SettableFuture                                : loaded 2 times (x 110B)
Class com.google.common.cache.LocalCache$Strength$2                                   : loaded 2 times (x 77B)
Class com.google.common.collect.Interners$InternerImpl                                : loaded 2 times (x 71B)
Class com.google.common.collect.Interner                                              : loaded 2 times (x 66B)
Class com.google.common.collect.TransformedIterator                                   : loaded 2 times (x 76B)
Class com.google.common.cache.LocalCache$Strength$3                                   : loaded 2 times (x 77B)
Class com.google.common.collect.MapDifference                                         : loaded 2 times (x 66B)
Class com.google.common.base.Splitter$1                                               : loaded 2 times (x 73B)
Class com.google.common.reflect.Invokable                                             : loaded 2 times (x 99B)
Class org.objectweb.asm.FieldWriter                                                   : loaded 2 times (x 74B)
Class com.google.common.cache.CacheBuilder$NullListener                               : loaded 2 times (x 78B)
Class org.gradle.internal.classpath.TransformedClassPath                              : loaded 2 times (x 92B)
Class org.gradle.internal.classloader.InstrumentingClassLoader                        : loaded 2 times (x 66B)
Class com.google.common.reflect.Types$ParameterizedTypeImpl                           : loaded 2 times (x 77B)
Class com.google.common.collect.ImmutableListMultimap                                 : loaded 2 times (x 172B)
Class org.apache.commons.io.output.UnsynchronizedByteArrayOutputStream                : loaded 2 times (x 98B)
Class com.google.common.collect.ImmutableRangeSet$AsSet                               : loaded 2 times (x 295B)
Class com.google.common.cache.CacheLoader$FunctionToCacheLoader                       : loaded 2 times (x 71B)
Class com.google.common.collect.Iterators$ArrayItr                                    : loaded 2 times (x 93B)
Class com.google.common.collect.ImmutableCollection$Builder                           : loaded 2 times (x 72B)
Class com.google.common.reflect.TypeResolver$TypeVariableKey                          : loaded 2 times (x 68B)
Class com.google.common.collect.EmptyImmutableListMultimap                            : loaded 2 times (x 172B)
Class com.google.common.collect.BaseImmutableMultimap                                 : loaded 2 times (x 119B)
Class org.apache.commons.io.output.ByteArrayOutputStream                              : loaded 2 times (x 98B)
Class com.google.common.base.Joiner                                                   : loaded 2 times (x 75B)
Class com.google.common.base.MoreObjects                                              : loaded 2 times (x 67B)
Class [Lorg.objectweb.asm.Type;                                                       : loaded 2 times (x 65B)
Class com.google.common.collect.Platform                                              : loaded 2 times (x 67B)
Class com.google.common.collect.UnmodifiableIterator                                  : loaded 2 times (x 76B)
Class org.gradle.internal.service.ServiceLocator                                      : loaded 2 times (x 66B)
Class org.apache.commons.io.FileExistsException                                       : loaded 2 times (x 78B)
Class com.google.common.base.Ascii                                                    : loaded 2 times (x 67B)
Class com.google.common.collect.SingletonImmutableBiMap                               : loaded 2 times (x 139B)
Class com.google.common.cache.LocalCache$1                                            : loaded 2 times (x 85B)
Class com.google.common.collect.AbstractMapEntry                                      : loaded 2 times (x 77B)
Class com.google.common.collect.MapMakerInternalMap$AbstractStrongKeyEntry            : loaded 2 times (x 76B)
Class com.google.common.reflect.TypeToken$SimpleTypeToken                             : loaded 2 times (x 69B)
Class com.google.common.collect.Sets$ImprovedAbstractSet                              : loaded 2 times (x 131B)
Class com.google.common.collect.ImmutableList$Builder                                 : loaded 2 times (x 73B)
Class com.google.common.cache.LocalCache$2                                            : loaded 2 times (x 138B)
Class com.google.common.collect.AbstractMultimap                                      : loaded 2 times (x 119B)
Class settings_5acsaopw6thz70csdwelkwycw$_run_closure1$_closure2                      : loaded 2 times (x 135B)
Class com.google.common.collect.ImmutableRangeSet$1                                   : loaded 2 times (x 205B)
Class com.google.common.util.concurrent.AbstractFuture$UnsafeAtomicHelper$1           : loaded 2 times (x 72B)
Class com.google.common.collect.RegularImmutableAsList                                : loaded 2 times (x 212B)
Class com.google.common.base.Optional                                                 : loaded 2 times (x 76B)
Class com.google.common.collect.Range                                                 : loaded 2 times (x 83B)
Class com.google.common.util.concurrent.AbstractFuture$Trusted                        : loaded 2 times (x 66B)
Class com.google.common.collect.Iterators                                             : loaded 2 times (x 67B)
Class com.google.common.base.CharMatcher$RangesMatcher                                : loaded 2 times (x 108B)
Class com.google.common.io.ByteSink$AsCharSink                                        : loaded 2 times (x 76B)
Class com.google.common.util.concurrent.UncheckedExecutionException                   : loaded 2 times (x 78B)
Class com.google.common.collect.Lists$StringAsImmutableList                           : loaded 2 times (x 203B)
Class com.google.common.collect.ImmutableSortedSetFauxverideShim                      : loaded 2 times (x 143B)
Class com.google.common.base.CharMatcher$JavaLetterOrDigit                            : loaded 2 times (x 107B)
Class org.gradle.internal.InternalTransformer                                         : loaded 2 times (x 66B)
Class com.google.common.collect.AbstractMapBasedMultimap$KeySet$1                     : loaded 2 times (x 78B)
Class org.objectweb.asm.ClassWriter                                                   : loaded 2 times (x 102B)
Class com.google.common.cache.CacheLoader$UnsupportedLoadingOperationException        : loaded 2 times (x 78B)
Class com.google.common.base.CharMatcher$And                                          : loaded 2 times (x 108B)
Class org.gradle.internal.classloader.ClasspathUtil$1                                 : loaded 2 times (x 72B)
Class com.google.common.collect.FluentIterable$1                                      : loaded 2 times (x 77B)
Class com.google.common.base.Objects                                                  : loaded 2 times (x 67B)
Class org.objectweb.asm.FieldVisitor                                                  : loaded 2 times (x 73B)
Class com.google.common.collect.IndexedImmutableSet                                   : loaded 2 times (x 146B)
Class com.google.common.collect.ImmutableMap$1                                        : loaded 2 times (x 77B)
Class com.google.common.collect.BiMap                                                 : loaded 2 times (x 66B)
Class org.gradle.api.internal.classpath.DefaultModuleRegistry$DefaultModule           : loaded 2 times (x 82B)
Class com.google.common.base.Absent                                                   : loaded 2 times (x 76B)
Class com.google.common.collect.FluentIterable$2                                      : loaded 2 times (x 77B)
Class com.google.common.reflect.Reflection                                            : loaded 2 times (x 67B)
Class com.google.common.primitives.Ints                                               : loaded 2 times (x 67B)
Class com.google.common.collect.AbstractIterator                                      : loaded 2 times (x 78B)
Class com.google.common.collect.FluentIterable$3                                      : loaded 2 times (x 77B)
Class com.google.common.math.MathPreconditions                                        : loaded 2 times (x 67B)
Class com.google.common.collect.Multiset                                              : loaded 2 times (x 66B)
Class com.google.common.collect.ArrayListMultimapGwtSerializationDependencies         : loaded 2 times (x 168B)
Class com.google.common.collect.ObjectArrays                                          : loaded 2 times (x 67B)
Class com.google.common.collect.AbstractIndexedListIterator                           : loaded 2 times (x 92B)
Class org.apache.commons.io.output.NullOutputStream                                   : loaded 2 times (x 81B)
Class com.google.common.collect.ImmutableMapEntrySet                                  : loaded 2 times (x 147B)
Class org.gradle.api.internal.classpath.Module                                        : loaded 2 times (x 66B)
Class com.google.common.cache.Weigher                                                 : loaded 2 times (x 66B)
Class org.gradle.api.internal.classpath.UnknownModuleException                        : loaded 2 times (x 78B)
Class com.google.common.base.Stopwatch                                                : loaded 2 times (x 68B)
Class com.google.common.cache.LocalCache$Strength                                     : loaded 2 times (x 77B)
Class com.google.common.cache.Cache                                                   : loaded 2 times (x 66B)
Class build_9f8ztoy626e1nbu9wt71e20xw$_run_closure1                                   : loaded 2 times (x 136B)
Class org.apache.commons.io.filefilter.IOFileFilter                                   : loaded 2 times (x 66B)
Class com.google.common.io.Files$2                                                    : loaded 2 times (x 72B)
Class com.google.common.io.AppendableWriter                                           : loaded 2 times (x 96B)
Class com.google.common.util.concurrent.AbstractFuture$Cancellation                   : loaded 2 times (x 68B)
Class com.google.common.collect.ImmutableMap$Builder                                  : loaded 2 times (x 78B)
Class com.google.common.base.NullnessCasts                                            : loaded 2 times (x 67B)
Class com.google.common.collect.AbstractMapBasedMultimap$WrappedCollection$WrappedIterator: loaded 2 times (x 80B)
Class com.google.common.base.Present                                                  : loaded 2 times (x 77B)
Class com.google.common.cache.RemovalListener                                         : loaded 2 times (x 66B)
Class org.gradle.api.internal.DefaultClassPathRegistry                                : loaded 2 times (x 72B)
Class org.apache.commons.io.file.DeleteOption                                         : loaded 2 times (x 66B)
Class com.google.common.reflect.Invokable$ConstructorInvokable                        : loaded 2 times (x 103B)
Class com.google.common.collect.ImmutableMultimap$Keys                                : loaded 2 times (x 162B)
Class com.google.common.primitives.IntsMethodsForWeb                                  : loaded 2 times (x 67B)
Class com.google.common.collect.Multimap                                              : loaded 2 times (x 66B)
Class org.gradle.api.internal.ClassPathRegistry                                       : loaded 2 times (x 66B)
Class org.gradle.internal.classpath.DefaultClassPath$ImmutableUniqueList              : loaded 2 times (x 195B)
Class com.google.common.collect.MapMakerInternalMap$Segment                           : loaded 2 times (x 138B)
Class com.google.common.reflect.TypeToken                                             : loaded 2 times (x 69B)
Class com.google.common.base.ExtraObjectsMethodsForWeb                                : loaded 2 times (x 67B)
Class org.apache.commons.io.IOUtils                                                   : loaded 2 times (x 67B)
Class com.google.common.io.ByteSink                                                   : loaded 2 times (x 72B)
Class com.google.common.cache.CacheBuilder                                            : loaded 2 times (x 68B)
Class com.google.common.collect.SingletonImmutableList                                : loaded 2 times (x 203B)
Class org.gradle.internal.classpath.ClassPath                                         : loaded 2 times (x 66B)
Class org.gradle.api.UncheckedIOException                                             : loaded 2 times (x 78B)
Class com.google.common.collect.Interners$InternerBuilder                             : loaded 2 times (x 72B)
Class [Lcom.google.common.reflect.Types$JavaVersion;                                  : loaded 2 times (x 65B)
Class com.google.common.io.Files$FileByteSource                                       : loaded 2 times (x 81B)
Class com.google.common.collect.ImmutableList$ReverseImmutableList                    : loaded 2 times (x 204B)
Class com.google.common.base.JdkPattern                                               : loaded 2 times (x 71B)
Class settings_5acsaopw6thz70csdwelkwycw                                              : loaded 2 times (x 175B)
Class com.google.common.io.CharStreams$NullWriter                                     : loaded 2 times (x 95B)
Class org.objectweb.asm.SymbolTable$Entry                                             : loaded 2 times (x 70B)
Class com.google.common.util.concurrent.AbstractFuture$AtomicHelper                   : loaded 2 times (x 74B)
Class org.objectweb.asm.Edge                                                          : loaded 2 times (x 68B)
Class com.google.common.base.Suppliers$SupplierOfInstance                             : loaded 2 times (x 75B)
Class com.google.common.collect.Iterators$1                                           : loaded 2 times (x 77B)
Class com.google.common.reflect.TypeToken$1                                           : loaded 2 times (x 106B)
Class com.google.common.cache.LocalCache$ComputingValueReference                      : loaded 2 times (x 92B)
Class com.google.common.collect.SingletonImmutableSet                                 : loaded 2 times (x 142B)
Class com.google.common.collect.ImmutableMap$IteratorBasedImmutableMap                : loaded 2 times (x 121B)
Class com.google.common.reflect.TypeToken$2                                           : loaded 2 times (x 106B)
Class com.google.common.cache.LocalCache$Segment                                      : loaded 2 times (x 150B)
Class com.google.common.collect.SortedIterable                                        : loaded 2 times (x 66B)
Class [Lorg.objectweb.asm.SymbolTable$Entry;                                          : loaded 2 times (x 65B)
Class com.google.common.cache.CacheLoader                                             : loaded 2 times (x 70B)
Class com.google.common.collect.Iterators$4                                           : loaded 2 times (x 78B)
Class com.google.common.collect.ImmutableBiMap                                        : loaded 2 times (x 139B)
Class com.google.common.collect.AbstractListMultimap                                  : loaded 2 times (x 168B)
Class org.gradle.internal.installation.GradleInstallation$1                           : loaded 2 times (x 71B)
Class org.gradle.api.internal.classpath.ModuleRegistry                                : loaded 2 times (x 66B)
Class org.apache.commons.io.output.NullWriter                                         : loaded 2 times (x 95B)
Class com.google.common.util.concurrent.internal.InternalFutureFailureAccess          : loaded 2 times (x 68B)
Class com.google.common.collect.Iterators$5                                           : loaded 2 times (x 78B)
Class com.google.common.collect.ImmutableSet$JdkBackedSetBuilderImpl                  : loaded 2 times (x 72B)
Class com.google.common.base.Splitter$SplittingIterator                               : loaded 2 times (x 80B)
Class com.google.common.io.Closer$SuppressingSuppressor                               : loaded 2 times (x 71B)
Class com.google.common.collect.ImmutableMultimap$Values                              : loaded 2 times (x 122B)
Class com.google.common.util.concurrent.AbstractFuture$UnsafeAtomicHelper             : loaded 2 times (x 74B)
Class com.google.common.cache.LocalCache$LocalManualCache$1                           : loaded 2 times (x 71B)
Class com.google.common.base.CharMatcher$ForPredicate                                 : loaded 2 times (x 108B)
Class com.google.common.collect.ImmutableCollection                                   : loaded 2 times (x 121B)
Class com.google.common.base.CharMatcher$AnyOf                                        : loaded 2 times (x 108B)
Class build_6o6atbvbdam6o8eighuhmrhnn                                                 : loaded 2 times (x 176B)
Class org.gradle.api.internal.classpath.DefaultModuleRegistry                         : loaded 2 times (x 82B)
Class com.google.common.util.concurrent.ListenableFuture                              : loaded 2 times (x 66B)
Class com.google.common.cache.ReferenceEntry                                          : loaded 2 times (x 66B)
Class com.google.common.collect.ImmutableSet$CachingAsList                            : loaded 2 times (x 143B)
Class com.google.common.base.Converter                                                : loaded 2 times (x 86B)
Class com.google.common.collect.Lists                                                 : loaded 2 times (x 67B)
Class com.google.common.base.CharMatcher$Any                                          : loaded 2 times (x 108B)
Class com.google.common.util.concurrent.AbstractFuture                                : loaded 2 times (x 102B)
Class com.google.common.base.FunctionalEquivalence                                    : loaded 2 times (x 79B)
Class com.google.common.collect.Iterators$9                                           : loaded 2 times (x 77B)
Class com.google.common.collect.AbstractMapBasedMultimap                              : loaded 2 times (x 135B)
Class com.google.common.collect.ImmutableAsList                                       : loaded 2 times (x 205B)
Class com.google.common.reflect.TypeResolver$TypeTable                                : loaded 2 times (x 69B)
Class com.google.common.io.CharStreams                                                : loaded 2 times (x 67B)
Class com.google.common.collect.ImmutableMultiset                                     : loaded 2 times (x 159B)
Class org.objectweb.asm.RecordComponentVisitor                                        : loaded 2 times (x 73B)
Class com.google.common.cache.CacheLoader$SupplierToCacheLoader                       : loaded 2 times (x 71B)
Class com.google.common.reflect.TypeResolver$TypeTable$1                              : loaded 2 times (x 69B)
Class com.google.common.collect.Maps$EntryTransformer                                 : loaded 2 times (x 66B)
Class org.gradle.internal.service.ServiceLookupException                              : loaded 2 times (x 78B)
Class com.google.common.collect.ImmutableSortedSet                                    : loaded 2 times (x 295B)
Class [Lcom.google.common.cache.LocalCache$EntryFactory;                              : loaded 2 times (x 65B)
Class com.google.common.base.CharMatcher$JavaLetter                                   : loaded 2 times (x 107B)
Class org.gradle.internal.classloader.ClassLoaderFactory                              : loaded 2 times (x 66B)
Class org.apache.commons.io.CloseableURLConnection                                    : loaded 2 times (x 113B)
Class com.google.common.cache.LocalCache$LocalManualCache                             : loaded 2 times (x 95B)
Class com.google.common.base.CharMatcher$IsNot                                        : loaded 2 times (x 107B)
Class com.google.common.base.CommonPattern                                            : loaded 2 times (x 70B)
Class org.gradle.internal.service.CachingServiceLocator                               : loaded 2 times (x 78B)
Class com.google.common.collect.AbstractMapBasedMultimap$KeySet                       : loaded 2 times (x 133B)
Class com.google.common.collect.RegularImmutableSortedSet                             : loaded 2 times (x 295B)
Class com.google.common.math.IntMath                                                  : loaded 2 times (x 67B)
Class com.google.common.collect.MapMakerInternalMap$InternalEntry                     : loaded 2 times (x 66B)
Class com.google.common.reflect.Types$TypeVariableInvocationHandler                   : loaded 2 times (x 71B)
Class com.google.common.collect.Iterators$10                                          : loaded 2 times (x 77B)
Class com.google.common.collect.ImmutableMapEntry                                     : loaded 2 times (x 81B)
Class com.google.common.base.CharMatcher$JavaDigit                                    : loaded 2 times (x 107B)
Class com.google.common.collect.ImmutableMultimap                                     : loaded 2 times (x 143B)
Class com.google.common.base.Equivalence                                              : loaded 2 times (x 78B)
Class com.google.common.collect.ImmutableMapEntry$NonTerminalImmutableMapEntry        : loaded 2 times (x 81B)
Class com.google.common.base.Function                                                 : loaded 2 times (x 66B)
Class org.apache.commons.io.output.AbstractByteArrayOutputStream                      : loaded 2 times (x 98B)
Class com.google.common.cache.CacheBuilder$OneWeigher                                 : loaded 2 times (x 78B)
Class com.google.common.collect.RegularImmutableList                                  : loaded 2 times (x 208B)
Class com.google.common.reflect.Types$ClassOwnership$1LocalClass                      : loaded 2 times (x 67B)
Class com.google.common.collect.ImmutableBiMapFauxverideShim                          : loaded 2 times (x 116B)
Class org.gradle.internal.classloader.ClasspathUtil                                   : loaded 2 times (x 67B)
Class com.google.common.base.Charsets                                                 : loaded 2 times (x 67B)
Class com.google.common.util.concurrent.Uninterruptibles                              : loaded 2 times (x 67B)
Class com.google.common.collect.Maps                                                  : loaded 2 times (x 67B)
Class com.google.common.base.CharMatcher$JavaUpperCase                                : loaded 2 times (x 107B)
Class org.gradle.api.specs.Spec                                                       : loaded 2 times (x 66B)
Class com.google.common.collect.MapMaker                                              : loaded 2 times (x 68B)
Class org.apache.commons.io.file.PathFilter                                           : loaded 2 times (x 66B)
Class com.google.common.reflect.Types$JavaVersion                                     : loaded 2 times (x 79B)
Class [Lcom.google.common.collect.ImmutableEntry;                                     : loaded 2 times (x 65B)
Class com.google.common.cache.LocalCache$LoadingValueReference                        : loaded 2 times (x 92B)
Class com.google.common.collect.MapMakerInternalMap$StrongKeyDummyValueEntry          : loaded 2 times (x 78B)
Class com.google.common.reflect.Invokable$MethodInvokable                             : loaded 2 times (x 103B)
Class com.google.common.io.LineReader$1                                               : loaded 2 times (x 71B)
Class com.google.common.collect.CollectSpliterators                                   : loaded 2 times (x 67B)
Class com.google.common.collect.AbstractMapBasedMultimap$AsMap                        : loaded 2 times (x 124B)
Class com.google.common.base.Platform                                                 : loaded 2 times (x 67B)
Class com.google.common.collect.AbstractMapBasedMultimap$WrappedList                  : loaded 2 times (x 201B)
Class [Lorg.objectweb.asm.AnnotationWriter;                                           : loaded 2 times (x 65B)
Class com.google.common.primitives.Ints$IntConverter                                  : loaded 2 times (x 86B)
Class com.google.common.collect.Maps$8                                                : loaded 2 times (x 78B)
Class com.google.common.collect.ImmutableRangeSet$Builder                             : loaded 2 times (x 73B)
Class com.google.common.collect.Sets$SetView                                          : loaded 2 times (x 134B)
Class com.google.common.cache.LocalCache$StrongValueReference                         : loaded 2 times (x 86B)
Class com.google.common.util.concurrent.AbstractFuture$SynchronizedHelper             : loaded 2 times (x 74B)
Class com.google.common.base.CharMatcher$Invisible                                    : loaded 2 times (x 108B)
Class com.google.common.graph.SuccessorsFunction                                      : loaded 2 times (x 66B)
Class org.objectweb.asm.Type                                                          : loaded 2 times (x 68B)
Class org.gradle.internal.classloader.VisitableURLClassLoader$InstrumentingVisitableURLClassLoader: loaded 2 times (x 119B)
Class com.google.common.collect.MapMakerInternalMap$StrongKeyDummyValueEntry$Helper   : loaded 2 times (x 75B)
Class org.apache.commons.io.FileUtils                                                 : loaded 2 times (x 67B)
Class com.google.common.io.Files$FileByteSink                                         : loaded 2 times (x 73B)
Class org.objectweb.asm.ByteVector                                                    : loaded 2 times (x 75B)
Class [Lcom.google.common.cache.CacheBuilder$NullListener;                            : loaded 2 times (x 65B)
Class com.google.common.math.IntMath$1                                                : loaded 2 times (x 67B)
Class org.gradle.internal.classloader.VisitableURLClassLoader$Spec                    : loaded 2 times (x 70B)
Class org.gradle.internal.classpath.DefaultClassPath                                  : loaded 2 times (x 86B)
Class com.google.common.reflect.Types$ClassOwnership                                  : loaded 2 times (x 76B)
Class org.objectweb.asm.Symbol                                                        : loaded 2 times (x 69B)
Class com.google.common.base.AbstractIterator                                         : loaded 2 times (x 76B)
Class com.google.common.io.Closer                                                     : loaded 2 times (x 74B)
Class com.google.common.io.Java8Compatibility                                         : loaded 2 times (x 67B)
Class com.google.common.collect.RegularImmutableMap$Values                            : loaded 2 times (x 203B)
Class com.google.common.collect.ImmutableSet                                          : loaded 2 times (x 141B)
Class com.google.common.base.CharMatcher$BitSetMatcher                                : loaded 2 times (x 108B)
Class com.google.common.base.CharMatcher$Ascii                                        : loaded 2 times (x 108B)
Class org.gradle.internal.classloader.ClassLoaderSpec                                 : loaded 2 times (x 67B)
Class org.objectweb.asm.AnnotationWriter                                              : loaded 2 times (x 75B)
Class com.google.common.cache.CacheStats                                              : loaded 2 times (x 67B)
Class com.google.common.collect.Interners                                             : loaded 2 times (x 67B)
Class com.google.common.io.Closer$Suppressor                                          : loaded 2 times (x 66B)
Class com.google.common.io.LineProcessor                                              : loaded 2 times (x 66B)
Class com.google.common.collect.ImmutableMultisetGwtSerializationDependencies         : loaded 2 times (x 121B)
Class org.objectweb.asm.RecordComponentWriter                                         : loaded 2 times (x 74B)
Class com.google.common.util.concurrent.AbstractFuture$Listener                       : loaded 2 times (x 68B)
Class com.google.common.base.CharMatcher$Or                                           : loaded 2 times (x 108B)
Class org.objectweb.asm.Attribute                                                     : loaded 2 times (x 73B)
Class com.google.common.base.Supplier                                                 : loaded 2 times (x 66B)
Class org.gradle.internal.classloader.VisitableURLClassLoader                         : loaded 2 times (x 113B)
Class com.google.common.collect.ImmutableList$SerializedForm                          : loaded 2 times (x 69B)
Class com.google.common.util.concurrent.AbstractFuture$Waiter                         : loaded 2 times (x 68B)
Class org.gradle.internal.Cast                                                        : loaded 2 times (x 67B)
Class org.gradle.api.Action                                                           : loaded 2 times (x 66B)
Class com.google.common.collect.MapMakerInternalMap                                   : loaded 2 times (x 157B)
Class com.google.common.collect.Sets                                                  : loaded 2 times (x 67B)
Class org.objectweb.asm.Handler                                                       : loaded 2 times (x 68B)
Class com.google.common.base.Ticker                                                   : loaded 2 times (x 68B)
Class com.google.common.base.Strings                                                  : loaded 2 times (x 67B)
Class com.google.common.base.CharMatcher$FastMatcher                                  : loaded 2 times (x 107B)
Class [Lcom.google.common.cache.LocalCache$Segment;                                   : loaded 2 times (x 65B)
Class [Lcom.google.common.cache.LocalCache$Strength;                                  : loaded 2 times (x 65B)
Class com.google.common.cache.CacheBuilder$1                                          : loaded 2 times (x 81B)
Class com.google.common.collect.ImmutableMap                                          : loaded 2 times (x 116B)
Class com.google.common.base.Predicate                                                : loaded 2 times (x 66B)
Class org.gradle.internal.classpath.DefaultClassPath$ImmutableUniqueList$Builder      : loaded 2 times (x 71B)
Class com.google.common.collect.MapMakerInternalMap$WeakValueReference                : loaded 2 times (x 66B)
Class com.google.common.collect.AbstractRangeSet                                      : loaded 2 times (x 110B)
Class com.google.common.cache.LocalCache                                              : loaded 2 times (x 183B)
Class com.google.common.cache.CacheBuilder$2                                          : loaded 2 times (x 68B)
Class com.google.common.base.CharMatcher$NegatedFastMatcher                           : loaded 2 times (x 109B)
Class [Lcom.google.common.collect.AbstractMapEntry;                                   : loaded 2 times (x 65B)
Class com.google.common.collect.ImmutableEntry                                        : loaded 2 times (x 78B)
Class com.google.common.collect.ArrayListMultimap                                     : loaded 2 times (x 168B)
Class com.google.common.base.AbstractIterator$1                                       : loaded 2 times (x 67B)
Class com.google.common.base.CharMatcher$Digit                                        : loaded 2 times (x 108B)
Class org.gradle.api.GradleException                                                  : loaded 2 times (x 78B)
Class com.google.common.base.Suppliers$MemoizingSupplier                              : loaded 2 times (x 75B)
Class org.apache.commons.io.StandardLineSeparator                                     : loaded 2 times (x 75B)
Class com.google.common.collect.CollectPreconditions                                  : loaded 2 times (x 67B)
Class com.google.common.base.CharMatcher$JavaIsoControl                               : loaded 2 times (x 108B)
Class [Lcom.google.common.collect.MapMakerInternalMap$Strength;                       : loaded 2 times (x 65B)
Class [Lcom.google.common.io.FileWriteMode;                                           : loaded 2 times (x 65B)
Class com.google.common.collect.SortedMapDifference                                   : loaded 2 times (x 66B)
Class com.google.common.base.CharMatcher$JavaLowerCase                                : loaded 2 times (x 107B)
Class com.google.common.collect.MapMakerInternalMap$StrongKeyDummyValueSegment        : loaded 2 times (x 138B)
Class com.google.common.collect.Iterables$4                                           : loaded 2 times (x 77B)
Class com.google.common.io.Files                                                      : loaded 2 times (x 67B)
Class com.google.common.cache.LocalCache$EntryFactory                                 : loaded 2 times (x 79B)
Class build_6o6atbvbdam6o8eighuhmrhnn$_run_closure1                                   : loaded 2 times (x 135B)
Class com.google.common.reflect.Types$NativeTypeVariableEquals                        : loaded 2 times (x 67B)
Class com.google.common.reflect.TypeParameter                                         : loaded 2 times (x 68B)
Class com.google.common.cache.LocalCache$AbstractReferenceEntry                       : loaded 2 times (x 103B)
Class com.google.common.base.Splitter$1$1                                             : loaded 2 times (x 82B)
Class com.google.common.base.CharMatcher$Whitespace                                   : loaded 2 times (x 108B)
Class org.gradle.internal.IoActions                                                   : loaded 2 times (x 67B)
Class com.google.common.collect.ImmutableRangeSet$ComplementRanges                    : loaded 2 times (x 203B)
Class org.objectweb.asm.SymbolTable                                                   : loaded 2 times (x 68B)
Class com.google.common.cache.CacheLoader$InvalidCacheLoadException                   : loaded 2 times (x 78B)
Class com.google.common.collect.ImmutableSet$RegularSetBuilderImpl                    : loaded 2 times (x 73B)
Class com.google.common.base.CharMatcher$SingleWidth                                  : loaded 2 times (x 108B)
Class org.gradle.internal.classloader.SystemClassLoaderSpec                           : loaded 2 times (x 67B)
Class com.google.common.collect.FluentIterable                                        : loaded 2 times (x 77B)
Class com.google.common.cache.LocalCache$StrongEntry                                  : loaded 2 times (x 104B)
Class com.google.common.util.concurrent.AbstractFuture$TrustedFuture                  : loaded 2 times (x 110B)
Class com.google.common.cache.LoadingCache                                            : loaded 2 times (x 66B)
Class com.google.common.base.Suppliers$NonSerializableMemoizingSupplier               : loaded 2 times (x 75B)
Class org.objectweb.asm.MethodWriter                                                  : loaded 2 times (x 102B)
Class [Lcom.google.common.cache.Weigher;                                              : loaded 2 times (x 65B)
Class com.google.common.collect.RegularImmutableMap$BucketOverflowException           : loaded 2 times (x 78B)
Class com.google.common.collect.ImmutableMultimap$1                                   : loaded 2 times (x 78B)
Class com.google.common.collect.AbstractMapBasedMultimap$RandomAccessWrappedList      : loaded 2 times (x 201B)
Class com.google.common.collect.AbstractIterator$State                                : loaded 2 times (x 75B)
Class com.google.common.reflect.Types$JavaVersion$1                                   : loaded 2 times (x 79B)
Class com.google.common.collect.ImmutableMultimap$2                                   : loaded 2 times (x 77B)
Class com.google.common.collect.RegularImmutableBiMap                                 : loaded 2 times (x 144B)
Class com.google.common.cache.LocalCache$ValueReference                               : loaded 2 times (x 66B)
Class com.google.common.base.CharMatcher$Negated                                      : loaded 2 times (x 109B)
Class com.google.common.base.CharMatcher$Is                                           : loaded 2 times (x 107B)
Class com.google.common.reflect.Types$JavaVersion$2                                   : loaded 2 times (x 79B)
Class com.google.common.reflect.Types                                                 : loaded 2 times (x 67B)
Class com.google.common.util.concurrent.AbstractFuture$Failure                        : loaded 2 times (x 68B)
Class com.google.common.base.Equivalence$Equals                                       : loaded 2 times (x 78B)
Class com.google.common.collect.Hashing                                               : loaded 2 times (x 67B)
Class com.google.common.base.PatternCompiler                                          : loaded 2 times (x 66B)
Class com.google.common.base.Preconditions                                            : loaded 2 times (x 67B)
Class [Lorg.apache.commons.io.file.DeleteOption;                                      : loaded 2 times (x 65B)
Class com.google.common.reflect.Types$JavaVersion$3                                   : loaded 2 times (x 79B)
Class com.google.common.io.CharSink                                                   : loaded 2 times (x 75B)
Class com.google.common.base.Joiner$1                                                 : loaded 2 times (x 76B)
Class org.objectweb.asm.Label                                                         : loaded 2 times (x 69B)
Class org.objectweb.asm.CurrentFrame                                                  : loaded 2 times (x 69B)
Class org.objectweb.asm.ClassTooLargeException                                        : loaded 2 times (x 79B)
Class com.google.common.collect.PeekingIterator                                       : loaded 2 times (x 66B)
Class com.google.common.base.CharMatcher                                              : loaded 2 times (x 107B)
Class com.google.common.collect.Table                                                 : loaded 2 times (x 66B)
Class com.google.common.collect.MapMakerInternalMap$InternalEntryHelper               : loaded 2 times (x 66B)
Class com.google.common.reflect.Types$JavaVersion$4                                   : loaded 2 times (x 79B)
Class com.google.common.collect.RangeGwtSerializationDependencies                     : loaded 2 times (x 67B)
Class com.google.common.base.Joiner$2                                                 : loaded 2 times (x 75B)
Class org.objectweb.asm.Frame                                                         : loaded 2 times (x 69B)
Class org.objectweb.asm.MethodVisitor                                                 : loaded 2 times (x 101B)
Class com.google.common.cache.LocalCache$EntryFactory$1                               : loaded 2 times (x 79B)
Class [Lcom.google.common.cache.RemovalListener;                                      : loaded 2 times (x 65B)
Class com.google.common.base.CharMatcher$1                                            : loaded 2 times (x 109B)
Class com.google.common.base.CharMatcher$NamedFastMatcher                             : loaded 2 times (x 108B)
Class com.google.common.reflect.Types$JavaVersion$5                                   : loaded 2 times (x 67B)
Class [Lcom.google.common.reflect.Types$ClassOwnership;                               : loaded 2 times (x 65B)
Class com.google.common.collect.RangeSet                                              : loaded 2 times (x 66B)
Class com.google.common.cache.LocalCache$EntryFactory$2                               : loaded 2 times (x 79B)
Class org.gradle.api.internal.classpath.GlobalCacheRootsProvider                      : loaded 2 times (x 66B)
Class com.google.common.collect.CollectCollectors                                     : loaded 2 times (x 67B)
Class org.objectweb.asm.ModuleWriter                                                  : loaded 2 times (x 78B)
Class com.google.common.cache.LocalCache$EntryFactory$3                               : loaded 2 times (x 79B)
Class com.google.common.base.Ticker$1                                                 : loaded 2 times (x 68B)
Class com.google.common.collect.ImmutableMapEntrySet$RegularEntrySet                  : loaded 2 times (x 147B)
Class com.google.common.collect.Maps$BiMapConverter                                   : loaded 2 times (x 86B)
Class com.google.common.collect.CollectSpliterators$1                                 : loaded 2 times (x 86B)
Class com.google.common.cache.LocalCache$EntryFactory$4                               : loaded 2 times (x 79B)
Class com.google.common.collect.ImmutableSet$Builder                                  : loaded 2 times (x 81B)
Class com.google.common.base.CharMatcher$InRange                                      : loaded 2 times (x 107B)
Class com.google.common.cache.LocalCache$EntryFactory$5                               : loaded 2 times (x 79B)
Class org.apache.commons.io.output.AppendableWriter                                   : loaded 2 times (x 96B)
Class com.google.common.cache.LocalCache$EntryFactory$6                               : loaded 2 times (x 79B)
Class org.gradle.internal.installation.CurrentGradleInstallationLocator               : loaded 2 times (x 67B)
Class com.google.common.collect.ImmutableMultimap$Builder                             : loaded 2 times (x 79B)
Class org.apache.commons.io.output.ThresholdingOutputStream                           : loaded 2 times (x 90B)
Class com.google.common.collect.Maps$KeySet                                           : loaded 2 times (x 133B)
Class com.google.common.cache.LocalCache$EntryFactory$7                               : loaded 2 times (x 79B)
Class com.google.common.collect.ImmutableSet$EmptySetBuilderImpl                      : loaded 2 times (x 72B)
Class com.google.common.collect.ImmutableList                                         : loaded 2 times (x 202B)
Class org.gradle.internal.service.DefaultServiceLocator                               : loaded 2 times (x 79B)
Class com.google.common.collect.ImmutableMultimap$EntryCollection                     : loaded 2 times (x 123B)
Class com.google.common.collect.Maps$EntrySet                                         : loaded 2 times (x 132B)
Class com.google.common.cache.LocalCache$EntryFactory$8                               : loaded 2 times (x 79B)
Class com.google.common.collect.ImmutableSet$SetBuilderImpl                           : loaded 2 times (x 72B)
Class org.gradle.internal.installation.CurrentGradleInstallation                      : loaded 2 times (x 69B)
Class build_9f8ztoy626e1nbu9wt71e20xw                                                 : loaded 2 times (x 176B)
Class com.google.common.cache.CacheLoader$1                                           : loaded 2 times (x 71B)
Class com.google.common.collect.ForwardingObject                                      : loaded 2 times (x 68B)
Class com.google.common.collect.ImmutableList$SubList                                 : loaded 2 times (x 204B)
Class org.gradle.util.internal.GUtil                                                  : loaded 2 times (x 67B)
Class com.google.common.io.ByteSource                                                 : loaded 2 times (x 80B)
Class com.google.common.util.concurrent.AbstractFuture$SetFuture                      : loaded 2 times (x 71B)
Class com.google.common.cache.AbstractCache$StatsCounter                              : loaded 2 times (x 66B)
Class com.google.common.collect.MapMakerInternalMap$1                                 : loaded 2 times (x 79B)
Class com.google.common.reflect.Types$TypeVariableImpl                                : loaded 2 times (x 68B)
Class com.google.common.io.LineBuffer                                                 : loaded 2 times (x 71B)
Class com.google.common.collect.Iterators$MergingIterator                             : loaded 2 times (x 77B)
Class com.google.common.collect.RegularImmutableSet                                   : loaded 2 times (x 144B)
Class org.gradle.internal.installation.GradleInstallation                             : loaded 2 times (x 71B)
Class com.google.common.collect.Iterables                                             : loaded 2 times (x 67B)
Class com.google.common.base.Splitter$Strategy                                        : loaded 2 times (x 66B)
Class settings_5acsaopw6thz70csdwelkwycw$_run_closure1                                : loaded 2 times (x 135B)

---------------  S Y S T E M  ---------------

OS:
 Windows 11 , 64 bit Build 26100 (10.0.26100.8246)
OS uptime: 12 days 5:10 hours
Hyper-V role detected

CPU: total 4 (initial active 4) (2 cores per cpu, 2 threads per core) family 6 model 140 stepping 1 microcode 0xb8, cx8, cmov, fxsr, ht, mmx, 3dnowpref, sse, sse2, sse3, ssse3, sse4.1, sse4.2, popcnt, lzcnt, tsc, tscinvbit, avx, avx2, aes, erms, clmul, bmi1, bmi2, adx, avx512f, avx512dq, avx512cd, avx512bw, avx512vl, sha, fma, vzeroupper, avx512_vpopcntdq, avx512_vpclmulqdq, avx512_vaes, avx512_vnni, clflush, clflushopt, clwb, avx512_vbmi2, avx512_vbmi, hv, rdtscp, rdpid, fsrm, gfni, avx512_bitalg, f16c, cet_ibt, cet_ss, avx512_ifma
Processor Information for all 4 processors :
  Max Mhz: 2995, Current Mhz: 2995, Mhz Limit: 2995

Memory: 4k page, system-wide physical 7991M (380M free)
TotalPageFile size 23182M (AvailPageFile size 201M)
current process WorkingSet (physical memory assigned to process): 648M, peak: 675M
current process commit charge ("private bytes"): 955M, peak: 1655M

vm_info: OpenJDK 64-Bit Server VM (21.0.5+-12932927-b750.29) for windows-amd64 JRE (21.0.5+-12932927-b750.29), built on 2025-01-17T02:01:10Z by "builder" with MS VC++ 16.10 / 16.11 (VS2019)

END.
