#
# There is insufficient memory for the Java Runtime Environment to continue.
# Native memory allocation (malloc) failed to allocate 2280800 bytes. Error detail: Chunk::new
# Possible reasons:
#   The system is out of physical RAM or swap space
#   This process is running with CompressedOops enabled, and the Java Heap may be blocking the growth of the native heap
# Possible solutions:
#   Reduce memory load on the system
#   Increase physical memory or swap space
#   Check if swap backing store is full
#   Decrease Java heap size (-Xmx/-Xms)
#   Decrease number of Java threads
#   Decrease Java thread stack sizes (-Xss)
#   Set larger code cache with -XX:ReservedCodeCacheSize=
#   JVM is running with Zero Based Compressed Oops mode in which the Java heap is
#     placed in the first 32GB address space. The Java Heap base address is the
#     maximum limit for the native heap growth. Please use -XX:HeapBaseMinAddress
#     to set the Java Heap base and to place the Java Heap above 32GB virtual address.
# This output file may be truncated or incomplete.
#
#  Out of Memory Error (arena.cpp:168), pid=20572, tid=16708
#
# JRE version: OpenJDK Runtime Environment (21.0.5) (build 21.0.5+-12932927-b750.29)
# Java VM: OpenJDK 64-Bit Server VM (21.0.5+-12932927-b750.29, mixed mode, tiered, compressed oops, compressed class ptrs, g1 gc, windows-amd64)
# No core dump will be written. Minidumps are not enabled by default on client versions of Windows
#

---------------  S U M M A R Y ------------

Command Line: --add-opens=java.base/java.lang=ALL-UNNAMED --add-opens=java.base/java.lang.invoke=ALL-UNNAMED --add-opens=java.base/java.util=ALL-UNNAMED --add-opens=java.prefs/java.util.prefs=ALL-UNNAMED --add-exports=jdk.compiler/com.sun.tools.javac.api=ALL-UNNAMED --add-exports=jdk.compiler/com.sun.tools.javac.util=ALL-UNNAMED --add-opens=java.base/java.util=ALL-UNNAMED --add-opens=java.prefs/java.util.prefs=ALL-UNNAMED --add-opens=java.base/java.nio.charset=ALL-UNNAMED --add-opens=java.base/java.net=ALL-UNNAMED --add-opens=java.base/java.util.concurrent.atomic=ALL-UNNAMED --add-opens=java.xml/javax.xml.namespace=ALL-UNNAMED -Xmx4096m -Dfile.encoding=UTF-8 -Duser.country=US -Duser.language=en -Duser.variant -javaagent:C:\Users\chouh\.gradle\wrapper\dists\gradle-8.11.1-bin\bpt9gzteqjrbo1mjrsomdt32c\gradle-8.11.1\lib\agents\gradle-instrumentation-agent-8.11.1.jar org.gradle.launcher.daemon.bootstrap.GradleDaemon 8.11.1

Host: 11th Gen Intel(R) Core(TM) i3-1115G4 @ 3.00GHz, 4 cores, 7G,  Windows 11 , 64 bit Build 26100 (10.0.26100.8246)
Time: Sun May 10 22:59:58 2026 India Standard Time elapsed time: 409.200944 seconds (0d 0h 6m 49s)

---------------  T H R E A D  ---------------

Current thread (0x00000260c9829780):  JavaThread "C2 CompilerThread1" daemon [_thread_in_native, id=16708, stack(0x000000f448800000,0x000000f448900000) (1024K)]


Current CompileTask:
C2:409201 35889       4       com.android.tools.r8.internal.vd::a (6886 bytes)

Stack: [0x000000f448800000,0x000000f448900000]
Native frames: (J=compiled Java code, j=interpreted, Vv=VM code, C=native code)
V  [jvm.dll+0x6cfb29]
V  [jvm.dll+0x85ded3]
V  [jvm.dll+0x86042e]
V  [jvm.dll+0x860b13]
V  [jvm.dll+0x27e6b6]
V  [jvm.dll+0xbff6d]
V  [jvm.dll+0xc04a3]
V  [jvm.dll+0x3b5ffb]
V  [jvm.dll+0x1de664]
V  [jvm.dll+0x247db4]
V  [jvm.dll+0x247231]
V  [jvm.dll+0x1c5ee4]
V  [jvm.dll+0x25697c]
V  [jvm.dll+0x254ec6]
V  [jvm.dll+0x3f0ce6]
V  [jvm.dll+0x806368]
V  [jvm.dll+0x6ce3fd]
C  [ucrtbase.dll+0x37b0]
C  [KERNEL32.DLL+0x2e8d7]
C  [ntdll.dll+0x8c3fc]


---------------  P R O C E S S  ---------------

Threads class SMR info:
_java_thread_list=0x00000260c6a63b00, length=90, elements={
0x00000260a2d6cdd0, 0x00000260bdffdab0, 0x00000260be2665a0, 0x00000260be269660,
0x00000260be26a0b0, 0x00000260be280df0, 0x00000260be285740, 0x00000260be28add0,
0x00000260be28c3d0, 0x00000260bdf48910, 0x00000260be5e29c0, 0x00000260c381e130,
0x00000260c4100440, 0x00000260c4386820, 0x00000260c413ce90, 0x00000260c413c800,
0x00000260c413b450, 0x00000260c413c170, 0x00000260c413a730, 0x00000260c4f173e0,
0x00000260c4f16d50, 0x00000260c4f18100, 0x00000260c4f159a0, 0x00000260c8726f80,
0x00000260c8725bd0, 0x00000260c8971440, 0x00000260c896dfc0, 0x00000260c8971ad0,
0x00000260c89727f0, 0x00000260ce1d3d40, 0x00000260c961ae50, 0x00000260c9619aa0,
0x00000260c9619410, 0x00000260c9618060, 0x00000260c96186f0, 0x00000260c961a130,
0x00000260c9618d80, 0x00000260c961a7c0, 0x00000260c76a9c70, 0x00000260c76aa300,
0x00000260c76ac3d0, 0x00000260c76ab6b0, 0x00000260c76aca60, 0x00000260c76aa990,
0x00000260c76ad0f0, 0x00000260c76ad780, 0x00000260c76ae4a0, 0x00000260c76aeb30,
0x00000260c76af1c0, 0x00000260c76abd40, 0x00000260c76b0c00, 0x00000260c76b1290,
0x00000260c5ff1c00, 0x00000260c5ff1570, 0x00000260c5ff3640, 0x00000260c5ff2fb0,
0x00000260c5ff0850, 0x00000260c5ff01c0, 0x00000260c5ff2920, 0x00000260c5ff3cd0,
0x00000260c5ff4360, 0x00000260c5ff0ee0, 0x00000260c5ff5da0, 0x00000260c5ff5710,
0x00000260c5ff6430, 0x00000260c5ff5080, 0x00000260c5ff49f0, 0x00000260c5ff6ac0,
0x00000260c7df92b0, 0x00000260c7df8590, 0x00000260c7dfc0a0, 0x00000260c7dfc730,
0x00000260c7dfcdc0, 0x00000260c7df9940, 0x00000260c7dffbb0, 0x00000260c7dfd450,
0x00000260c7e00240, 0x00000260c7dfee90, 0x00000260c7dfdae0, 0x00000260c8728330,
0x00000260c872cb60, 0x00000260c8ab4200, 0x00000260c8ab1410, 0x00000260c8ab1aa0,
0x00000260ce4fe2d0, 0x00000260ce4fd5b0, 0x00000260ce4fdc40, 0x00000260ce4f5270,
0x00000260ce4f2b10, 0x00000260c9829780
}

Java Threads: ( => current thread )
  0x00000260a2d6cdd0 JavaThread "main"                              [_thread_blocked, id=5572, stack(0x000000f443200000,0x000000f443300000) (1024K)]
  0x00000260bdffdab0 JavaThread "Reference Handler"          daemon [_thread_blocked, id=10768, stack(0x000000f443a00000,0x000000f443b00000) (1024K)]
  0x00000260be2665a0 JavaThread "Finalizer"                  daemon [_thread_blocked, id=5176, stack(0x000000f443b00000,0x000000f443c00000) (1024K)]
  0x00000260be269660 JavaThread "Signal Dispatcher"          daemon [_thread_blocked, id=22208, stack(0x000000f443c00000,0x000000f443d00000) (1024K)]
  0x00000260be26a0b0 JavaThread "Attach Listener"            daemon [_thread_blocked, id=22928, stack(0x000000f443d00000,0x000000f443e00000) (1024K)]
  0x00000260be280df0 JavaThread "Service Thread"             daemon [_thread_blocked, id=23272, stack(0x000000f443e00000,0x000000f443f00000) (1024K)]
  0x00000260be285740 JavaThread "Monitor Deflation Thread"   daemon [_thread_blocked, id=6532, stack(0x000000f443f00000,0x000000f444000000) (1024K)]
  0x00000260be28add0 JavaThread "C2 CompilerThread0"         daemon [_thread_in_native, id=24436, stack(0x000000f444000000,0x000000f444100000) (1024K)]
  0x00000260be28c3d0 JavaThread "C1 CompilerThread0"         daemon [_thread_blocked, id=2984, stack(0x000000f444100000,0x000000f444200000) (1024K)]
  0x00000260bdf48910 JavaThread "Common-Cleaner"             daemon [_thread_blocked, id=17640, stack(0x000000f444200000,0x000000f444300000) (1024K)]
  0x00000260be5e29c0 JavaThread "Notification Thread"        daemon [_thread_blocked, id=25424, stack(0x000000f444300000,0x000000f444400000) (1024K)]
  0x00000260c381e130 JavaThread "Daemon health stats"               [_thread_blocked, id=21508, stack(0x000000f444600000,0x000000f444700000) (1024K)]
  0x00000260c4100440 JavaThread "Incoming local TCP Connector on port 54665"        [_thread_in_native, id=11312, stack(0x000000f444800000,0x000000f444900000) (1024K)]
  0x00000260c4386820 JavaThread "Daemon periodic checks"            [_thread_blocked, id=11448, stack(0x000000f444900000,0x000000f444a00000) (1024K)]
  0x00000260c413ce90 JavaThread "Cache worker for journal cache (C:\Users\chouh\.gradle\caches\journal-1)"        [_thread_blocked, id=22588, stack(0x000000f445100000,0x000000f445200000) (1024K)]
  0x00000260c413c800 JavaThread "File lock request listener"        [_thread_in_native, id=6224, stack(0x000000f445200000,0x000000f445300000) (1024K)]
  0x00000260c413b450 JavaThread "Cache worker for file hash cache (C:\Users\chouh\.gradle\caches\8.11.1\fileHashes)"        [_thread_blocked, id=16656, stack(0x000000f445300000,0x000000f445400000) (1024K)]
  0x00000260c413c170 JavaThread "Cache worker for file content cache (C:\Users\chouh\.gradle\caches\8.11.1\fileContent)"        [_thread_blocked, id=7036, stack(0x000000f445500000,0x000000f445600000) (1024K)]
  0x00000260c413a730 JavaThread "File watcher server"        daemon [_thread_in_native, id=19432, stack(0x000000f445800000,0x000000f445900000) (1024K)]
  0x00000260c4f173e0 JavaThread "File watcher consumer"      daemon [_thread_blocked, id=8844, stack(0x000000f445900000,0x000000f445a00000) (1024K)]
  0x00000260c4f16d50 JavaThread "jar transforms"                    [_thread_blocked, id=11784, stack(0x000000f445d00000,0x000000f445e00000) (1024K)]
  0x00000260c4f18100 JavaThread "jar transforms Thread 2"           [_thread_blocked, id=22472, stack(0x000000f445e00000,0x000000f445f00000) (1024K)]
  0x00000260c4f159a0 JavaThread "jar transforms Thread 3"           [_thread_blocked, id=3148, stack(0x000000f445f00000,0x000000f446000000) (1024K)]
  0x00000260c8726f80 JavaThread "jar transforms Thread 4"           [_thread_blocked, id=7788, stack(0x000000f446900000,0x000000f446a00000) (1024K)]
  0x00000260c8725bd0 JavaThread "Memory manager"                    [_thread_blocked, id=7952, stack(0x000000f446a00000,0x000000f446b00000) (1024K)]
  0x00000260c8971440 JavaThread "RMI Scheduler(0)"           daemon [_thread_blocked, id=10516, stack(0x000000f446b00000,0x000000f446c00000) (1024K)]
  0x00000260c896dfc0 JavaThread "RMI GC Daemon"              daemon [_thread_blocked, id=21492, stack(0x000000f449700000,0x000000f449800000) (1024K)]
  0x00000260c8971ad0 JavaThread "RMI TCP Accept-0"           daemon [_thread_in_native, id=7360, stack(0x000000f449800000,0x000000f449900000) (1024K)]
  0x00000260c89727f0 JavaThread "RMI Reaper"                        [_thread_blocked, id=9160, stack(0x000000f449900000,0x000000f449a00000) (1024K)]
  0x00000260ce1d3d40 JavaThread "Cache worker for Java compile cache (C:\Users\chouh\.gradle\caches\8.11.1\javaCompile)"        [_thread_blocked, id=21140, stack(0x000000f449500000,0x000000f449600000) (1024K)]
  0x00000260c961ae50 JavaThread "Daemon Thread 2"                   [_thread_blocked, id=7276, stack(0x000000f442f00000,0x000000f443000000) (1024K)]
  0x00000260c9619aa0 JavaThread "Handler for socket connection from /127.0.0.1:54665 to /127.0.0.1:62294"        [_thread_in_native, id=24840, stack(0x000000f443000000,0x000000f443100000) (1024K)]
  0x00000260c9619410 JavaThread "Cancel handler"                    [_thread_blocked, id=11188, stack(0x000000f443100000,0x000000f443200000) (1024K)]
  0x00000260c9618060 JavaThread "Daemon worker Thread 2"            [_thread_blocked, id=24348, stack(0x000000f444a00000,0x000000f444b00000) (1024K)]
  0x00000260c96186f0 JavaThread "Asynchronous log dispatcher for DefaultDaemonConnection: socket connection from /127.0.0.1:54665 to /127.0.0.1:62294"        [_thread_blocked, id=18248, stack(0x000000f444b00000,0x000000f444c00000) (1024K)]
  0x00000260c961a130 JavaThread "Stdin handler"                     [_thread_blocked, id=15896, stack(0x000000f444c00000,0x000000f444d00000) (1024K)]
  0x00000260c9618d80 JavaThread "Daemon client event forwarder"        [_thread_blocked, id=13052, stack(0x000000f444d00000,0x000000f444e00000) (1024K)]
  0x00000260c961a7c0 JavaThread "Cache worker for file hash cache (E:\MockTestApp\.gradle\8.11.1\fileHashes)"        [_thread_blocked, id=13364, stack(0x000000f444e00000,0x000000f444f00000) (1024K)]
  0x00000260c76a9c70 JavaThread "Cache worker for Build Output Cleanup Cache (E:\MockTestApp\.gradle\buildOutputCleanup)"        [_thread_blocked, id=21952, stack(0x000000f444f00000,0x000000f445000000) (1024K)]
  0x00000260c76aa300 JavaThread "Cache worker for checksums cache (E:\MockTestApp\.gradle\8.11.1\checksums)"        [_thread_blocked, id=19360, stack(0x000000f445000000,0x000000f445100000) (1024K)]
  0x00000260c76ac3d0 JavaThread "Cache worker for cache directory md-rule (C:\Users\chouh\.gradle\caches\8.11.1\md-rule)"        [_thread_blocked, id=21452, stack(0x000000f445400000,0x000000f445500000) (1024K)]
  0x00000260c76ab6b0 JavaThread "Cache worker for cache directory md-supplier (C:\Users\chouh\.gradle\caches\8.11.1\md-supplier)"        [_thread_blocked, id=12008, stack(0x000000f445600000,0x000000f445700000) (1024K)]
  0x00000260c76aca60 JavaThread "Unconstrained build operations"        [_thread_blocked, id=520, stack(0x000000f445a00000,0x000000f445b00000) (1024K)]
  0x00000260c76aa990 JavaThread "Unconstrained build operations Thread 2"        [_thread_blocked, id=24720, stack(0x000000f445b00000,0x000000f445c00000) (1024K)]
  0x00000260c76ad0f0 JavaThread "Unconstrained build operations Thread 3"        [_thread_blocked, id=5012, stack(0x000000f445c00000,0x000000f445d00000) (1024K)]
  0x00000260c76ad780 JavaThread "Unconstrained build operations Thread 4"        [_thread_blocked, id=24816, stack(0x000000f446000000,0x000000f446100000) (1024K)]
  0x00000260c76ae4a0 JavaThread "Unconstrained build operations Thread 5"        [_thread_blocked, id=20660, stack(0x000000f446100000,0x000000f446200000) (1024K)]
  0x00000260c76aeb30 JavaThread "Unconstrained build operations Thread 6"        [_thread_blocked, id=9936, stack(0x000000f446200000,0x000000f446300000) (1024K)]
  0x00000260c76af1c0 JavaThread "build event listener"              [_thread_blocked, id=23308, stack(0x000000f446300000,0x000000f446400000) (1024K)]
  0x00000260c76abd40 JavaThread "build event listener"              [_thread_blocked, id=6416, stack(0x000000f446400000,0x000000f446500000) (1024K)]
  0x00000260c76b0c00 JavaThread "included builds"                   [_thread_blocked, id=13104, stack(0x000000f446500000,0x000000f446600000) (1024K)]
  0x00000260c76b1290 JavaThread "Execution worker"                  [_thread_blocked, id=14484, stack(0x000000f446600000,0x000000f446700000) (1024K)]
  0x00000260c5ff1c00 JavaThread "Execution worker Thread 2"         [_thread_blocked, id=22372, stack(0x000000f446700000,0x000000f446800000) (1024K)]
  0x00000260c5ff1570 JavaThread "Execution worker Thread 3"         [_thread_blocked, id=10676, stack(0x000000f446800000,0x000000f446900000) (1024K)]
  0x00000260c5ff3640 JavaThread "Cache worker for execution history cache (E:\MockTestApp\.gradle\8.11.1\executionHistory)"        [_thread_blocked, id=16176, stack(0x000000f446c00000,0x000000f446d00000) (1024K)]
  0x00000260c5ff2fb0 JavaThread "Unconstrained build operations Thread 7"        [_thread_blocked, id=24260, stack(0x000000f445700000,0x000000f445800000) (1024K)]
  0x00000260c5ff0850 JavaThread "Unconstrained build operations Thread 8"        [_thread_blocked, id=6880, stack(0x000000f446d00000,0x000000f446e00000) (1024K)]
  0x00000260c5ff01c0 JavaThread "Unconstrained build operations Thread 9"        [_thread_blocked, id=23512, stack(0x000000f446e00000,0x000000f446f00000) (1024K)]
  0x00000260c5ff2920 JavaThread "WorkerExecutor Queue"              [_thread_blocked, id=3892, stack(0x000000f446f00000,0x000000f447000000) (1024K)]
  0x00000260c5ff3cd0 JavaThread "Unconstrained build operations Thread 10"        [_thread_blocked, id=18808, stack(0x000000f447000000,0x000000f447100000) (1024K)]
  0x00000260c5ff4360 JavaThread "Unconstrained build operations Thread 11"        [_thread_blocked, id=2624, stack(0x000000f447100000,0x000000f447200000) (1024K)]
  0x00000260c5ff0ee0 JavaThread "Unconstrained build operations Thread 12"        [_thread_blocked, id=16900, stack(0x000000f447200000,0x000000f447300000) (1024K)]
  0x00000260c5ff5da0 JavaThread "Unconstrained build operations Thread 13"        [_thread_blocked, id=18544, stack(0x000000f447300000,0x000000f447400000) (1024K)]
  0x00000260c5ff5710 JavaThread "Unconstrained build operations Thread 14"        [_thread_blocked, id=23300, stack(0x000000f447400000,0x000000f447500000) (1024K)]
  0x00000260c5ff6430 JavaThread "Unconstrained build operations Thread 15"        [_thread_blocked, id=23732, stack(0x000000f447500000,0x000000f447600000) (1024K)]
  0x00000260c5ff5080 JavaThread "Unconstrained build operations Thread 16"        [_thread_blocked, id=6000, stack(0x000000f447600000,0x000000f447700000) (1024K)]
  0x00000260c5ff49f0 JavaThread "Unconstrained build operations Thread 17"        [_thread_blocked, id=11060, stack(0x000000f447700000,0x000000f447800000) (1024K)]
  0x00000260c5ff6ac0 JavaThread "Unconstrained build operations Thread 18"        [_thread_blocked, id=21216, stack(0x000000f447800000,0x000000f447900000) (1024K)]
  0x00000260c7df92b0 JavaThread "Unconstrained build operations Thread 19"        [_thread_blocked, id=17156, stack(0x000000f447900000,0x000000f447a00000) (1024K)]
  0x00000260c7df8590 JavaThread "WorkerExecutor Queue Thread 2"        [_thread_blocked, id=15756, stack(0x000000f447a00000,0x000000f447b00000) (1024K)]
  0x00000260c7dfc0a0 JavaThread "pool-7-thread-1"                   [_thread_blocked, id=13180, stack(0x000000f447b00000,0x000000f447c00000) (1024K)]
  0x00000260c7dfc730 JavaThread "stderr"                            [_thread_in_native, id=10856, stack(0x000000f447c00000,0x000000f447d00000) (1024K)]
  0x00000260c7dfcdc0 JavaThread "stdout"                            [_thread_in_native, id=21748, stack(0x000000f447d00000,0x000000f447e00000) (1024K)]
  0x00000260c7df9940 JavaThread "WorkerExecutor Queue Thread 3"        [_thread_in_Java, id=11108, stack(0x000000f447f00000,0x000000f448000000) (1024K)]
  0x00000260c7dffbb0 JavaThread "Unconstrained build operations Thread 20"        [_thread_blocked, id=24428, stack(0x000000f448000000,0x000000f448100000) (1024K)]
  0x00000260c7dfd450 JavaThread "Unconstrained build operations Thread 21"        [_thread_blocked, id=18836, stack(0x000000f448100000,0x000000f448200000) (1024K)]
  0x00000260c7e00240 JavaThread "Unconstrained build operations Thread 22"        [_thread_blocked, id=16660, stack(0x000000f448200000,0x000000f448300000) (1024K)]
  0x00000260c7dfee90 JavaThread "Unconstrained build operations Thread 23"        [_thread_blocked, id=19448, stack(0x000000f448300000,0x000000f448400000) (1024K)]
  0x00000260c7dfdae0 JavaThread "WorkerExecutor Queue Thread 4"        [_thread_blocked, id=24700, stack(0x000000f447e00000,0x000000f447f00000) (1024K)]
  0x00000260c8728330 JavaThread "Unconstrained build operations Thread 24"        [_thread_blocked, id=9052, stack(0x000000f448400000,0x000000f448500000) (1024K)]
  0x00000260c872cb60 JavaThread "RMI TCP Connection(idle)"   daemon [_thread_blocked, id=24196, stack(0x000000f448700000,0x000000f448800000) (1024K)]
  0x00000260c8ab4200 JavaThread "Build operations"                  [_thread_blocked, id=1316, stack(0x000000f448b00000,0x000000f448c00000) (1024K)]
  0x00000260c8ab1410 JavaThread "Build operations Thread 2"         [_thread_blocked, id=24536, stack(0x000000f448c00000,0x000000f448d00000) (1024K)]
  0x00000260c8ab1aa0 JavaThread "Build operations Thread 3"         [_thread_blocked, id=3952, stack(0x000000f448d00000,0x000000f448e00000) (1024K)]
  0x00000260ce4fe2d0 JavaThread "Unconstrained build operations Thread 25"        [_thread_blocked, id=13916, stack(0x000000f448600000,0x000000f448700000) (1024K)]
  0x00000260ce4fd5b0 JavaThread "Unconstrained build operations Thread 26"        [_thread_blocked, id=16360, stack(0x000000f448a00000,0x000000f448b00000) (1024K)]
  0x00000260ce4fdc40 JavaThread "Unconstrained build operations Thread 27"        [_thread_blocked, id=7204, stack(0x000000f448e00000,0x000000f448f00000) (1024K)]
  0x00000260ce4f5270 JavaThread "ForkJoinPool-1-worker-1"    daemon [_thread_blocked, id=14952, stack(0x000000f448f00000,0x000000f449000000) (1024K)]
  0x00000260ce4f2b10 JavaThread "ForkJoinPool-1-worker-2"    daemon [_thread_blocked, id=12180, stack(0x000000f449000000,0x000000f449100000) (1024K)]
=>0x00000260c9829780 JavaThread "C2 CompilerThread1"         daemon [_thread_in_native, id=16708, stack(0x000000f448800000,0x000000f448900000) (1024K)]
Total: 90

Other Threads:
  0x00000260bdfdbbc0 VMThread "VM Thread"                           [id=18268, stack(0x000000f443900000,0x000000f443a00000) (1024K)]
  0x00000260bdf45d40 WatcherThread "VM Periodic Task Thread"        [id=8308, stack(0x000000f443800000,0x000000f443900000) (1024K)]
  0x00000260a2dd5ea0 WorkerThread "GC Thread#0"                     [id=10592, stack(0x000000f443300000,0x000000f443400000) (1024K)]
  0x00000260be6a79d0 WorkerThread "GC Thread#1"                     [id=9748, stack(0x000000f444400000,0x000000f444500000) (1024K)]
  0x00000260be5e1f20 WorkerThread "GC Thread#2"                     [id=9288, stack(0x000000f444500000,0x000000f444600000) (1024K)]
  0x00000260c32c4f20 WorkerThread "GC Thread#3"                     [id=23328, stack(0x000000f444700000,0x000000f444800000) (1024K)]
  0x00000260a2de6d90 ConcurrentGCThread "G1 Main Marker"            [id=18844, stack(0x000000f443400000,0x000000f443500000) (1024K)]
  0x00000260a2de85e0 WorkerThread "G1 Conc#0"                       [id=18800, stack(0x000000f443500000,0x000000f443600000) (1024K)]
  0x00000260a2e2e210 ConcurrentGCThread "G1 Refine#0"               [id=18852, stack(0x000000f443600000,0x000000f443700000) (1024K)]
  0x00000260cf8e3ef0 ConcurrentGCThread "G1 Refine#1"               [id=8136, stack(0x000000f448500000,0x000000f448600000) (1024K)]
  0x00000260a2e2eb30 ConcurrentGCThread "G1 Service"                [id=13532, stack(0x000000f443700000,0x000000f443800000) (1024K)]
Total: 11

Threads with active compile tasks:
C2 CompilerThread0  409290 35890       4       com.android.tools.r8.shaking.M$$Lambda/0x000000080192d4e0::accept (28 bytes)
C2 CompilerThread1  409290 35889       4       com.android.tools.r8.internal.vd::a (6886 bytes)
Total: 2

VM state: not at safepoint (normal execution)

VM Mutex/Monitor currently owned by a thread: None

Heap address: 0x0000000700000000, size: 4096 MB, Compressed Oops mode: Zero based, Oop shift amount: 3

CDS archive(s) not mapped
Compressed class space mapped at: 0x0000000800000000-0x0000000840000000, reserved size: 1073741824
Narrow klass base: 0x0000000800000000, Narrow klass shift: 0, Narrow klass range: 0x40000000

GC Precious Log:
 CardTable entry size: 512
 Card Set container configuration: InlinePtr #cards 4 size 8 Array Of Cards #cards 16 size 48 Howl #buckets 8 coarsen threshold 3686 Howl Bitmap #cards 512 size 80 coarsen threshold 460 Card regions per heap region 1 cards per card region 4096
 CPUs: 4 total, 4 available
 Memory: 7991M
 Large Page Support: Disabled
 NUMA Support: Disabled
 Compressed Oops: Enabled (Zero based)
 Heap Region Size: 2M
 Heap Min Capacity: 8M
 Heap Initial Capacity: 126M
 Heap Max Capacity: 4G
 Pre-touch: Disabled
 Parallel Workers: 4
 Concurrent Workers: 1
 Concurrent Refinement Workers: 4
 Periodic GC: Disabled

Heap:
 garbage-first heap   total 2105344K, used 1047938K [0x0000000700000000, 0x0000000800000000)
  region size 2048K, 72 young (147456K), 11 survivors (22528K)
 Metaspace       used 192371K, committed 194944K, reserved 1245184K
  class space    used 24538K, committed 25856K, reserved 1048576K

Heap Regions: E=young(eden), S=young(survivor), O=old, HS=humongous(starts), HC=humongous(continues), CS=collection set, F=free, TAMS=top-at-mark-start, PB=parsable bottom
|   0|0x0000000700000000, 0x0000000700200000, 0x0000000700200000|100%|HS|  |TAMS 0x0000000700000000| PB 0x0000000700000000| Complete 
|   1|0x0000000700200000, 0x0000000700400000, 0x0000000700400000|100%|HC|  |TAMS 0x0000000700200000| PB 0x0000000700200000| Complete 
|   2|0x0000000700400000, 0x0000000700600000, 0x0000000700600000|100%| O|  |TAMS 0x0000000700400000| PB 0x0000000700400000| Untracked 
|   3|0x0000000700600000, 0x0000000700800000, 0x0000000700800000|100%| O|  |TAMS 0x0000000700600000| PB 0x0000000700600000| Untracked 
|   4|0x0000000700800000, 0x0000000700a00000, 0x0000000700a00000|100%| O|  |TAMS 0x0000000700800000| PB 0x0000000700800000| Untracked 
|   5|0x0000000700a00000, 0x0000000700c00000, 0x0000000700c00000|100%| O|  |TAMS 0x0000000700a00000| PB 0x0000000700a00000| Untracked 
|   6|0x0000000700c00000, 0x0000000700e00000, 0x0000000700e00000|100%| O|  |TAMS 0x0000000700c00000| PB 0x0000000700c00000| Untracked 
|   7|0x0000000700e00000, 0x0000000701000000, 0x0000000701000000|100%| O|  |TAMS 0x0000000700e00000| PB 0x0000000700e00000| Untracked 
|   8|0x0000000701000000, 0x0000000701200000, 0x0000000701200000|100%| O|  |TAMS 0x0000000701000000| PB 0x0000000701000000| Untracked 
|   9|0x0000000701200000, 0x0000000701400000, 0x0000000701400000|100%| O|  |TAMS 0x0000000701200000| PB 0x0000000701200000| Untracked 
|  10|0x0000000701400000, 0x0000000701600000, 0x0000000701600000|100%| O|  |TAMS 0x0000000701400000| PB 0x0000000701400000| Untracked 
|  11|0x0000000701600000, 0x0000000701800000, 0x0000000701800000|100%| O|  |TAMS 0x0000000701600000| PB 0x0000000701600000| Untracked 
|  12|0x0000000701800000, 0x0000000701a00000, 0x0000000701a00000|100%| O|  |TAMS 0x0000000701800000| PB 0x0000000701800000| Untracked 
|  13|0x0000000701a00000, 0x0000000701c00000, 0x0000000701c00000|100%| O|  |TAMS 0x0000000701a00000| PB 0x0000000701a00000| Untracked 
|  14|0x0000000701c00000, 0x0000000701e00000, 0x0000000701e00000|100%| O|  |TAMS 0x0000000701c00000| PB 0x0000000701c00000| Untracked 
|  15|0x0000000701e00000, 0x0000000702000000, 0x0000000702000000|100%| O|  |TAMS 0x0000000701e00000| PB 0x0000000701e00000| Untracked 
|  16|0x0000000702000000, 0x0000000702200000, 0x0000000702200000|100%| O|  |TAMS 0x0000000702000000| PB 0x0000000702000000| Untracked 
|  17|0x0000000702200000, 0x0000000702400000, 0x0000000702400000|100%| O|  |TAMS 0x0000000702200000| PB 0x0000000702200000| Untracked 
|  18|0x0000000702400000, 0x0000000702600000, 0x0000000702600000|100%| O|  |TAMS 0x0000000702400000| PB 0x0000000702400000| Untracked 
|  19|0x0000000702600000, 0x0000000702800000, 0x0000000702800000|100%| O|  |TAMS 0x0000000702600000| PB 0x0000000702600000| Untracked 
|  20|0x0000000702800000, 0x0000000702a00000, 0x0000000702a00000|100%| O|  |TAMS 0x0000000702800000| PB 0x0000000702800000| Untracked 
|  21|0x0000000702a00000, 0x0000000702c00000, 0x0000000702c00000|100%| O|  |TAMS 0x0000000702a00000| PB 0x0000000702a00000| Untracked 
|  22|0x0000000702c00000, 0x0000000702e00000, 0x0000000702e00000|100%| O|  |TAMS 0x0000000702c00000| PB 0x0000000702c00000| Untracked 
|  23|0x0000000702e00000, 0x0000000703000000, 0x0000000703000000|100%| O|  |TAMS 0x0000000702e00000| PB 0x0000000702e00000| Untracked 
|  24|0x0000000703000000, 0x0000000703200000, 0x0000000703200000|100%|HS|  |TAMS 0x0000000703000000| PB 0x0000000703000000| Complete 
|  25|0x0000000703200000, 0x0000000703400000, 0x0000000703400000|100%| O|  |TAMS 0x0000000703200000| PB 0x0000000703200000| Untracked 
|  26|0x0000000703400000, 0x0000000703600000, 0x0000000703600000|100%|HS|  |TAMS 0x0000000703400000| PB 0x0000000703400000| Complete 
|  27|0x0000000703600000, 0x0000000703800000, 0x0000000703800000|100%|HC|  |TAMS 0x0000000703600000| PB 0x0000000703600000| Complete 
|  28|0x0000000703800000, 0x0000000703a00000, 0x0000000703a00000|100%|HS|  |TAMS 0x0000000703800000| PB 0x0000000703800000| Complete 
|  29|0x0000000703a00000, 0x0000000703c00000, 0x0000000703c00000|100%| O|  |TAMS 0x0000000703a00000| PB 0x0000000703a00000| Untracked 
|  30|0x0000000703c00000, 0x0000000703e00000, 0x0000000703e00000|100%| O|  |TAMS 0x0000000703c00000| PB 0x0000000703c00000| Untracked 
|  31|0x0000000703e00000, 0x0000000704000000, 0x0000000704000000|100%| O|  |TAMS 0x0000000703e00000| PB 0x0000000703e00000| Untracked 
|  32|0x0000000704000000, 0x0000000704200000, 0x0000000704200000|100%| O|  |TAMS 0x0000000704000000| PB 0x0000000704000000| Untracked 
|  33|0x0000000704200000, 0x0000000704400000, 0x0000000704400000|100%| O|  |TAMS 0x0000000704200000| PB 0x0000000704200000| Untracked 
|  34|0x0000000704400000, 0x0000000704600000, 0x0000000704600000|100%| O|  |TAMS 0x0000000704400000| PB 0x0000000704400000| Untracked 
|  35|0x0000000704600000, 0x0000000704800000, 0x0000000704800000|100%| O|  |TAMS 0x0000000704600000| PB 0x0000000704600000| Untracked 
|  36|0x0000000704800000, 0x0000000704a00000, 0x0000000704a00000|100%|HS|  |TAMS 0x0000000704800000| PB 0x0000000704800000| Complete 
|  37|0x0000000704a00000, 0x0000000704c00000, 0x0000000704c00000|100%|HC|  |TAMS 0x0000000704a00000| PB 0x0000000704a00000| Complete 
|  38|0x0000000704c00000, 0x0000000704e00000, 0x0000000704e00000|100%| O|  |TAMS 0x0000000704c00000| PB 0x0000000704c00000| Untracked 
|  39|0x0000000704e00000, 0x0000000705000000, 0x0000000705000000|100%| O|  |TAMS 0x0000000704e00000| PB 0x0000000704e00000| Untracked 
|  40|0x0000000705000000, 0x0000000705200000, 0x0000000705200000|100%| O|  |TAMS 0x0000000705000000| PB 0x0000000705000000| Untracked 
|  41|0x0000000705200000, 0x0000000705400000, 0x0000000705400000|100%| O|  |TAMS 0x0000000705200000| PB 0x0000000705200000| Untracked 
|  42|0x0000000705400000, 0x0000000705600000, 0x0000000705600000|100%| O|  |TAMS 0x0000000705400000| PB 0x0000000705400000| Untracked 
|  43|0x0000000705600000, 0x0000000705800000, 0x0000000705800000|100%| O|  |TAMS 0x0000000705600000| PB 0x0000000705600000| Untracked 
|  44|0x0000000705800000, 0x0000000705a00000, 0x0000000705a00000|100%| O|  |TAMS 0x0000000705800000| PB 0x0000000705800000| Untracked 
|  45|0x0000000705a00000, 0x0000000705c00000, 0x0000000705c00000|100%| O|  |TAMS 0x0000000705a00000| PB 0x0000000705a00000| Untracked 
|  46|0x0000000705c00000, 0x0000000705e00000, 0x0000000705e00000|100%| O|  |TAMS 0x0000000705c00000| PB 0x0000000705c00000| Untracked 
|  47|0x0000000705e00000, 0x0000000706000000, 0x0000000706000000|100%| O|  |TAMS 0x0000000705e00000| PB 0x0000000705e00000| Untracked 
|  48|0x0000000706000000, 0x0000000706200000, 0x0000000706200000|100%| O|  |TAMS 0x0000000706000000| PB 0x0000000706000000| Untracked 
|  49|0x0000000706200000, 0x0000000706400000, 0x0000000706400000|100%| O|  |TAMS 0x0000000706200000| PB 0x0000000706200000| Untracked 
|  50|0x0000000706400000, 0x0000000706600000, 0x0000000706600000|100%| O|  |TAMS 0x0000000706400000| PB 0x0000000706400000| Untracked 
|  51|0x0000000706600000, 0x0000000706800000, 0x0000000706800000|100%| O|  |TAMS 0x0000000706600000| PB 0x0000000706600000| Untracked 
|  52|0x0000000706800000, 0x0000000706a00000, 0x0000000706a00000|100%|HS|  |TAMS 0x0000000706800000| PB 0x0000000706800000| Complete 
|  53|0x0000000706a00000, 0x0000000706c00000, 0x0000000706c00000|100%| O|  |TAMS 0x0000000706a00000| PB 0x0000000706a00000| Untracked 
|  54|0x0000000706c00000, 0x0000000706e00000, 0x0000000706e00000|100%| O|  |TAMS 0x0000000706c00000| PB 0x0000000706c00000| Untracked 
|  55|0x0000000706e00000, 0x0000000707000000, 0x0000000707000000|100%| O|  |TAMS 0x0000000706e00000| PB 0x0000000706e00000| Untracked 
|  56|0x0000000707000000, 0x0000000707200000, 0x0000000707200000|100%| O|Cm|TAMS 0x0000000707000000| PB 0x0000000707000000| Complete 
|  57|0x0000000707200000, 0x0000000707400000, 0x0000000707400000|100%| O|  |TAMS 0x0000000707200000| PB 0x0000000707200000| Untracked 
|  58|0x0000000707400000, 0x0000000707600000, 0x0000000707600000|100%| O|  |TAMS 0x0000000707400000| PB 0x0000000707400000| Untracked 
|  59|0x0000000707600000, 0x0000000707800000, 0x0000000707800000|100%| O|  |TAMS 0x0000000707600000| PB 0x0000000707600000| Untracked 
|  60|0x0000000707800000, 0x0000000707a00000, 0x0000000707a00000|100%| O|  |TAMS 0x0000000707800000| PB 0x0000000707800000| Untracked 
|  61|0x0000000707a00000, 0x0000000707c00000, 0x0000000707c00000|100%| O|  |TAMS 0x0000000707a00000| PB 0x0000000707a00000| Untracked 
|  62|0x0000000707c00000, 0x0000000707e00000, 0x0000000707e00000|100%| O|  |TAMS 0x0000000707c00000| PB 0x0000000707c00000| Untracked 
|  63|0x0000000707e00000, 0x0000000708000000, 0x0000000708000000|100%| O|  |TAMS 0x0000000707e00000| PB 0x0000000707e00000| Untracked 
|  64|0x0000000708000000, 0x0000000708200000, 0x0000000708200000|100%| O|  |TAMS 0x0000000708000000| PB 0x0000000708000000| Untracked 
|  65|0x0000000708200000, 0x0000000708400000, 0x0000000708400000|100%| O|  |TAMS 0x0000000708200000| PB 0x0000000708200000| Untracked 
|  66|0x0000000708400000, 0x0000000708600000, 0x0000000708600000|100%| O|  |TAMS 0x0000000708400000| PB 0x0000000708400000| Untracked 
|  67|0x0000000708600000, 0x0000000708800000, 0x0000000708800000|100%| O|  |TAMS 0x0000000708600000| PB 0x0000000708600000| Untracked 
|  68|0x0000000708800000, 0x0000000708a00000, 0x0000000708a00000|100%| O|  |TAMS 0x0000000708800000| PB 0x0000000708800000| Untracked 
|  69|0x0000000708a00000, 0x0000000708c00000, 0x0000000708c00000|100%| O|  |TAMS 0x0000000708a00000| PB 0x0000000708a00000| Untracked 
|  70|0x0000000708c00000, 0x0000000708e00000, 0x0000000708e00000|100%| O|  |TAMS 0x0000000708c00000| PB 0x0000000708c00000| Untracked 
|  71|0x0000000708e00000, 0x0000000709000000, 0x0000000709000000|100%| O|  |TAMS 0x0000000708e00000| PB 0x0000000708e00000| Untracked 
|  72|0x0000000709000000, 0x0000000709200000, 0x0000000709200000|100%| O|  |TAMS 0x0000000709000000| PB 0x0000000709000000| Untracked 
|  73|0x0000000709200000, 0x0000000709400000, 0x0000000709400000|100%|HS|  |TAMS 0x0000000709200000| PB 0x0000000709200000| Complete 
|  74|0x0000000709400000, 0x0000000709600000, 0x0000000709600000|100%| O|  |TAMS 0x0000000709400000| PB 0x0000000709400000| Untracked 
|  75|0x0000000709600000, 0x0000000709800000, 0x0000000709800000|100%| O|  |TAMS 0x0000000709600000| PB 0x0000000709600000| Untracked 
|  76|0x0000000709800000, 0x0000000709a00000, 0x0000000709a00000|100%| O|  |TAMS 0x0000000709800000| PB 0x0000000709800000| Untracked 
|  77|0x0000000709a00000, 0x0000000709c00000, 0x0000000709c00000|100%|HS|  |TAMS 0x0000000709a00000| PB 0x0000000709a00000| Complete 
|  78|0x0000000709c00000, 0x0000000709e00000, 0x0000000709e00000|100%| O|  |TAMS 0x0000000709c00000| PB 0x0000000709c00000| Untracked 
|  79|0x0000000709e00000, 0x000000070a000000, 0x000000070a000000|100%| O|  |TAMS 0x0000000709e00000| PB 0x0000000709e00000| Untracked 
|  80|0x000000070a000000, 0x000000070a200000, 0x000000070a200000|100%| O|  |TAMS 0x000000070a000000| PB 0x000000070a000000| Untracked 
|  81|0x000000070a200000, 0x000000070a400000, 0x000000070a400000|100%|HS|  |TAMS 0x000000070a200000| PB 0x000000070a200000| Complete 
|  82|0x000000070a400000, 0x000000070a600000, 0x000000070a600000|100%| O|  |TAMS 0x000000070a400000| PB 0x000000070a400000| Untracked 
|  83|0x000000070a600000, 0x000000070a800000, 0x000000070a800000|100%| O|  |TAMS 0x000000070a600000| PB 0x000000070a600000| Untracked 
|  84|0x000000070a800000, 0x000000070aa00000, 0x000000070aa00000|100%| O|  |TAMS 0x000000070a800000| PB 0x000000070a800000| Untracked 
|  85|0x000000070aa00000, 0x000000070ac00000, 0x000000070ac00000|100%| O|  |TAMS 0x000000070aa00000| PB 0x000000070aa00000| Untracked 
|  86|0x000000070ac00000, 0x000000070ae00000, 0x000000070ae00000|100%| O|  |TAMS 0x000000070ac00000| PB 0x000000070ac00000| Untracked 
|  87|0x000000070ae00000, 0x000000070b000000, 0x000000070b000000|100%| O|  |TAMS 0x000000070ae00000| PB 0x000000070ae00000| Untracked 
|  88|0x000000070b000000, 0x000000070b200000, 0x000000070b200000|100%| O|  |TAMS 0x000000070b000000| PB 0x000000070b000000| Untracked 
|  89|0x000000070b200000, 0x000000070b400000, 0x000000070b400000|100%| O|  |TAMS 0x000000070b200000| PB 0x000000070b200000| Untracked 
|  90|0x000000070b400000, 0x000000070b600000, 0x000000070b600000|100%| O|  |TAMS 0x000000070b400000| PB 0x000000070b400000| Untracked 
|  91|0x000000070b600000, 0x000000070b800000, 0x000000070b800000|100%| O|  |TAMS 0x000000070b600000| PB 0x000000070b600000| Untracked 
|  92|0x000000070b800000, 0x000000070ba00000, 0x000000070ba00000|100%| O|  |TAMS 0x000000070b800000| PB 0x000000070b800000| Untracked 
|  93|0x000000070ba00000, 0x000000070bc00000, 0x000000070bc00000|100%| O|  |TAMS 0x000000070ba00000| PB 0x000000070ba00000| Untracked 
|  94|0x000000070bc00000, 0x000000070be00000, 0x000000070be00000|100%| O|  |TAMS 0x000000070bc00000| PB 0x000000070bc00000| Untracked 
|  95|0x000000070be00000, 0x000000070c000000, 0x000000070c000000|100%| O|  |TAMS 0x000000070be00000| PB 0x000000070be00000| Untracked 
|  96|0x000000070c000000, 0x000000070c200000, 0x000000070c200000|100%| O|  |TAMS 0x000000070c000000| PB 0x000000070c000000| Untracked 
|  97|0x000000070c200000, 0x000000070c400000, 0x000000070c400000|100%| O|  |TAMS 0x000000070c200000| PB 0x000000070c200000| Untracked 
|  98|0x000000070c400000, 0x000000070c600000, 0x000000070c600000|100%| O|  |TAMS 0x000000070c400000| PB 0x000000070c400000| Untracked 
|  99|0x000000070c600000, 0x000000070c800000, 0x000000070c800000|100%|HS|  |TAMS 0x000000070c600000| PB 0x000000070c600000| Complete 
| 100|0x000000070c800000, 0x000000070ca00000, 0x000000070ca00000|100%| O|  |TAMS 0x000000070c800000| PB 0x000000070c800000| Untracked 
| 101|0x000000070ca00000, 0x000000070cc00000, 0x000000070cc00000|100%| O|  |TAMS 0x000000070ca00000| PB 0x000000070ca00000| Untracked 
| 102|0x000000070cc00000, 0x000000070ce00000, 0x000000070ce00000|100%| O|  |TAMS 0x000000070cc00000| PB 0x000000070cc00000| Untracked 
| 103|0x000000070ce00000, 0x000000070d000000, 0x000000070d000000|100%| O|  |TAMS 0x000000070ce00000| PB 0x000000070ce00000| Untracked 
| 104|0x000000070d000000, 0x000000070d200000, 0x000000070d200000|100%| O|  |TAMS 0x000000070d000000| PB 0x000000070d000000| Untracked 
| 105|0x000000070d200000, 0x000000070d400000, 0x000000070d400000|100%| O|  |TAMS 0x000000070d200000| PB 0x000000070d200000| Untracked 
| 106|0x000000070d400000, 0x000000070d600000, 0x000000070d600000|100%| O|  |TAMS 0x000000070d400000| PB 0x000000070d400000| Untracked 
| 107|0x000000070d600000, 0x000000070d800000, 0x000000070d800000|100%| O|  |TAMS 0x000000070d600000| PB 0x000000070d600000| Untracked 
| 108|0x000000070d800000, 0x000000070da00000, 0x000000070da00000|100%| O|  |TAMS 0x000000070d800000| PB 0x000000070d800000| Untracked 
| 109|0x000000070da00000, 0x000000070dc00000, 0x000000070dc00000|100%| O|  |TAMS 0x000000070da00000| PB 0x000000070da00000| Untracked 
| 110|0x000000070dc00000, 0x000000070de00000, 0x000000070de00000|100%| O|  |TAMS 0x000000070dc00000| PB 0x000000070dc00000| Untracked 
| 111|0x000000070de00000, 0x000000070e000000, 0x000000070e000000|100%| O|  |TAMS 0x000000070de00000| PB 0x000000070de00000| Untracked 
| 112|0x000000070e000000, 0x000000070e200000, 0x000000070e200000|100%| O|  |TAMS 0x000000070e000000| PB 0x000000070e000000| Untracked 
| 113|0x000000070e200000, 0x000000070e400000, 0x000000070e400000|100%| O|  |TAMS 0x000000070e200000| PB 0x000000070e200000| Untracked 
| 114|0x000000070e400000, 0x000000070e600000, 0x000000070e600000|100%| O|  |TAMS 0x000000070e400000| PB 0x000000070e400000| Untracked 
| 115|0x000000070e600000, 0x000000070e800000, 0x000000070e800000|100%| O|  |TAMS 0x000000070e600000| PB 0x000000070e600000| Untracked 
| 116|0x000000070e800000, 0x000000070ea00000, 0x000000070ea00000|100%| O|  |TAMS 0x000000070e800000| PB 0x000000070e800000| Untracked 
| 117|0x000000070ea00000, 0x000000070ec00000, 0x000000070ec00000|100%| O|Cm|TAMS 0x000000070ea00000| PB 0x000000070ea00000| Complete 
| 118|0x000000070ec00000, 0x000000070ee00000, 0x000000070ee00000|100%|HS|  |TAMS 0x000000070ec00000| PB 0x000000070ec00000| Complete 
| 119|0x000000070ee00000, 0x000000070f000000, 0x000000070f000000|100%| O|  |TAMS 0x000000070ee00000| PB 0x000000070ee00000| Untracked 
| 120|0x000000070f000000, 0x000000070f200000, 0x000000070f200000|100%| O|  |TAMS 0x000000070f000000| PB 0x000000070f000000| Untracked 
| 121|0x000000070f200000, 0x000000070f400000, 0x000000070f400000|100%|HS|  |TAMS 0x000000070f200000| PB 0x000000070f200000| Complete 
| 122|0x000000070f400000, 0x000000070f600000, 0x000000070f600000|100%| O|  |TAMS 0x000000070f400000| PB 0x000000070f400000| Untracked 
| 123|0x000000070f600000, 0x000000070f800000, 0x000000070f800000|100%| O|  |TAMS 0x000000070f600000| PB 0x000000070f600000| Untracked 
| 124|0x000000070f800000, 0x000000070fa00000, 0x000000070fa00000|100%| O|  |TAMS 0x000000070f800000| PB 0x000000070f800000| Untracked 
| 125|0x000000070fa00000, 0x000000070fc00000, 0x000000070fc00000|100%| O|  |TAMS 0x000000070fa00000| PB 0x000000070fa00000| Untracked 
| 126|0x000000070fc00000, 0x000000070fe00000, 0x000000070fe00000|100%| O|  |TAMS 0x000000070fc00000| PB 0x000000070fc00000| Untracked 
| 127|0x000000070fe00000, 0x0000000710000000, 0x0000000710000000|100%| O|  |TAMS 0x000000070fe00000| PB 0x000000070fe00000| Untracked 
| 128|0x0000000710000000, 0x0000000710200000, 0x0000000710200000|100%| O|  |TAMS 0x0000000710000000| PB 0x0000000710000000| Untracked 
| 129|0x0000000710200000, 0x0000000710400000, 0x0000000710400000|100%| O|  |TAMS 0x0000000710200000| PB 0x0000000710200000| Untracked 
| 130|0x0000000710400000, 0x0000000710600000, 0x0000000710600000|100%| O|  |TAMS 0x0000000710400000| PB 0x0000000710400000| Untracked 
| 131|0x0000000710600000, 0x0000000710800000, 0x0000000710800000|100%| O|  |TAMS 0x0000000710600000| PB 0x0000000710600000| Untracked 
| 132|0x0000000710800000, 0x0000000710a00000, 0x0000000710a00000|100%| O|  |TAMS 0x0000000710800000| PB 0x0000000710800000| Untracked 
| 133|0x0000000710a00000, 0x0000000710c00000, 0x0000000710c00000|100%| O|  |TAMS 0x0000000710a00000| PB 0x0000000710a00000| Untracked 
| 134|0x0000000710c00000, 0x0000000710e00000, 0x0000000710e00000|100%| O|  |TAMS 0x0000000710c00000| PB 0x0000000710c00000| Untracked 
| 135|0x0000000710e00000, 0x0000000711000000, 0x0000000711000000|100%| O|  |TAMS 0x0000000710e00000| PB 0x0000000710e00000| Untracked 
| 136|0x0000000711000000, 0x0000000711200000, 0x0000000711200000|100%| O|  |TAMS 0x0000000711000000| PB 0x0000000711000000| Untracked 
| 137|0x0000000711200000, 0x0000000711400000, 0x0000000711400000|100%| O|  |TAMS 0x0000000711200000| PB 0x0000000711200000| Untracked 
| 138|0x0000000711400000, 0x0000000711600000, 0x0000000711600000|100%| O|  |TAMS 0x0000000711400000| PB 0x0000000711400000| Untracked 
| 139|0x0000000711600000, 0x0000000711800000, 0x0000000711800000|100%| O|  |TAMS 0x0000000711600000| PB 0x0000000711600000| Untracked 
| 140|0x0000000711800000, 0x0000000711a00000, 0x0000000711a00000|100%| O|  |TAMS 0x0000000711800000| PB 0x0000000711800000| Untracked 
| 141|0x0000000711a00000, 0x0000000711c00000, 0x0000000711c00000|100%| O|  |TAMS 0x0000000711a00000| PB 0x0000000711a00000| Untracked 
| 142|0x0000000711c00000, 0x0000000711e00000, 0x0000000711e00000|100%| O|  |TAMS 0x0000000711c00000| PB 0x0000000711c00000| Untracked 
| 143|0x0000000711e00000, 0x0000000712000000, 0x0000000712000000|100%| O|  |TAMS 0x0000000711e00000| PB 0x0000000711e00000| Untracked 
| 144|0x0000000712000000, 0x0000000712200000, 0x0000000712200000|100%| O|Cm|TAMS 0x0000000712000000| PB 0x0000000712000000| Complete 
| 145|0x0000000712200000, 0x0000000712400000, 0x0000000712400000|100%| O|  |TAMS 0x0000000712200000| PB 0x0000000712200000| Untracked 
| 146|0x0000000712400000, 0x0000000712600000, 0x0000000712600000|100%| O|  |TAMS 0x0000000712400000| PB 0x0000000712400000| Untracked 
| 147|0x0000000712600000, 0x0000000712800000, 0x0000000712800000|100%| O|  |TAMS 0x0000000712600000| PB 0x0000000712600000| Untracked 
| 148|0x0000000712800000, 0x0000000712a00000, 0x0000000712a00000|100%| O|  |TAMS 0x0000000712800000| PB 0x0000000712800000| Untracked 
| 149|0x0000000712a00000, 0x0000000712c00000, 0x0000000712c00000|100%| O|  |TAMS 0x0000000712a00000| PB 0x0000000712a00000| Untracked 
| 150|0x0000000712c00000, 0x0000000712e00000, 0x0000000712e00000|100%| O|  |TAMS 0x0000000712c00000| PB 0x0000000712c00000| Untracked 
| 151|0x0000000712e00000, 0x0000000713000000, 0x0000000713000000|100%| O|  |TAMS 0x0000000712e00000| PB 0x0000000712e00000| Untracked 
| 152|0x0000000713000000, 0x0000000713200000, 0x0000000713200000|100%| O|  |TAMS 0x0000000713000000| PB 0x0000000713000000| Untracked 
| 153|0x0000000713200000, 0x0000000713400000, 0x0000000713400000|100%| O|  |TAMS 0x0000000713200000| PB 0x0000000713200000| Untracked 
| 154|0x0000000713400000, 0x0000000713600000, 0x0000000713600000|100%| O|  |TAMS 0x0000000713400000| PB 0x0000000713400000| Untracked 
| 155|0x0000000713600000, 0x0000000713800000, 0x0000000713800000|100%| O|  |TAMS 0x0000000713600000| PB 0x0000000713600000| Untracked 
| 156|0x0000000713800000, 0x0000000713a00000, 0x0000000713a00000|100%| O|  |TAMS 0x0000000713800000| PB 0x0000000713800000| Untracked 
| 157|0x0000000713a00000, 0x0000000713c00000, 0x0000000713c00000|100%| O|  |TAMS 0x0000000713a00000| PB 0x0000000713a00000| Untracked 
| 158|0x0000000713c00000, 0x0000000713e00000, 0x0000000713e00000|100%| O|  |TAMS 0x0000000713c00000| PB 0x0000000713c00000| Untracked 
| 159|0x0000000713e00000, 0x0000000714000000, 0x0000000714000000|100%| O|  |TAMS 0x0000000713e00000| PB 0x0000000713e00000| Untracked 
| 160|0x0000000714000000, 0x0000000714200000, 0x0000000714200000|100%| O|  |TAMS 0x0000000714000000| PB 0x0000000714000000| Untracked 
| 161|0x0000000714200000, 0x0000000714400000, 0x0000000714400000|100%| O|  |TAMS 0x0000000714200000| PB 0x0000000714200000| Untracked 
| 162|0x0000000714400000, 0x0000000714600000, 0x0000000714600000|100%| O|  |TAMS 0x0000000714400000| PB 0x0000000714400000| Untracked 
| 163|0x0000000714600000, 0x0000000714800000, 0x0000000714800000|100%| O|  |TAMS 0x0000000714600000| PB 0x0000000714600000| Untracked 
| 164|0x0000000714800000, 0x0000000714a00000, 0x0000000714a00000|100%| O|  |TAMS 0x0000000714800000| PB 0x0000000714800000| Untracked 
| 165|0x0000000714a00000, 0x0000000714c00000, 0x0000000714c00000|100%| O|  |TAMS 0x0000000714a00000| PB 0x0000000714a00000| Untracked 
| 166|0x0000000714c00000, 0x0000000714e00000, 0x0000000714e00000|100%| O|  |TAMS 0x0000000714c00000| PB 0x0000000714c00000| Untracked 
| 167|0x0000000714e00000, 0x0000000715000000, 0x0000000715000000|100%| O|  |TAMS 0x0000000714e00000| PB 0x0000000714e00000| Untracked 
| 168|0x0000000715000000, 0x0000000715200000, 0x0000000715200000|100%| O|  |TAMS 0x0000000715000000| PB 0x0000000715000000| Untracked 
| 169|0x0000000715200000, 0x0000000715400000, 0x0000000715400000|100%| O|  |TAMS 0x0000000715200000| PB 0x0000000715200000| Untracked 
| 170|0x0000000715400000, 0x0000000715600000, 0x0000000715600000|100%| O|  |TAMS 0x0000000715400000| PB 0x0000000715400000| Untracked 
| 171|0x0000000715600000, 0x0000000715800000, 0x0000000715800000|100%| O|  |TAMS 0x0000000715600000| PB 0x0000000715600000| Untracked 
| 172|0x0000000715800000, 0x0000000715a00000, 0x0000000715a00000|100%| O|  |TAMS 0x0000000715800000| PB 0x0000000715800000| Untracked 
| 173|0x0000000715a00000, 0x0000000715c00000, 0x0000000715c00000|100%| O|  |TAMS 0x0000000715a00000| PB 0x0000000715a00000| Untracked 
| 174|0x0000000715c00000, 0x0000000715e00000, 0x0000000715e00000|100%| O|  |TAMS 0x0000000715c00000| PB 0x0000000715c00000| Untracked 
| 175|0x0000000715e00000, 0x0000000716000000, 0x0000000716000000|100%| O|  |TAMS 0x0000000715e00000| PB 0x0000000715e00000| Untracked 
| 176|0x0000000716000000, 0x0000000716200000, 0x0000000716200000|100%| O|  |TAMS 0x0000000716000000| PB 0x0000000716000000| Untracked 
| 177|0x0000000716200000, 0x0000000716400000, 0x0000000716400000|100%| O|  |TAMS 0x0000000716200000| PB 0x0000000716200000| Untracked 
| 178|0x0000000716400000, 0x0000000716600000, 0x0000000716600000|100%| O|  |TAMS 0x0000000716400000| PB 0x0000000716400000| Untracked 
| 179|0x0000000716600000, 0x0000000716800000, 0x0000000716800000|100%| O|  |TAMS 0x0000000716600000| PB 0x0000000716600000| Untracked 
| 180|0x0000000716800000, 0x0000000716a00000, 0x0000000716a00000|100%| O|  |TAMS 0x0000000716800000| PB 0x0000000716800000| Untracked 
| 181|0x0000000716a00000, 0x0000000716c00000, 0x0000000716c00000|100%| O|  |TAMS 0x0000000716a00000| PB 0x0000000716a00000| Untracked 
| 182|0x0000000716c00000, 0x0000000716e00000, 0x0000000716e00000|100%| O|Cm|TAMS 0x0000000716c00000| PB 0x0000000716c00000| Complete 
| 183|0x0000000716e00000, 0x0000000717000000, 0x0000000717000000|100%| O|  |TAMS 0x0000000716e00000| PB 0x0000000716e00000| Untracked 
| 184|0x0000000717000000, 0x0000000717200000, 0x0000000717200000|100%| O|  |TAMS 0x0000000717000000| PB 0x0000000717000000| Untracked 
| 185|0x0000000717200000, 0x0000000717400000, 0x0000000717400000|100%| O|  |TAMS 0x0000000717200000| PB 0x0000000717200000| Untracked 
| 186|0x0000000717400000, 0x0000000717600000, 0x0000000717600000|100%| O|  |TAMS 0x0000000717400000| PB 0x0000000717400000| Untracked 
| 187|0x0000000717600000, 0x0000000717800000, 0x0000000717800000|100%| O|  |TAMS 0x0000000717600000| PB 0x0000000717600000| Untracked 
| 188|0x0000000717800000, 0x0000000717a00000, 0x0000000717a00000|100%| O|  |TAMS 0x0000000717800000| PB 0x0000000717800000| Untracked 
| 189|0x0000000717a00000, 0x0000000717c00000, 0x0000000717c00000|100%| O|  |TAMS 0x0000000717a00000| PB 0x0000000717a00000| Untracked 
| 190|0x0000000717c00000, 0x0000000717e00000, 0x0000000717e00000|100%| O|  |TAMS 0x0000000717c00000| PB 0x0000000717c00000| Untracked 
| 191|0x0000000717e00000, 0x0000000718000000, 0x0000000718000000|100%| O|  |TAMS 0x0000000717e00000| PB 0x0000000717e00000| Untracked 
| 192|0x0000000718000000, 0x0000000718200000, 0x0000000718200000|100%| O|  |TAMS 0x0000000718000000| PB 0x0000000718000000| Untracked 
| 193|0x0000000718200000, 0x0000000718400000, 0x0000000718400000|100%| O|  |TAMS 0x0000000718200000| PB 0x0000000718200000| Untracked 
| 194|0x0000000718400000, 0x0000000718600000, 0x0000000718600000|100%| O|  |TAMS 0x0000000718400000| PB 0x0000000718400000| Untracked 
| 195|0x0000000718600000, 0x0000000718800000, 0x0000000718800000|100%| O|  |TAMS 0x0000000718600000| PB 0x0000000718600000| Untracked 
| 196|0x0000000718800000, 0x0000000718a00000, 0x0000000718a00000|100%| O|  |TAMS 0x0000000718800000| PB 0x0000000718800000| Untracked 
| 197|0x0000000718a00000, 0x0000000718c00000, 0x0000000718c00000|100%| O|  |TAMS 0x0000000718a00000| PB 0x0000000718a00000| Untracked 
| 198|0x0000000718c00000, 0x0000000718e00000, 0x0000000718e00000|100%| O|  |TAMS 0x0000000718c00000| PB 0x0000000718c00000| Untracked 
| 199|0x0000000718e00000, 0x0000000719000000, 0x0000000719000000|100%| O|  |TAMS 0x0000000718e00000| PB 0x0000000718e00000| Untracked 
| 200|0x0000000719000000, 0x0000000719200000, 0x0000000719200000|100%| O|  |TAMS 0x0000000719000000| PB 0x0000000719000000| Untracked 
| 201|0x0000000719200000, 0x0000000719400000, 0x0000000719400000|100%| O|  |TAMS 0x0000000719200000| PB 0x0000000719200000| Untracked 
| 202|0x0000000719400000, 0x0000000719600000, 0x0000000719600000|100%| O|  |TAMS 0x0000000719400000| PB 0x0000000719400000| Untracked 
| 203|0x0000000719600000, 0x0000000719800000, 0x0000000719800000|100%| O|  |TAMS 0x0000000719600000| PB 0x0000000719600000| Untracked 
| 204|0x0000000719800000, 0x0000000719a00000, 0x0000000719a00000|100%| O|  |TAMS 0x0000000719800000| PB 0x0000000719800000| Untracked 
| 205|0x0000000719a00000, 0x0000000719c00000, 0x0000000719c00000|100%| O|  |TAMS 0x0000000719a00000| PB 0x0000000719a00000| Untracked 
| 206|0x0000000719c00000, 0x0000000719e00000, 0x0000000719e00000|100%| O|  |TAMS 0x0000000719c00000| PB 0x0000000719c00000| Untracked 
| 207|0x0000000719e00000, 0x000000071a000000, 0x000000071a000000|100%| O|  |TAMS 0x0000000719e00000| PB 0x0000000719e00000| Untracked 
| 208|0x000000071a000000, 0x000000071a200000, 0x000000071a200000|100%| O|  |TAMS 0x000000071a000000| PB 0x000000071a000000| Untracked 
| 209|0x000000071a200000, 0x000000071a400000, 0x000000071a400000|100%| O|  |TAMS 0x000000071a200000| PB 0x000000071a200000| Untracked 
| 210|0x000000071a400000, 0x000000071a600000, 0x000000071a600000|100%| O|  |TAMS 0x000000071a400000| PB 0x000000071a400000| Untracked 
| 211|0x000000071a600000, 0x000000071a800000, 0x000000071a800000|100%| O|  |TAMS 0x000000071a600000| PB 0x000000071a600000| Untracked 
| 212|0x000000071a800000, 0x000000071aa00000, 0x000000071aa00000|100%| O|  |TAMS 0x000000071a800000| PB 0x000000071a800000| Untracked 
| 213|0x000000071aa00000, 0x000000071ac00000, 0x000000071ac00000|100%| O|  |TAMS 0x000000071aa00000| PB 0x000000071aa00000| Untracked 
| 214|0x000000071ac00000, 0x000000071ae00000, 0x000000071ae00000|100%| O|  |TAMS 0x000000071ac00000| PB 0x000000071ac00000| Untracked 
| 215|0x000000071ae00000, 0x000000071b000000, 0x000000071b000000|100%| O|  |TAMS 0x000000071ae00000| PB 0x000000071ae00000| Untracked 
| 216|0x000000071b000000, 0x000000071b200000, 0x000000071b200000|100%| O|  |TAMS 0x000000071b000000| PB 0x000000071b000000| Untracked 
| 217|0x000000071b200000, 0x000000071b400000, 0x000000071b400000|100%| O|  |TAMS 0x000000071b200000| PB 0x000000071b200000| Untracked 
| 218|0x000000071b400000, 0x000000071b600000, 0x000000071b600000|100%| O|  |TAMS 0x000000071b400000| PB 0x000000071b400000| Untracked 
| 219|0x000000071b600000, 0x000000071b800000, 0x000000071b800000|100%| O|  |TAMS 0x000000071b600000| PB 0x000000071b600000| Untracked 
| 220|0x000000071b800000, 0x000000071ba00000, 0x000000071ba00000|100%| O|  |TAMS 0x000000071b800000| PB 0x000000071b800000| Untracked 
| 221|0x000000071ba00000, 0x000000071bc00000, 0x000000071bc00000|100%| O|  |TAMS 0x000000071ba00000| PB 0x000000071ba00000| Untracked 
| 222|0x000000071bc00000, 0x000000071be00000, 0x000000071be00000|100%| O|  |TAMS 0x000000071bc00000| PB 0x000000071bc00000| Untracked 
| 223|0x000000071be00000, 0x000000071c000000, 0x000000071c000000|100%| O|  |TAMS 0x000000071be00000| PB 0x000000071be00000| Untracked 
| 224|0x000000071c000000, 0x000000071c200000, 0x000000071c200000|100%| O|  |TAMS 0x000000071c000000| PB 0x000000071c000000| Untracked 
| 225|0x000000071c200000, 0x000000071c400000, 0x000000071c400000|100%| O|  |TAMS 0x000000071c200000| PB 0x000000071c200000| Untracked 
| 226|0x000000071c400000, 0x000000071c600000, 0x000000071c600000|100%| O|  |TAMS 0x000000071c400000| PB 0x000000071c400000| Untracked 
| 227|0x000000071c600000, 0x000000071c800000, 0x000000071c800000|100%| O|  |TAMS 0x000000071c600000| PB 0x000000071c600000| Untracked 
| 228|0x000000071c800000, 0x000000071ca00000, 0x000000071ca00000|100%|HS|  |TAMS 0x000000071c800000| PB 0x000000071c800000| Complete 
| 229|0x000000071ca00000, 0x000000071cc00000, 0x000000071cc00000|100%|HC|  |TAMS 0x000000071ca00000| PB 0x000000071ca00000| Complete 
| 230|0x000000071cc00000, 0x000000071ce00000, 0x000000071ce00000|100%| O|  |TAMS 0x000000071cc00000| PB 0x000000071cc00000| Untracked 
| 231|0x000000071ce00000, 0x000000071d000000, 0x000000071d000000|100%| O|  |TAMS 0x000000071ce00000| PB 0x000000071ce00000| Untracked 
| 232|0x000000071d000000, 0x000000071d200000, 0x000000071d200000|100%| O|  |TAMS 0x000000071d000000| PB 0x000000071d000000| Untracked 
| 233|0x000000071d200000, 0x000000071d400000, 0x000000071d400000|100%| O|  |TAMS 0x000000071d200000| PB 0x000000071d200000| Untracked 
| 234|0x000000071d400000, 0x000000071d600000, 0x000000071d600000|100%| O|  |TAMS 0x000000071d400000| PB 0x000000071d400000| Untracked 
| 235|0x000000071d600000, 0x000000071d800000, 0x000000071d800000|100%| O|  |TAMS 0x000000071d600000| PB 0x000000071d600000| Untracked 
| 236|0x000000071d800000, 0x000000071da00000, 0x000000071da00000|100%| O|  |TAMS 0x000000071d800000| PB 0x000000071d800000| Untracked 
| 237|0x000000071da00000, 0x000000071dc00000, 0x000000071dc00000|100%| O|  |TAMS 0x000000071da00000| PB 0x000000071da00000| Untracked 
| 238|0x000000071dc00000, 0x000000071de00000, 0x000000071de00000|100%| O|  |TAMS 0x000000071dc00000| PB 0x000000071dc00000| Untracked 
| 239|0x000000071de00000, 0x000000071e000000, 0x000000071e000000|100%| O|  |TAMS 0x000000071de00000| PB 0x000000071de00000| Untracked 
| 240|0x000000071e000000, 0x000000071e200000, 0x000000071e200000|100%| O|  |TAMS 0x000000071e000000| PB 0x000000071e000000| Untracked 
| 241|0x000000071e200000, 0x000000071e400000, 0x000000071e400000|100%| O|  |TAMS 0x000000071e200000| PB 0x000000071e200000| Untracked 
| 242|0x000000071e400000, 0x000000071e600000, 0x000000071e600000|100%| O|  |TAMS 0x000000071e400000| PB 0x000000071e400000| Untracked 
| 243|0x000000071e600000, 0x000000071e800000, 0x000000071e800000|100%| O|  |TAMS 0x000000071e600000| PB 0x000000071e600000| Untracked 
| 244|0x000000071e800000, 0x000000071ea00000, 0x000000071ea00000|100%| O|  |TAMS 0x000000071e800000| PB 0x000000071e800000| Untracked 
| 245|0x000000071ea00000, 0x000000071ec00000, 0x000000071ec00000|100%| O|  |TAMS 0x000000071ea00000| PB 0x000000071ea00000| Untracked 
| 246|0x000000071ec00000, 0x000000071ee00000, 0x000000071ee00000|100%| O|  |TAMS 0x000000071ec00000| PB 0x000000071ec00000| Untracked 
| 247|0x000000071ee00000, 0x000000071f000000, 0x000000071f000000|100%| O|  |TAMS 0x000000071ee00000| PB 0x000000071ee00000| Untracked 
| 248|0x000000071f000000, 0x000000071f200000, 0x000000071f200000|100%| O|  |TAMS 0x000000071f000000| PB 0x000000071f000000| Untracked 
| 249|0x000000071f200000, 0x000000071f400000, 0x000000071f400000|100%| O|  |TAMS 0x000000071f200000| PB 0x000000071f200000| Untracked 
| 250|0x000000071f400000, 0x000000071f600000, 0x000000071f600000|100%| O|  |TAMS 0x000000071f400000| PB 0x000000071f400000| Untracked 
| 251|0x000000071f600000, 0x000000071f800000, 0x000000071f800000|100%| O|  |TAMS 0x000000071f600000| PB 0x000000071f600000| Untracked 
| 252|0x000000071f800000, 0x000000071fa00000, 0x000000071fa00000|100%| O|  |TAMS 0x000000071f800000| PB 0x000000071f800000| Untracked 
| 253|0x000000071fa00000, 0x000000071fc00000, 0x000000071fc00000|100%| O|  |TAMS 0x000000071fa00000| PB 0x000000071fa00000| Untracked 
| 254|0x000000071fc00000, 0x000000071fe00000, 0x000000071fe00000|100%| O|  |TAMS 0x000000071fc00000| PB 0x000000071fc00000| Untracked 
| 255|0x000000071fe00000, 0x0000000720000000, 0x0000000720000000|100%| O|  |TAMS 0x000000071fe00000| PB 0x000000071fe00000| Untracked 
| 256|0x0000000720000000, 0x0000000720200000, 0x0000000720200000|100%| O|  |TAMS 0x0000000720000000| PB 0x0000000720000000| Untracked 
| 257|0x0000000720200000, 0x0000000720400000, 0x0000000720400000|100%| O|  |TAMS 0x0000000720200000| PB 0x0000000720200000| Untracked 
| 258|0x0000000720400000, 0x0000000720600000, 0x0000000720600000|100%| O|  |TAMS 0x0000000720400000| PB 0x0000000720400000| Untracked 
| 259|0x0000000720600000, 0x0000000720800000, 0x0000000720800000|100%| O|  |TAMS 0x0000000720600000| PB 0x0000000720600000| Untracked 
| 260|0x0000000720800000, 0x0000000720a00000, 0x0000000720a00000|100%| O|  |TAMS 0x0000000720800000| PB 0x0000000720800000| Untracked 
| 261|0x0000000720a00000, 0x0000000720c00000, 0x0000000720c00000|100%| O|  |TAMS 0x0000000720a00000| PB 0x0000000720a00000| Untracked 
| 262|0x0000000720c00000, 0x0000000720e00000, 0x0000000720e00000|100%| O|  |TAMS 0x0000000720c00000| PB 0x0000000720c00000| Untracked 
| 263|0x0000000720e00000, 0x0000000721000000, 0x0000000721000000|100%| O|  |TAMS 0x0000000720e00000| PB 0x0000000720e00000| Untracked 
| 264|0x0000000721000000, 0x0000000721200000, 0x0000000721200000|100%| O|  |TAMS 0x0000000721000000| PB 0x0000000721000000| Untracked 
| 265|0x0000000721200000, 0x0000000721400000, 0x0000000721400000|100%| O|  |TAMS 0x0000000721200000| PB 0x0000000721200000| Untracked 
| 266|0x0000000721400000, 0x0000000721600000, 0x0000000721600000|100%| O|  |TAMS 0x0000000721400000| PB 0x0000000721400000| Untracked 
| 267|0x0000000721600000, 0x0000000721800000, 0x0000000721800000|100%| O|  |TAMS 0x0000000721600000| PB 0x0000000721600000| Untracked 
| 268|0x0000000721800000, 0x0000000721a00000, 0x0000000721a00000|100%| O|  |TAMS 0x0000000721800000| PB 0x0000000721800000| Untracked 
| 269|0x0000000721a00000, 0x0000000721c00000, 0x0000000721c00000|100%| O|  |TAMS 0x0000000721a00000| PB 0x0000000721a00000| Untracked 
| 270|0x0000000721c00000, 0x0000000721e00000, 0x0000000721e00000|100%| O|  |TAMS 0x0000000721c00000| PB 0x0000000721c00000| Untracked 
| 271|0x0000000721e00000, 0x0000000722000000, 0x0000000722000000|100%| O|  |TAMS 0x0000000721e00000| PB 0x0000000721e00000| Untracked 
| 272|0x0000000722000000, 0x0000000722200000, 0x0000000722200000|100%| O|  |TAMS 0x0000000722000000| PB 0x0000000722000000| Untracked 
| 273|0x0000000722200000, 0x0000000722400000, 0x0000000722400000|100%| O|  |TAMS 0x0000000722200000| PB 0x0000000722200000| Untracked 
| 274|0x0000000722400000, 0x0000000722600000, 0x0000000722600000|100%| O|  |TAMS 0x0000000722400000| PB 0x0000000722400000| Untracked 
| 275|0x0000000722600000, 0x0000000722800000, 0x0000000722800000|100%| O|  |TAMS 0x0000000722600000| PB 0x0000000722600000| Untracked 
| 276|0x0000000722800000, 0x0000000722a00000, 0x0000000722a00000|100%| O|  |TAMS 0x0000000722800000| PB 0x0000000722800000| Untracked 
| 277|0x0000000722a00000, 0x0000000722c00000, 0x0000000722c00000|100%| O|  |TAMS 0x0000000722a00000| PB 0x0000000722a00000| Untracked 
| 278|0x0000000722c00000, 0x0000000722e00000, 0x0000000722e00000|100%| O|  |TAMS 0x0000000722c00000| PB 0x0000000722c00000| Untracked 
| 279|0x0000000722e00000, 0x0000000723000000, 0x0000000723000000|100%| O|  |TAMS 0x0000000722e00000| PB 0x0000000722e00000| Untracked 
| 280|0x0000000723000000, 0x0000000723200000, 0x0000000723200000|100%| O|  |TAMS 0x0000000723000000| PB 0x0000000723000000| Untracked 
| 281|0x0000000723200000, 0x0000000723400000, 0x0000000723400000|100%|HS|  |TAMS 0x0000000723200000| PB 0x0000000723200000| Complete 
| 282|0x0000000723400000, 0x0000000723600000, 0x0000000723600000|100%| O|  |TAMS 0x0000000723400000| PB 0x0000000723400000| Untracked 
| 283|0x0000000723600000, 0x0000000723800000, 0x0000000723800000|100%| O|  |TAMS 0x0000000723600000| PB 0x0000000723600000| Untracked 
| 284|0x0000000723800000, 0x0000000723a00000, 0x0000000723a00000|100%| O|  |TAMS 0x0000000723800000| PB 0x0000000723800000| Untracked 
| 285|0x0000000723a00000, 0x0000000723c00000, 0x0000000723c00000|100%| O|  |TAMS 0x0000000723a00000| PB 0x0000000723a00000| Untracked 
| 286|0x0000000723c00000, 0x0000000723e00000, 0x0000000723e00000|100%| O|  |TAMS 0x0000000723c00000| PB 0x0000000723c00000| Untracked 
| 287|0x0000000723e00000, 0x0000000724000000, 0x0000000724000000|100%| O|  |TAMS 0x0000000723e00000| PB 0x0000000723e00000| Untracked 
| 288|0x0000000724000000, 0x0000000724200000, 0x0000000724200000|100%|HS|  |TAMS 0x0000000724000000| PB 0x0000000724000000| Complete 
| 289|0x0000000724200000, 0x0000000724400000, 0x0000000724400000|100%| O|  |TAMS 0x0000000724200000| PB 0x0000000724200000| Untracked 
| 290|0x0000000724400000, 0x0000000724600000, 0x0000000724600000|100%| O|  |TAMS 0x0000000724400000| PB 0x0000000724400000| Untracked 
| 291|0x0000000724600000, 0x0000000724800000, 0x0000000724800000|100%| O|  |TAMS 0x0000000724600000| PB 0x0000000724600000| Untracked 
| 292|0x0000000724800000, 0x0000000724a00000, 0x0000000724a00000|100%| O|  |TAMS 0x0000000724800000| PB 0x0000000724800000| Untracked 
| 293|0x0000000724a00000, 0x0000000724c00000, 0x0000000724c00000|100%| O|  |TAMS 0x0000000724a00000| PB 0x0000000724a00000| Untracked 
| 294|0x0000000724c00000, 0x0000000724e00000, 0x0000000724e00000|100%| O|  |TAMS 0x0000000724c00000| PB 0x0000000724c00000| Untracked 
| 295|0x0000000724e00000, 0x0000000725000000, 0x0000000725000000|100%| O|  |TAMS 0x0000000724e00000| PB 0x0000000724e00000| Untracked 
| 296|0x0000000725000000, 0x0000000725200000, 0x0000000725200000|100%| O|  |TAMS 0x0000000725000000| PB 0x0000000725000000| Untracked 
| 297|0x0000000725200000, 0x0000000725400000, 0x0000000725400000|100%| O|  |TAMS 0x0000000725200000| PB 0x0000000725200000| Untracked 
| 298|0x0000000725400000, 0x0000000725600000, 0x0000000725600000|100%| O|  |TAMS 0x0000000725400000| PB 0x0000000725400000| Untracked 
| 299|0x0000000725600000, 0x0000000725800000, 0x0000000725800000|100%| O|  |TAMS 0x0000000725600000| PB 0x0000000725600000| Untracked 
| 300|0x0000000725800000, 0x0000000725a00000, 0x0000000725a00000|100%| O|  |TAMS 0x0000000725800000| PB 0x0000000725800000| Untracked 
| 301|0x0000000725a00000, 0x0000000725c00000, 0x0000000725c00000|100%| O|  |TAMS 0x0000000725a00000| PB 0x0000000725a00000| Untracked 
| 302|0x0000000725c00000, 0x0000000725e00000, 0x0000000725e00000|100%| O|  |TAMS 0x0000000725c00000| PB 0x0000000725c00000| Untracked 
| 303|0x0000000725e00000, 0x0000000726000000, 0x0000000726000000|100%| O|  |TAMS 0x0000000725e00000| PB 0x0000000725e00000| Untracked 
| 304|0x0000000726000000, 0x0000000726200000, 0x0000000726200000|100%| O|  |TAMS 0x0000000726000000| PB 0x0000000726000000| Untracked 
| 305|0x0000000726200000, 0x0000000726400000, 0x0000000726400000|100%| O|  |TAMS 0x0000000726200000| PB 0x0000000726200000| Untracked 
| 306|0x0000000726400000, 0x0000000726600000, 0x0000000726600000|100%| O|  |TAMS 0x0000000726400000| PB 0x0000000726400000| Untracked 
| 307|0x0000000726600000, 0x0000000726800000, 0x0000000726800000|100%| O|  |TAMS 0x0000000726600000| PB 0x0000000726600000| Untracked 
| 308|0x0000000726800000, 0x0000000726a00000, 0x0000000726a00000|100%| O|  |TAMS 0x0000000726800000| PB 0x0000000726800000| Untracked 
| 309|0x0000000726a00000, 0x0000000726c00000, 0x0000000726c00000|100%| O|  |TAMS 0x0000000726a00000| PB 0x0000000726a00000| Untracked 
| 310|0x0000000726c00000, 0x0000000726e00000, 0x0000000726e00000|100%| O|  |TAMS 0x0000000726c00000| PB 0x0000000726c00000| Untracked 
| 311|0x0000000726e00000, 0x0000000727000000, 0x0000000727000000|100%| O|  |TAMS 0x0000000726e00000| PB 0x0000000726e00000| Untracked 
| 312|0x0000000727000000, 0x0000000727200000, 0x0000000727200000|100%| O|  |TAMS 0x0000000727000000| PB 0x0000000727000000| Untracked 
| 313|0x0000000727200000, 0x0000000727400000, 0x0000000727400000|100%| O|  |TAMS 0x0000000727200000| PB 0x0000000727200000| Untracked 
| 314|0x0000000727400000, 0x0000000727600000, 0x0000000727600000|100%| O|  |TAMS 0x0000000727400000| PB 0x0000000727400000| Untracked 
| 315|0x0000000727600000, 0x0000000727800000, 0x0000000727800000|100%| O|  |TAMS 0x0000000727600000| PB 0x0000000727600000| Untracked 
| 316|0x0000000727800000, 0x0000000727a00000, 0x0000000727a00000|100%| O|  |TAMS 0x0000000727800000| PB 0x0000000727800000| Untracked 
| 317|0x0000000727a00000, 0x0000000727c00000, 0x0000000727c00000|100%| O|  |TAMS 0x0000000727a00000| PB 0x0000000727a00000| Untracked 
| 318|0x0000000727c00000, 0x0000000727e00000, 0x0000000727e00000|100%| O|  |TAMS 0x0000000727c00000| PB 0x0000000727c00000| Untracked 
| 319|0x0000000727e00000, 0x0000000728000000, 0x0000000728000000|100%| O|  |TAMS 0x0000000727e00000| PB 0x0000000727e00000| Untracked 
| 320|0x0000000728000000, 0x0000000728200000, 0x0000000728200000|100%| O|  |TAMS 0x0000000728000000| PB 0x0000000728000000| Untracked 
| 321|0x0000000728200000, 0x0000000728400000, 0x0000000728400000|100%| O|  |TAMS 0x0000000728200000| PB 0x0000000728200000| Untracked 
| 322|0x0000000728400000, 0x0000000728600000, 0x0000000728600000|100%| O|  |TAMS 0x0000000728400000| PB 0x0000000728400000| Untracked 
| 323|0x0000000728600000, 0x0000000728800000, 0x0000000728800000|100%| O|  |TAMS 0x0000000728600000| PB 0x0000000728600000| Untracked 
| 324|0x0000000728800000, 0x0000000728a00000, 0x0000000728a00000|100%| O|  |TAMS 0x0000000728800000| PB 0x0000000728800000| Untracked 
| 325|0x0000000728a00000, 0x0000000728c00000, 0x0000000728c00000|100%| O|  |TAMS 0x0000000728a00000| PB 0x0000000728a00000| Untracked 
| 326|0x0000000728c00000, 0x0000000728e00000, 0x0000000728e00000|100%| O|  |TAMS 0x0000000728c00000| PB 0x0000000728c00000| Untracked 
| 327|0x0000000728e00000, 0x0000000729000000, 0x0000000729000000|100%| O|  |TAMS 0x0000000728e00000| PB 0x0000000728e00000| Untracked 
| 328|0x0000000729000000, 0x0000000729200000, 0x0000000729200000|100%| O|  |TAMS 0x0000000729000000| PB 0x0000000729000000| Untracked 
| 329|0x0000000729200000, 0x0000000729400000, 0x0000000729400000|100%| O|  |TAMS 0x0000000729200000| PB 0x0000000729200000| Untracked 
| 330|0x0000000729400000, 0x0000000729600000, 0x0000000729600000|100%| O|  |TAMS 0x0000000729400000| PB 0x0000000729400000| Untracked 
| 331|0x0000000729600000, 0x0000000729800000, 0x0000000729800000|100%| O|  |TAMS 0x0000000729600000| PB 0x0000000729600000| Untracked 
| 332|0x0000000729800000, 0x0000000729a00000, 0x0000000729a00000|100%| O|  |TAMS 0x0000000729800000| PB 0x0000000729800000| Untracked 
| 333|0x0000000729a00000, 0x0000000729c00000, 0x0000000729c00000|100%| O|  |TAMS 0x0000000729a00000| PB 0x0000000729a00000| Untracked 
| 334|0x0000000729c00000, 0x0000000729e00000, 0x0000000729e00000|100%| O|  |TAMS 0x0000000729c00000| PB 0x0000000729c00000| Untracked 
| 335|0x0000000729e00000, 0x000000072a000000, 0x000000072a000000|100%| O|  |TAMS 0x0000000729e00000| PB 0x0000000729e00000| Untracked 
| 336|0x000000072a000000, 0x000000072a200000, 0x000000072a200000|100%| O|  |TAMS 0x000000072a000000| PB 0x000000072a000000| Untracked 
| 337|0x000000072a200000, 0x000000072a400000, 0x000000072a400000|100%| O|  |TAMS 0x000000072a200000| PB 0x000000072a200000| Untracked 
| 338|0x000000072a400000, 0x000000072a600000, 0x000000072a600000|100%| O|  |TAMS 0x000000072a400000| PB 0x000000072a400000| Untracked 
| 339|0x000000072a600000, 0x000000072a800000, 0x000000072a800000|100%| O|Cm|TAMS 0x000000072a600000| PB 0x000000072a600000| Complete 
| 340|0x000000072a800000, 0x000000072aa00000, 0x000000072aa00000|100%| O|Cm|TAMS 0x000000072a800000| PB 0x000000072a800000| Complete 
| 341|0x000000072aa00000, 0x000000072ac00000, 0x000000072ac00000|100%| O|Cm|TAMS 0x000000072aa00000| PB 0x000000072aa00000| Complete 
| 342|0x000000072ac00000, 0x000000072ae00000, 0x000000072ae00000|100%| O|  |TAMS 0x000000072ac00000| PB 0x000000072ac00000| Untracked 
| 343|0x000000072ae00000, 0x000000072b000000, 0x000000072b000000|100%| O|  |TAMS 0x000000072ae00000| PB 0x000000072ae00000| Untracked 
| 344|0x000000072b000000, 0x000000072b200000, 0x000000072b200000|100%| O|  |TAMS 0x000000072b000000| PB 0x000000072b000000| Untracked 
| 345|0x000000072b200000, 0x000000072b400000, 0x000000072b400000|100%| O|  |TAMS 0x000000072b200000| PB 0x000000072b200000| Untracked 
| 346|0x000000072b400000, 0x000000072b600000, 0x000000072b600000|100%| O|  |TAMS 0x000000072b400000| PB 0x000000072b400000| Untracked 
| 347|0x000000072b600000, 0x000000072b800000, 0x000000072b800000|100%| O|  |TAMS 0x000000072b600000| PB 0x000000072b600000| Untracked 
| 348|0x000000072b800000, 0x000000072ba00000, 0x000000072ba00000|100%| O|  |TAMS 0x000000072b800000| PB 0x000000072b800000| Untracked 
| 349|0x000000072ba00000, 0x000000072bc00000, 0x000000072bc00000|100%| O|  |TAMS 0x000000072ba00000| PB 0x000000072ba00000| Untracked 
| 350|0x000000072bc00000, 0x000000072be00000, 0x000000072be00000|100%| O|  |TAMS 0x000000072bc00000| PB 0x000000072bc00000| Untracked 
| 351|0x000000072be00000, 0x000000072c000000, 0x000000072c000000|100%| O|  |TAMS 0x000000072be00000| PB 0x000000072be00000| Untracked 
| 352|0x000000072c000000, 0x000000072c200000, 0x000000072c200000|100%| O|  |TAMS 0x000000072c000000| PB 0x000000072c000000| Untracked 
| 353|0x000000072c200000, 0x000000072c400000, 0x000000072c400000|100%| O|  |TAMS 0x000000072c200000| PB 0x000000072c200000| Untracked 
| 354|0x000000072c400000, 0x000000072c600000, 0x000000072c600000|100%| O|Cm|TAMS 0x000000072c400000| PB 0x000000072c400000| Complete 
| 355|0x000000072c600000, 0x000000072c800000, 0x000000072c800000|100%| O|Cm|TAMS 0x000000072c600000| PB 0x000000072c600000| Complete 
| 356|0x000000072c800000, 0x000000072ca00000, 0x000000072ca00000|100%| O|Cm|TAMS 0x000000072c800000| PB 0x000000072c800000| Complete 
| 357|0x000000072ca00000, 0x000000072cc00000, 0x000000072cc00000|100%| O|Cm|TAMS 0x000000072ca00000| PB 0x000000072ca00000| Complete 
| 358|0x000000072cc00000, 0x000000072ce00000, 0x000000072ce00000|100%| O|Cm|TAMS 0x000000072cc00000| PB 0x000000072cc00000| Complete 
| 359|0x000000072ce00000, 0x000000072d000000, 0x000000072d000000|100%| O|Cm|TAMS 0x000000072ce00000| PB 0x000000072ce00000| Complete 
| 360|0x000000072d000000, 0x000000072d200000, 0x000000072d200000|100%| O|Cm|TAMS 0x000000072d000000| PB 0x000000072d000000| Complete 
| 361|0x000000072d200000, 0x000000072d400000, 0x000000072d400000|100%| O|Cm|TAMS 0x000000072d200000| PB 0x000000072d200000| Complete 
| 362|0x000000072d400000, 0x000000072d600000, 0x000000072d600000|100%| O|  |TAMS 0x000000072d400000| PB 0x000000072d400000| Untracked 
| 363|0x000000072d600000, 0x000000072d800000, 0x000000072d800000|100%| O|Cm|TAMS 0x000000072d600000| PB 0x000000072d600000| Complete 
| 364|0x000000072d800000, 0x000000072da00000, 0x000000072da00000|100%| O|Cm|TAMS 0x000000072d800000| PB 0x000000072d800000| Complete 
| 365|0x000000072da00000, 0x000000072dc00000, 0x000000072dc00000|100%| O|  |TAMS 0x000000072da00000| PB 0x000000072da00000| Untracked 
| 366|0x000000072dc00000, 0x000000072de00000, 0x000000072de00000|100%| O|  |TAMS 0x000000072dc00000| PB 0x000000072dc00000| Untracked 
| 367|0x000000072de00000, 0x000000072e000000, 0x000000072e000000|100%| O|  |TAMS 0x000000072de00000| PB 0x000000072de00000| Untracked 
| 368|0x000000072e000000, 0x000000072e200000, 0x000000072e200000|100%| O|  |TAMS 0x000000072e000000| PB 0x000000072e000000| Untracked 
| 369|0x000000072e200000, 0x000000072e400000, 0x000000072e400000|100%| O|  |TAMS 0x000000072e200000| PB 0x000000072e200000| Untracked 
| 370|0x000000072e400000, 0x000000072e600000, 0x000000072e600000|100%| O|  |TAMS 0x000000072e400000| PB 0x000000072e400000| Untracked 
| 371|0x000000072e600000, 0x000000072e800000, 0x000000072e800000|100%| O|  |TAMS 0x000000072e600000| PB 0x000000072e600000| Untracked 
| 372|0x000000072e800000, 0x000000072ea00000, 0x000000072ea00000|100%| O|  |TAMS 0x000000072e800000| PB 0x000000072e800000| Untracked 
| 373|0x000000072ea00000, 0x000000072ec00000, 0x000000072ec00000|100%| O|  |TAMS 0x000000072ea00000| PB 0x000000072ea00000| Untracked 
| 374|0x000000072ec00000, 0x000000072ee00000, 0x000000072ee00000|100%| O|  |TAMS 0x000000072ec00000| PB 0x000000072ec00000| Untracked 
| 375|0x000000072ee00000, 0x000000072f000000, 0x000000072f000000|100%| O|  |TAMS 0x000000072ee00000| PB 0x000000072ee00000| Untracked 
| 376|0x000000072f000000, 0x000000072f200000, 0x000000072f200000|100%| O|  |TAMS 0x000000072f000000| PB 0x000000072f000000| Untracked 
| 377|0x000000072f200000, 0x000000072f400000, 0x000000072f400000|100%| O|  |TAMS 0x000000072f200000| PB 0x000000072f200000| Untracked 
| 378|0x000000072f400000, 0x000000072f600000, 0x000000072f600000|100%| O|  |TAMS 0x000000072f400000| PB 0x000000072f400000| Untracked 
| 379|0x000000072f600000, 0x000000072f800000, 0x000000072f800000|100%|HS|  |TAMS 0x000000072f600000| PB 0x000000072f600000| Complete 
| 380|0x000000072f800000, 0x000000072fa00000, 0x000000072fa00000|100%|HS|  |TAMS 0x000000072f800000| PB 0x000000072f800000| Complete 
| 381|0x000000072fa00000, 0x000000072fc00000, 0x000000072fc00000|100%|HC|  |TAMS 0x000000072fa00000| PB 0x000000072fa00000| Complete 
| 382|0x000000072fc00000, 0x000000072fe00000, 0x000000072fe00000|100%|HC|  |TAMS 0x000000072fc00000| PB 0x000000072fc00000| Complete 
| 383|0x000000072fe00000, 0x0000000730000000, 0x0000000730000000|100%|HC|  |TAMS 0x000000072fe00000| PB 0x000000072fe00000| Complete 
| 384|0x0000000730000000, 0x0000000730200000, 0x0000000730200000|100%| O|  |TAMS 0x0000000730000000| PB 0x0000000730000000| Untracked 
| 385|0x0000000730200000, 0x0000000730400000, 0x0000000730400000|100%| O|  |TAMS 0x0000000730200000| PB 0x0000000730200000| Untracked 
| 386|0x0000000730400000, 0x0000000730600000, 0x0000000730600000|100%| O|  |TAMS 0x0000000730400000| PB 0x0000000730400000| Untracked 
| 387|0x0000000730600000, 0x0000000730800000, 0x0000000730800000|100%| O|  |TAMS 0x0000000730600000| PB 0x0000000730600000| Untracked 
| 388|0x0000000730800000, 0x0000000730a00000, 0x0000000730a00000|100%| O|  |TAMS 0x0000000730800000| PB 0x0000000730800000| Untracked 
| 389|0x0000000730a00000, 0x0000000730c00000, 0x0000000730c00000|100%| O|  |TAMS 0x0000000730a00000| PB 0x0000000730a00000| Untracked 
| 390|0x0000000730c00000, 0x0000000730e00000, 0x0000000730e00000|100%| O|  |TAMS 0x0000000730c00000| PB 0x0000000730c00000| Untracked 
| 391|0x0000000730e00000, 0x0000000731000000, 0x0000000731000000|100%| O|  |TAMS 0x0000000730e00000| PB 0x0000000730e00000| Untracked 
| 392|0x0000000731000000, 0x0000000731200000, 0x0000000731200000|100%| O|  |TAMS 0x0000000731000000| PB 0x0000000731000000| Untracked 
| 393|0x0000000731200000, 0x0000000731400000, 0x0000000731400000|100%| O|  |TAMS 0x0000000731200000| PB 0x0000000731200000| Untracked 
| 394|0x0000000731400000, 0x0000000731600000, 0x0000000731600000|100%| O|  |TAMS 0x0000000731400000| PB 0x0000000731400000| Untracked 
| 395|0x0000000731600000, 0x0000000731800000, 0x0000000731800000|100%| O|  |TAMS 0x0000000731600000| PB 0x0000000731600000| Untracked 
| 396|0x0000000731800000, 0x0000000731a00000, 0x0000000731a00000|100%| O|  |TAMS 0x0000000731800000| PB 0x0000000731800000| Untracked 
| 397|0x0000000731a00000, 0x0000000731c00000, 0x0000000731c00000|100%| O|  |TAMS 0x0000000731a00000| PB 0x0000000731a00000| Untracked 
| 398|0x0000000731c00000, 0x0000000731e00000, 0x0000000731e00000|100%| O|  |TAMS 0x0000000731c00000| PB 0x0000000731c00000| Untracked 
| 399|0x0000000731e00000, 0x0000000732000000, 0x0000000732000000|100%| O|  |TAMS 0x0000000731e00000| PB 0x0000000731e00000| Untracked 
| 400|0x0000000732000000, 0x0000000732200000, 0x0000000732200000|100%| O|  |TAMS 0x0000000732000000| PB 0x0000000732000000| Untracked 
| 401|0x0000000732200000, 0x0000000732400000, 0x0000000732400000|100%| O|  |TAMS 0x0000000732200000| PB 0x0000000732200000| Untracked 
| 402|0x0000000732400000, 0x0000000732600000, 0x0000000732600000|100%| O|  |TAMS 0x0000000732400000| PB 0x0000000732400000| Untracked 
| 403|0x0000000732600000, 0x0000000732800000, 0x0000000732800000|100%| O|  |TAMS 0x0000000732600000| PB 0x0000000732600000| Untracked 
| 404|0x0000000732800000, 0x0000000732a00000, 0x0000000732a00000|100%| O|  |TAMS 0x0000000732800000| PB 0x0000000732800000| Untracked 
| 405|0x0000000732a00000, 0x0000000732c00000, 0x0000000732c00000|100%| O|  |TAMS 0x0000000732a00000| PB 0x0000000732a00000| Untracked 
| 406|0x0000000732c00000, 0x0000000732e00000, 0x0000000732e00000|100%| O|  |TAMS 0x0000000732c00000| PB 0x0000000732c00000| Untracked 
| 407|0x0000000732e00000, 0x0000000733000000, 0x0000000733000000|100%|HS|  |TAMS 0x0000000732e00000| PB 0x0000000732e00000| Complete 
| 408|0x0000000733000000, 0x0000000733200000, 0x0000000733200000|100%|HS|  |TAMS 0x0000000733000000| PB 0x0000000733000000| Complete 
| 409|0x0000000733200000, 0x0000000733400000, 0x0000000733400000|100%|HS|  |TAMS 0x0000000733200000| PB 0x0000000733200000| Complete 
| 410|0x0000000733400000, 0x0000000733600000, 0x0000000733600000|100%|HC|  |TAMS 0x0000000733400000| PB 0x0000000733400000| Complete 
| 411|0x0000000733600000, 0x0000000733800000, 0x0000000733800000|100%|HS|  |TAMS 0x0000000733600000| PB 0x0000000733600000| Complete 
| 412|0x0000000733800000, 0x0000000733a00000, 0x0000000733a00000|100%|HC|  |TAMS 0x0000000733800000| PB 0x0000000733800000| Complete 
| 413|0x0000000733a00000, 0x0000000733c00000, 0x0000000733c00000|100%|HS|  |TAMS 0x0000000733a00000| PB 0x0000000733a00000| Complete 
| 414|0x0000000733c00000, 0x0000000733e00000, 0x0000000733e00000|100%| O|  |TAMS 0x0000000733c00000| PB 0x0000000733c00000| Untracked 
| 415|0x0000000733e00000, 0x0000000734000000, 0x0000000734000000|100%| O|  |TAMS 0x0000000733e00000| PB 0x0000000733e00000| Untracked 
| 416|0x0000000734000000, 0x0000000734200000, 0x0000000734200000|100%| O|  |TAMS 0x0000000734000000| PB 0x0000000734000000| Untracked 
| 417|0x0000000734200000, 0x0000000734400000, 0x0000000734400000|100%| O|  |TAMS 0x0000000734200000| PB 0x0000000734200000| Untracked 
| 418|0x0000000734400000, 0x0000000734600000, 0x0000000734600000|100%| O|  |TAMS 0x0000000734400000| PB 0x0000000734400000| Untracked 
| 419|0x0000000734600000, 0x0000000734800000, 0x0000000734800000|100%| O|  |TAMS 0x0000000734600000| PB 0x0000000734600000| Untracked 
| 420|0x0000000734800000, 0x0000000734a00000, 0x0000000734a00000|100%| O|  |TAMS 0x0000000734800000| PB 0x0000000734800000| Untracked 
| 421|0x0000000734a00000, 0x0000000734c00000, 0x0000000734c00000|100%| O|  |TAMS 0x0000000734a00000| PB 0x0000000734a00000| Untracked 
| 422|0x0000000734c00000, 0x0000000734e00000, 0x0000000734e00000|100%| O|  |TAMS 0x0000000734c00000| PB 0x0000000734c00000| Untracked 
| 423|0x0000000734e00000, 0x0000000735000000, 0x0000000735000000|100%| O|  |TAMS 0x0000000734e00000| PB 0x0000000734e00000| Untracked 
| 424|0x0000000735000000, 0x0000000735200000, 0x0000000735200000|100%| O|  |TAMS 0x0000000735000000| PB 0x0000000735000000| Untracked 
| 425|0x0000000735200000, 0x0000000735400000, 0x0000000735400000|100%| O|  |TAMS 0x0000000735200000| PB 0x0000000735200000| Untracked 
| 426|0x0000000735400000, 0x0000000735600000, 0x0000000735600000|100%| O|  |TAMS 0x0000000735400000| PB 0x0000000735400000| Untracked 
| 427|0x0000000735600000, 0x0000000735800000, 0x0000000735800000|100%| O|  |TAMS 0x0000000735600000| PB 0x0000000735600000| Untracked 
| 428|0x0000000735800000, 0x0000000735a00000, 0x0000000735a00000|100%| O|  |TAMS 0x0000000735800000| PB 0x0000000735800000| Untracked 
| 429|0x0000000735a00000, 0x0000000735c00000, 0x0000000735c00000|100%| O|  |TAMS 0x0000000735a00000| PB 0x0000000735a00000| Untracked 
| 430|0x0000000735c00000, 0x0000000735d60960, 0x0000000735e00000| 68%| O|  |TAMS 0x0000000735c00000| PB 0x0000000735c00000| Untracked 
| 431|0x0000000735e00000, 0x0000000735e00000, 0x0000000736000000|  0%| F|  |TAMS 0x0000000735e00000| PB 0x0000000735e00000| Untracked 
| 432|0x0000000736000000, 0x0000000736000000, 0x0000000736200000|  0%| F|  |TAMS 0x0000000736000000| PB 0x0000000736000000| Untracked 
| 433|0x0000000736200000, 0x0000000736200000, 0x0000000736400000|  0%| F|  |TAMS 0x0000000736200000| PB 0x0000000736200000| Untracked 
| 434|0x0000000736400000, 0x0000000736400000, 0x0000000736600000|  0%| F|  |TAMS 0x0000000736400000| PB 0x0000000736400000| Untracked 
| 435|0x0000000736600000, 0x0000000736600000, 0x0000000736800000|  0%| F|  |TAMS 0x0000000736600000| PB 0x0000000736600000| Untracked 
| 436|0x0000000736800000, 0x0000000736800000, 0x0000000736a00000|  0%| F|  |TAMS 0x0000000736800000| PB 0x0000000736800000| Untracked 
| 437|0x0000000736a00000, 0x0000000736a00000, 0x0000000736c00000|  0%| F|  |TAMS 0x0000000736a00000| PB 0x0000000736a00000| Untracked 
| 438|0x0000000736c00000, 0x0000000736c00000, 0x0000000736e00000|  0%| F|  |TAMS 0x0000000736c00000| PB 0x0000000736c00000| Untracked 
| 439|0x0000000736e00000, 0x0000000736e00000, 0x0000000737000000|  0%| F|  |TAMS 0x0000000736e00000| PB 0x0000000736e00000| Untracked 
| 440|0x0000000737000000, 0x0000000737000000, 0x0000000737200000|  0%| F|  |TAMS 0x0000000737000000| PB 0x0000000737000000| Untracked 
| 441|0x0000000737200000, 0x0000000737200000, 0x0000000737400000|  0%| F|  |TAMS 0x0000000737200000| PB 0x0000000737200000| Untracked 
| 442|0x0000000737400000, 0x0000000737400000, 0x0000000737600000|  0%| F|  |TAMS 0x0000000737400000| PB 0x0000000737400000| Untracked 
| 443|0x0000000737600000, 0x0000000737600000, 0x0000000737800000|  0%| F|  |TAMS 0x0000000737600000| PB 0x0000000737600000| Untracked 
| 444|0x0000000737800000, 0x0000000737800000, 0x0000000737a00000|  0%| F|  |TAMS 0x0000000737800000| PB 0x0000000737800000| Untracked 
| 445|0x0000000737a00000, 0x0000000737a00000, 0x0000000737c00000|  0%| F|  |TAMS 0x0000000737a00000| PB 0x0000000737a00000| Untracked 
| 446|0x0000000737c00000, 0x0000000737c00000, 0x0000000737e00000|  0%| F|  |TAMS 0x0000000737c00000| PB 0x0000000737c00000| Untracked 
| 447|0x0000000737e00000, 0x0000000737e00000, 0x0000000738000000|  0%| F|  |TAMS 0x0000000737e00000| PB 0x0000000737e00000| Untracked 
| 448|0x0000000738000000, 0x0000000738000000, 0x0000000738200000|  0%| F|  |TAMS 0x0000000738000000| PB 0x0000000738000000| Untracked 
| 449|0x0000000738200000, 0x0000000738200000, 0x0000000738400000|  0%| F|  |TAMS 0x0000000738200000| PB 0x0000000738200000| Untracked 
| 450|0x0000000738400000, 0x0000000738400000, 0x0000000738600000|  0%| F|  |TAMS 0x0000000738400000| PB 0x0000000738400000| Untracked 
| 451|0x0000000738600000, 0x0000000738600000, 0x0000000738800000|  0%| F|  |TAMS 0x0000000738600000| PB 0x0000000738600000| Untracked 
| 452|0x0000000738800000, 0x0000000738800000, 0x0000000738a00000|  0%| F|  |TAMS 0x0000000738800000| PB 0x0000000738800000| Untracked 
| 453|0x0000000738a00000, 0x0000000738a00000, 0x0000000738c00000|  0%| F|  |TAMS 0x0000000738a00000| PB 0x0000000738a00000| Untracked 
| 454|0x0000000738c00000, 0x0000000738c00000, 0x0000000738e00000|  0%| F|  |TAMS 0x0000000738c00000| PB 0x0000000738c00000| Untracked 
| 455|0x0000000738e00000, 0x0000000738e00000, 0x0000000739000000|  0%| F|  |TAMS 0x0000000738e00000| PB 0x0000000738e00000| Untracked 
| 456|0x0000000739000000, 0x0000000739000000, 0x0000000739200000|  0%| F|  |TAMS 0x0000000739000000| PB 0x0000000739000000| Untracked 
| 457|0x0000000739200000, 0x0000000739200000, 0x0000000739400000|  0%| F|  |TAMS 0x0000000739200000| PB 0x0000000739200000| Untracked 
| 458|0x0000000739400000, 0x0000000739400000, 0x0000000739600000|  0%| F|  |TAMS 0x0000000739400000| PB 0x0000000739400000| Untracked 
| 459|0x0000000739600000, 0x0000000739600000, 0x0000000739800000|  0%| F|  |TAMS 0x0000000739600000| PB 0x0000000739600000| Untracked 
| 460|0x0000000739800000, 0x0000000739800000, 0x0000000739a00000|  0%| F|  |TAMS 0x0000000739800000| PB 0x0000000739800000| Untracked 
| 461|0x0000000739a00000, 0x0000000739a00000, 0x0000000739c00000|  0%| F|  |TAMS 0x0000000739a00000| PB 0x0000000739a00000| Untracked 
| 462|0x0000000739c00000, 0x0000000739c00000, 0x0000000739e00000|  0%| F|  |TAMS 0x0000000739c00000| PB 0x0000000739c00000| Untracked 
| 463|0x0000000739e00000, 0x0000000739e00000, 0x000000073a000000|  0%| F|  |TAMS 0x0000000739e00000| PB 0x0000000739e00000| Untracked 
| 464|0x000000073a000000, 0x000000073a000000, 0x000000073a200000|  0%| F|  |TAMS 0x000000073a000000| PB 0x000000073a000000| Untracked 
| 465|0x000000073a200000, 0x000000073a200000, 0x000000073a400000|  0%| F|  |TAMS 0x000000073a200000| PB 0x000000073a200000| Untracked 
| 466|0x000000073a400000, 0x000000073a400000, 0x000000073a600000|  0%| F|  |TAMS 0x000000073a400000| PB 0x000000073a400000| Untracked 
| 467|0x000000073a600000, 0x000000073a600000, 0x000000073a800000|  0%| F|  |TAMS 0x000000073a600000| PB 0x000000073a600000| Untracked 
| 468|0x000000073a800000, 0x000000073a800000, 0x000000073aa00000|  0%| F|  |TAMS 0x000000073a800000| PB 0x000000073a800000| Untracked 
| 469|0x000000073aa00000, 0x000000073aa00000, 0x000000073ac00000|  0%| F|  |TAMS 0x000000073aa00000| PB 0x000000073aa00000| Untracked 
| 470|0x000000073ac00000, 0x000000073ac00000, 0x000000073ae00000|  0%| F|  |TAMS 0x000000073ac00000| PB 0x000000073ac00000| Untracked 
| 471|0x000000073ae00000, 0x000000073ae00000, 0x000000073b000000|  0%| F|  |TAMS 0x000000073ae00000| PB 0x000000073ae00000| Untracked 
| 472|0x000000073b000000, 0x000000073b000000, 0x000000073b200000|  0%| F|  |TAMS 0x000000073b000000| PB 0x000000073b000000| Untracked 
| 473|0x000000073b200000, 0x000000073b200000, 0x000000073b400000|  0%| F|  |TAMS 0x000000073b200000| PB 0x000000073b200000| Untracked 
| 474|0x000000073b400000, 0x000000073b400000, 0x000000073b600000|  0%| F|  |TAMS 0x000000073b400000| PB 0x000000073b400000| Untracked 
| 475|0x000000073b600000, 0x000000073b600000, 0x000000073b800000|  0%| F|  |TAMS 0x000000073b600000| PB 0x000000073b600000| Untracked 
| 476|0x000000073b800000, 0x000000073b800000, 0x000000073ba00000|  0%| F|  |TAMS 0x000000073b800000| PB 0x000000073b800000| Untracked 
| 477|0x000000073ba00000, 0x000000073ba00000, 0x000000073bc00000|  0%| F|  |TAMS 0x000000073ba00000| PB 0x000000073ba00000| Untracked 
| 478|0x000000073bc00000, 0x000000073bc00000, 0x000000073be00000|  0%| F|  |TAMS 0x000000073bc00000| PB 0x000000073bc00000| Untracked 
| 479|0x000000073be00000, 0x000000073be00000, 0x000000073c000000|  0%| F|  |TAMS 0x000000073be00000| PB 0x000000073be00000| Untracked 
| 480|0x000000073c000000, 0x000000073c000000, 0x000000073c200000|  0%| F|  |TAMS 0x000000073c000000| PB 0x000000073c000000| Untracked 
| 481|0x000000073c200000, 0x000000073c200000, 0x000000073c400000|  0%| F|  |TAMS 0x000000073c200000| PB 0x000000073c200000| Untracked 
| 482|0x000000073c400000, 0x000000073c400000, 0x000000073c600000|  0%| F|  |TAMS 0x000000073c400000| PB 0x000000073c400000| Untracked 
| 483|0x000000073c600000, 0x000000073c600000, 0x000000073c800000|  0%| F|  |TAMS 0x000000073c600000| PB 0x000000073c600000| Untracked 
| 484|0x000000073c800000, 0x000000073c800000, 0x000000073ca00000|  0%| F|  |TAMS 0x000000073c800000| PB 0x000000073c800000| Untracked 
| 485|0x000000073ca00000, 0x000000073ca00000, 0x000000073cc00000|  0%| F|  |TAMS 0x000000073ca00000| PB 0x000000073ca00000| Untracked 
| 486|0x000000073cc00000, 0x000000073cc00000, 0x000000073ce00000|  0%| F|  |TAMS 0x000000073cc00000| PB 0x000000073cc00000| Untracked 
| 487|0x000000073ce00000, 0x000000073ce00000, 0x000000073d000000|  0%| F|  |TAMS 0x000000073ce00000| PB 0x000000073ce00000| Untracked 
| 488|0x000000073d000000, 0x000000073d000000, 0x000000073d200000|  0%| F|  |TAMS 0x000000073d000000| PB 0x000000073d000000| Untracked 
| 489|0x000000073d200000, 0x000000073d200000, 0x000000073d400000|  0%| F|  |TAMS 0x000000073d200000| PB 0x000000073d200000| Untracked 
| 490|0x000000073d400000, 0x000000073d400000, 0x000000073d600000|  0%| F|  |TAMS 0x000000073d400000| PB 0x000000073d400000| Untracked 
| 491|0x000000073d600000, 0x000000073d600000, 0x000000073d800000|  0%| F|  |TAMS 0x000000073d600000| PB 0x000000073d600000| Untracked 
| 492|0x000000073d800000, 0x000000073d800000, 0x000000073da00000|  0%| F|  |TAMS 0x000000073d800000| PB 0x000000073d800000| Untracked 
| 493|0x000000073da00000, 0x000000073da00000, 0x000000073dc00000|  0%| F|  |TAMS 0x000000073da00000| PB 0x000000073da00000| Untracked 
| 494|0x000000073dc00000, 0x000000073dc00000, 0x000000073de00000|  0%| F|  |TAMS 0x000000073dc00000| PB 0x000000073dc00000| Untracked 
| 495|0x000000073de00000, 0x000000073de00000, 0x000000073e000000|  0%| F|  |TAMS 0x000000073de00000| PB 0x000000073de00000| Untracked 
| 496|0x000000073e000000, 0x000000073e000000, 0x000000073e200000|  0%| F|  |TAMS 0x000000073e000000| PB 0x000000073e000000| Untracked 
| 497|0x000000073e200000, 0x000000073e200000, 0x000000073e400000|  0%| F|  |TAMS 0x000000073e200000| PB 0x000000073e200000| Untracked 
| 498|0x000000073e400000, 0x000000073e400000, 0x000000073e600000|  0%| F|  |TAMS 0x000000073e400000| PB 0x000000073e400000| Untracked 
| 499|0x000000073e600000, 0x000000073e600000, 0x000000073e800000|  0%| F|  |TAMS 0x000000073e600000| PB 0x000000073e600000| Untracked 
| 500|0x000000073e800000, 0x000000073e800000, 0x000000073ea00000|  0%| F|  |TAMS 0x000000073e800000| PB 0x000000073e800000| Untracked 
| 501|0x000000073ea00000, 0x000000073ea00000, 0x000000073ec00000|  0%| F|  |TAMS 0x000000073ea00000| PB 0x000000073ea00000| Untracked 
| 502|0x000000073ec00000, 0x000000073ec00000, 0x000000073ee00000|  0%| F|  |TAMS 0x000000073ec00000| PB 0x000000073ec00000| Untracked 
| 503|0x000000073ee00000, 0x000000073ee00000, 0x000000073f000000|  0%| F|  |TAMS 0x000000073ee00000| PB 0x000000073ee00000| Untracked 
| 504|0x000000073f000000, 0x000000073f000000, 0x000000073f200000|  0%| F|  |TAMS 0x000000073f000000| PB 0x000000073f000000| Untracked 
| 505|0x000000073f200000, 0x000000073f200000, 0x000000073f400000|  0%| F|  |TAMS 0x000000073f200000| PB 0x000000073f200000| Untracked 
| 506|0x000000073f400000, 0x000000073f400000, 0x000000073f600000|  0%| F|  |TAMS 0x000000073f400000| PB 0x000000073f400000| Untracked 
| 507|0x000000073f600000, 0x000000073f600000, 0x000000073f800000|  0%| F|  |TAMS 0x000000073f600000| PB 0x000000073f600000| Untracked 
| 508|0x000000073f800000, 0x000000073f800000, 0x000000073fa00000|  0%| F|  |TAMS 0x000000073f800000| PB 0x000000073f800000| Untracked 
| 509|0x000000073fa00000, 0x000000073fa00000, 0x000000073fc00000|  0%| F|  |TAMS 0x000000073fa00000| PB 0x000000073fa00000| Untracked 
| 510|0x000000073fc00000, 0x000000073fc00000, 0x000000073fe00000|  0%| F|  |TAMS 0x000000073fc00000| PB 0x000000073fc00000| Untracked 
| 511|0x000000073fe00000, 0x000000073fe00000, 0x0000000740000000|  0%| F|  |TAMS 0x000000073fe00000| PB 0x000000073fe00000| Untracked 
| 512|0x0000000740000000, 0x0000000740000000, 0x0000000740200000|  0%| F|  |TAMS 0x0000000740000000| PB 0x0000000740000000| Untracked 
| 513|0x0000000740200000, 0x0000000740200000, 0x0000000740400000|  0%| F|  |TAMS 0x0000000740200000| PB 0x0000000740200000| Untracked 
| 514|0x0000000740400000, 0x0000000740400000, 0x0000000740600000|  0%| F|  |TAMS 0x0000000740400000| PB 0x0000000740400000| Untracked 
| 515|0x0000000740600000, 0x0000000740600000, 0x0000000740800000|  0%| F|  |TAMS 0x0000000740600000| PB 0x0000000740600000| Untracked 
| 516|0x0000000740800000, 0x0000000740800000, 0x0000000740a00000|  0%| F|  |TAMS 0x0000000740800000| PB 0x0000000740800000| Untracked 
| 517|0x0000000740a00000, 0x0000000740a00000, 0x0000000740c00000|  0%| F|  |TAMS 0x0000000740a00000| PB 0x0000000740a00000| Untracked 
| 518|0x0000000740c00000, 0x0000000740c00000, 0x0000000740e00000|  0%| F|  |TAMS 0x0000000740c00000| PB 0x0000000740c00000| Untracked 
| 519|0x0000000740e00000, 0x0000000740e00000, 0x0000000741000000|  0%| F|  |TAMS 0x0000000740e00000| PB 0x0000000740e00000| Untracked 
| 520|0x0000000741000000, 0x0000000741000000, 0x0000000741200000|  0%| F|  |TAMS 0x0000000741000000| PB 0x0000000741000000| Untracked 
| 521|0x0000000741200000, 0x0000000741200000, 0x0000000741400000|  0%| F|  |TAMS 0x0000000741200000| PB 0x0000000741200000| Untracked 
| 522|0x0000000741400000, 0x0000000741400000, 0x0000000741600000|  0%| F|  |TAMS 0x0000000741400000| PB 0x0000000741400000| Untracked 
| 523|0x0000000741600000, 0x0000000741600000, 0x0000000741800000|  0%| F|  |TAMS 0x0000000741600000| PB 0x0000000741600000| Untracked 
| 524|0x0000000741800000, 0x0000000741800000, 0x0000000741a00000|  0%| F|  |TAMS 0x0000000741800000| PB 0x0000000741800000| Untracked 
| 525|0x0000000741a00000, 0x0000000741a00000, 0x0000000741c00000|  0%| F|  |TAMS 0x0000000741a00000| PB 0x0000000741a00000| Untracked 
| 526|0x0000000741c00000, 0x0000000741c00000, 0x0000000741e00000|  0%| F|  |TAMS 0x0000000741c00000| PB 0x0000000741c00000| Untracked 
| 527|0x0000000741e00000, 0x0000000741e00000, 0x0000000742000000|  0%| F|  |TAMS 0x0000000741e00000| PB 0x0000000741e00000| Untracked 
| 528|0x0000000742000000, 0x0000000742000000, 0x0000000742200000|  0%| F|  |TAMS 0x0000000742000000| PB 0x0000000742000000| Untracked 
| 529|0x0000000742200000, 0x0000000742200000, 0x0000000742400000|  0%| F|  |TAMS 0x0000000742200000| PB 0x0000000742200000| Untracked 
| 530|0x0000000742400000, 0x0000000742400000, 0x0000000742600000|  0%| F|  |TAMS 0x0000000742400000| PB 0x0000000742400000| Untracked 
| 531|0x0000000742600000, 0x0000000742600000, 0x0000000742800000|  0%| F|  |TAMS 0x0000000742600000| PB 0x0000000742600000| Untracked 
| 532|0x0000000742800000, 0x0000000742800000, 0x0000000742a00000|  0%| F|  |TAMS 0x0000000742800000| PB 0x0000000742800000| Untracked 
| 533|0x0000000742a00000, 0x0000000742a00000, 0x0000000742c00000|  0%| F|  |TAMS 0x0000000742a00000| PB 0x0000000742a00000| Untracked 
| 534|0x0000000742c00000, 0x0000000742c00000, 0x0000000742e00000|  0%| F|  |TAMS 0x0000000742c00000| PB 0x0000000742c00000| Untracked 
| 535|0x0000000742e00000, 0x0000000742e00000, 0x0000000743000000|  0%| F|  |TAMS 0x0000000742e00000| PB 0x0000000742e00000| Untracked 
| 536|0x0000000743000000, 0x0000000743000000, 0x0000000743200000|  0%| F|  |TAMS 0x0000000743000000| PB 0x0000000743000000| Untracked 
| 537|0x0000000743200000, 0x0000000743200000, 0x0000000743400000|  0%| F|  |TAMS 0x0000000743200000| PB 0x0000000743200000| Untracked 
| 538|0x0000000743400000, 0x0000000743400000, 0x0000000743600000|  0%| F|  |TAMS 0x0000000743400000| PB 0x0000000743400000| Untracked 
| 539|0x0000000743600000, 0x0000000743600000, 0x0000000743800000|  0%| F|  |TAMS 0x0000000743600000| PB 0x0000000743600000| Untracked 
| 540|0x0000000743800000, 0x0000000743800000, 0x0000000743a00000|  0%| F|  |TAMS 0x0000000743800000| PB 0x0000000743800000| Untracked 
| 541|0x0000000743a00000, 0x0000000743a00000, 0x0000000743c00000|  0%| F|  |TAMS 0x0000000743a00000| PB 0x0000000743a00000| Untracked 
| 542|0x0000000743c00000, 0x0000000743c00000, 0x0000000743e00000|  0%| F|  |TAMS 0x0000000743c00000| PB 0x0000000743c00000| Untracked 
| 543|0x0000000743e00000, 0x0000000743e00000, 0x0000000744000000|  0%| F|  |TAMS 0x0000000743e00000| PB 0x0000000743e00000| Untracked 
| 544|0x0000000744000000, 0x0000000744000000, 0x0000000744200000|  0%| F|  |TAMS 0x0000000744000000| PB 0x0000000744000000| Untracked 
| 545|0x0000000744200000, 0x0000000744200000, 0x0000000744400000|  0%| F|  |TAMS 0x0000000744200000| PB 0x0000000744200000| Untracked 
| 546|0x0000000744400000, 0x0000000744400000, 0x0000000744600000|  0%| F|  |TAMS 0x0000000744400000| PB 0x0000000744400000| Untracked 
| 547|0x0000000744600000, 0x0000000744600000, 0x0000000744800000|  0%| F|  |TAMS 0x0000000744600000| PB 0x0000000744600000| Untracked 
| 548|0x0000000744800000, 0x0000000744800000, 0x0000000744a00000|  0%| F|  |TAMS 0x0000000744800000| PB 0x0000000744800000| Untracked 
| 549|0x0000000744a00000, 0x0000000744a00000, 0x0000000744c00000|  0%| F|  |TAMS 0x0000000744a00000| PB 0x0000000744a00000| Untracked 
| 550|0x0000000744c00000, 0x0000000744c00000, 0x0000000744e00000|  0%| F|  |TAMS 0x0000000744c00000| PB 0x0000000744c00000| Untracked 
| 551|0x0000000744e00000, 0x0000000744e00000, 0x0000000745000000|  0%| F|  |TAMS 0x0000000744e00000| PB 0x0000000744e00000| Untracked 
| 552|0x0000000745000000, 0x0000000745000000, 0x0000000745200000|  0%| F|  |TAMS 0x0000000745000000| PB 0x0000000745000000| Untracked 
| 553|0x0000000745200000, 0x0000000745200000, 0x0000000745400000|  0%| F|  |TAMS 0x0000000745200000| PB 0x0000000745200000| Untracked 
| 554|0x0000000745400000, 0x0000000745400000, 0x0000000745600000|  0%| F|  |TAMS 0x0000000745400000| PB 0x0000000745400000| Untracked 
| 555|0x0000000745600000, 0x0000000745600000, 0x0000000745800000|  0%| F|  |TAMS 0x0000000745600000| PB 0x0000000745600000| Untracked 
| 556|0x0000000745800000, 0x0000000745800000, 0x0000000745a00000|  0%| F|  |TAMS 0x0000000745800000| PB 0x0000000745800000| Untracked 
| 557|0x0000000745a00000, 0x0000000745a00000, 0x0000000745c00000|  0%| F|  |TAMS 0x0000000745a00000| PB 0x0000000745a00000| Untracked 
| 558|0x0000000745c00000, 0x0000000745c00000, 0x0000000745e00000|  0%| F|  |TAMS 0x0000000745c00000| PB 0x0000000745c00000| Untracked 
| 559|0x0000000745e00000, 0x0000000745e00000, 0x0000000746000000|  0%| F|  |TAMS 0x0000000745e00000| PB 0x0000000745e00000| Untracked 
| 560|0x0000000746000000, 0x0000000746000000, 0x0000000746200000|  0%| F|  |TAMS 0x0000000746000000| PB 0x0000000746000000| Untracked 
| 561|0x0000000746200000, 0x0000000746200000, 0x0000000746400000|  0%| F|  |TAMS 0x0000000746200000| PB 0x0000000746200000| Untracked 
| 562|0x0000000746400000, 0x0000000746400000, 0x0000000746600000|  0%| F|  |TAMS 0x0000000746400000| PB 0x0000000746400000| Untracked 
| 563|0x0000000746600000, 0x0000000746600000, 0x0000000746800000|  0%| F|  |TAMS 0x0000000746600000| PB 0x0000000746600000| Untracked 
| 564|0x0000000746800000, 0x0000000746800000, 0x0000000746a00000|  0%| F|  |TAMS 0x0000000746800000| PB 0x0000000746800000| Untracked 
| 565|0x0000000746a00000, 0x0000000746a00000, 0x0000000746c00000|  0%| F|  |TAMS 0x0000000746a00000| PB 0x0000000746a00000| Untracked 
| 566|0x0000000746c00000, 0x0000000746c00000, 0x0000000746e00000|  0%| F|  |TAMS 0x0000000746c00000| PB 0x0000000746c00000| Untracked 
| 567|0x0000000746e00000, 0x0000000746e00000, 0x0000000747000000|  0%| F|  |TAMS 0x0000000746e00000| PB 0x0000000746e00000| Untracked 
| 568|0x0000000747000000, 0x0000000747000000, 0x0000000747200000|  0%| F|  |TAMS 0x0000000747000000| PB 0x0000000747000000| Untracked 
| 569|0x0000000747200000, 0x0000000747200000, 0x0000000747400000|  0%| F|  |TAMS 0x0000000747200000| PB 0x0000000747200000| Untracked 
| 570|0x0000000747400000, 0x0000000747400000, 0x0000000747600000|  0%| F|  |TAMS 0x0000000747400000| PB 0x0000000747400000| Untracked 
| 571|0x0000000747600000, 0x0000000747600000, 0x0000000747800000|  0%| F|  |TAMS 0x0000000747600000| PB 0x0000000747600000| Untracked 
| 572|0x0000000747800000, 0x0000000747800000, 0x0000000747a00000|  0%| F|  |TAMS 0x0000000747800000| PB 0x0000000747800000| Untracked 
| 573|0x0000000747a00000, 0x0000000747a00000, 0x0000000747c00000|  0%| F|  |TAMS 0x0000000747a00000| PB 0x0000000747a00000| Untracked 
| 574|0x0000000747c00000, 0x0000000747c00000, 0x0000000747e00000|  0%| F|  |TAMS 0x0000000747c00000| PB 0x0000000747c00000| Untracked 
| 575|0x0000000747e00000, 0x0000000747e00000, 0x0000000748000000|  0%| F|  |TAMS 0x0000000747e00000| PB 0x0000000747e00000| Untracked 
| 576|0x0000000748000000, 0x0000000748000000, 0x0000000748200000|  0%| F|  |TAMS 0x0000000748000000| PB 0x0000000748000000| Untracked 
| 577|0x0000000748200000, 0x0000000748200000, 0x0000000748400000|  0%| F|  |TAMS 0x0000000748200000| PB 0x0000000748200000| Untracked 
| 578|0x0000000748400000, 0x0000000748400000, 0x0000000748600000|  0%| F|  |TAMS 0x0000000748400000| PB 0x0000000748400000| Untracked 
| 579|0x0000000748600000, 0x0000000748600000, 0x0000000748800000|  0%| F|  |TAMS 0x0000000748600000| PB 0x0000000748600000| Untracked 
| 580|0x0000000748800000, 0x0000000748800000, 0x0000000748a00000|  0%| F|  |TAMS 0x0000000748800000| PB 0x0000000748800000| Untracked 
| 581|0x0000000748a00000, 0x0000000748a00000, 0x0000000748c00000|  0%| F|  |TAMS 0x0000000748a00000| PB 0x0000000748a00000| Untracked 
| 582|0x0000000748c00000, 0x0000000748c00000, 0x0000000748e00000|  0%| F|  |TAMS 0x0000000748c00000| PB 0x0000000748c00000| Untracked 
| 583|0x0000000748e00000, 0x0000000748e00000, 0x0000000749000000|  0%| F|  |TAMS 0x0000000748e00000| PB 0x0000000748e00000| Untracked 
| 584|0x0000000749000000, 0x0000000749000000, 0x0000000749200000|  0%| F|  |TAMS 0x0000000749000000| PB 0x0000000749000000| Untracked 
| 585|0x0000000749200000, 0x0000000749200000, 0x0000000749400000|  0%| F|  |TAMS 0x0000000749200000| PB 0x0000000749200000| Untracked 
| 586|0x0000000749400000, 0x0000000749400000, 0x0000000749600000|  0%| F|  |TAMS 0x0000000749400000| PB 0x0000000749400000| Untracked 
| 587|0x0000000749600000, 0x0000000749600000, 0x0000000749800000|  0%| F|  |TAMS 0x0000000749600000| PB 0x0000000749600000| Untracked 
| 588|0x0000000749800000, 0x0000000749800000, 0x0000000749a00000|  0%| F|  |TAMS 0x0000000749800000| PB 0x0000000749800000| Untracked 
| 589|0x0000000749a00000, 0x0000000749a00000, 0x0000000749c00000|  0%| F|  |TAMS 0x0000000749a00000| PB 0x0000000749a00000| Untracked 
| 590|0x0000000749c00000, 0x0000000749c00000, 0x0000000749e00000|  0%| F|  |TAMS 0x0000000749c00000| PB 0x0000000749c00000| Untracked 
| 591|0x0000000749e00000, 0x0000000749e00000, 0x000000074a000000|  0%| F|  |TAMS 0x0000000749e00000| PB 0x0000000749e00000| Untracked 
| 592|0x000000074a000000, 0x000000074a000000, 0x000000074a200000|  0%| F|  |TAMS 0x000000074a000000| PB 0x000000074a000000| Untracked 
| 593|0x000000074a200000, 0x000000074a200000, 0x000000074a400000|  0%| F|  |TAMS 0x000000074a200000| PB 0x000000074a200000| Untracked 
| 594|0x000000074a400000, 0x000000074a400000, 0x000000074a600000|  0%| F|  |TAMS 0x000000074a400000| PB 0x000000074a400000| Untracked 
| 595|0x000000074a600000, 0x000000074a600000, 0x000000074a800000|  0%| F|  |TAMS 0x000000074a600000| PB 0x000000074a600000| Untracked 
| 596|0x000000074a800000, 0x000000074a800000, 0x000000074aa00000|  0%| F|  |TAMS 0x000000074a800000| PB 0x000000074a800000| Untracked 
| 597|0x000000074aa00000, 0x000000074aa00000, 0x000000074ac00000|  0%| F|  |TAMS 0x000000074aa00000| PB 0x000000074aa00000| Untracked 
| 598|0x000000074ac00000, 0x000000074ac00000, 0x000000074ae00000|  0%| F|  |TAMS 0x000000074ac00000| PB 0x000000074ac00000| Untracked 
| 599|0x000000074ae00000, 0x000000074ae00000, 0x000000074b000000|  0%| F|  |TAMS 0x000000074ae00000| PB 0x000000074ae00000| Untracked 
| 600|0x000000074b000000, 0x000000074b000000, 0x000000074b200000|  0%| F|  |TAMS 0x000000074b000000| PB 0x000000074b000000| Untracked 
| 601|0x000000074b200000, 0x000000074b200000, 0x000000074b400000|  0%| F|  |TAMS 0x000000074b200000| PB 0x000000074b200000| Untracked 
| 602|0x000000074b400000, 0x000000074b400000, 0x000000074b600000|  0%| F|  |TAMS 0x000000074b400000| PB 0x000000074b400000| Untracked 
| 603|0x000000074b600000, 0x000000074b600000, 0x000000074b800000|  0%| F|  |TAMS 0x000000074b600000| PB 0x000000074b600000| Untracked 
| 604|0x000000074b800000, 0x000000074b800000, 0x000000074ba00000|  0%| F|  |TAMS 0x000000074b800000| PB 0x000000074b800000| Untracked 
| 605|0x000000074ba00000, 0x000000074ba00000, 0x000000074bc00000|  0%| F|  |TAMS 0x000000074ba00000| PB 0x000000074ba00000| Untracked 
| 606|0x000000074bc00000, 0x000000074bc00000, 0x000000074be00000|  0%| F|  |TAMS 0x000000074bc00000| PB 0x000000074bc00000| Untracked 
| 607|0x000000074be00000, 0x000000074be00000, 0x000000074c000000|  0%| F|  |TAMS 0x000000074be00000| PB 0x000000074be00000| Untracked 
| 608|0x000000074c000000, 0x000000074c000000, 0x000000074c200000|  0%| F|  |TAMS 0x000000074c000000| PB 0x000000074c000000| Untracked 
| 609|0x000000074c200000, 0x000000074c200000, 0x000000074c400000|  0%| F|  |TAMS 0x000000074c200000| PB 0x000000074c200000| Untracked 
| 610|0x000000074c400000, 0x000000074c400000, 0x000000074c600000|  0%| F|  |TAMS 0x000000074c400000| PB 0x000000074c400000| Untracked 
| 611|0x000000074c600000, 0x000000074c600000, 0x000000074c800000|  0%| F|  |TAMS 0x000000074c600000| PB 0x000000074c600000| Untracked 
| 612|0x000000074c800000, 0x000000074c800000, 0x000000074ca00000|  0%| F|  |TAMS 0x000000074c800000| PB 0x000000074c800000| Untracked 
| 613|0x000000074ca00000, 0x000000074ca00000, 0x000000074cc00000|  0%| F|  |TAMS 0x000000074ca00000| PB 0x000000074ca00000| Untracked 
| 614|0x000000074cc00000, 0x000000074cc00000, 0x000000074ce00000|  0%| F|  |TAMS 0x000000074cc00000| PB 0x000000074cc00000| Untracked 
| 615|0x000000074ce00000, 0x000000074ce00000, 0x000000074d000000|  0%| F|  |TAMS 0x000000074ce00000| PB 0x000000074ce00000| Untracked 
| 616|0x000000074d000000, 0x000000074d000000, 0x000000074d200000|  0%| F|  |TAMS 0x000000074d000000| PB 0x000000074d000000| Untracked 
| 617|0x000000074d200000, 0x000000074d200000, 0x000000074d400000|  0%| F|  |TAMS 0x000000074d200000| PB 0x000000074d200000| Untracked 
| 618|0x000000074d400000, 0x000000074d400000, 0x000000074d600000|  0%| F|  |TAMS 0x000000074d400000| PB 0x000000074d400000| Untracked 
| 619|0x000000074d600000, 0x000000074d600000, 0x000000074d800000|  0%| F|  |TAMS 0x000000074d600000| PB 0x000000074d600000| Untracked 
| 620|0x000000074d800000, 0x000000074d800000, 0x000000074da00000|  0%| F|  |TAMS 0x000000074d800000| PB 0x000000074d800000| Untracked 
| 621|0x000000074da00000, 0x000000074da00000, 0x000000074dc00000|  0%| F|  |TAMS 0x000000074da00000| PB 0x000000074da00000| Untracked 
| 622|0x000000074dc00000, 0x000000074dc00000, 0x000000074de00000|  0%| F|  |TAMS 0x000000074dc00000| PB 0x000000074dc00000| Untracked 
| 623|0x000000074de00000, 0x000000074de00000, 0x000000074e000000|  0%| F|  |TAMS 0x000000074de00000| PB 0x000000074de00000| Untracked 
| 624|0x000000074e000000, 0x000000074e000000, 0x000000074e200000|  0%| F|  |TAMS 0x000000074e000000| PB 0x000000074e000000| Untracked 
| 625|0x000000074e200000, 0x000000074e200000, 0x000000074e400000|  0%| F|  |TAMS 0x000000074e200000| PB 0x000000074e200000| Untracked 
| 626|0x000000074e400000, 0x000000074e400000, 0x000000074e600000|  0%| F|  |TAMS 0x000000074e400000| PB 0x000000074e400000| Untracked 
| 627|0x000000074e600000, 0x000000074e600000, 0x000000074e800000|  0%| F|  |TAMS 0x000000074e600000| PB 0x000000074e600000| Untracked 
| 628|0x000000074e800000, 0x000000074e800000, 0x000000074ea00000|  0%| F|  |TAMS 0x000000074e800000| PB 0x000000074e800000| Untracked 
| 629|0x000000074ea00000, 0x000000074ea00000, 0x000000074ec00000|  0%| F|  |TAMS 0x000000074ea00000| PB 0x000000074ea00000| Untracked 
| 630|0x000000074ec00000, 0x000000074ec00000, 0x000000074ee00000|  0%| F|  |TAMS 0x000000074ec00000| PB 0x000000074ec00000| Untracked 
| 631|0x000000074ee00000, 0x000000074ee00000, 0x000000074f000000|  0%| F|  |TAMS 0x000000074ee00000| PB 0x000000074ee00000| Untracked 
| 632|0x000000074f000000, 0x000000074f000000, 0x000000074f200000|  0%| F|  |TAMS 0x000000074f000000| PB 0x000000074f000000| Untracked 
| 633|0x000000074f200000, 0x000000074f200000, 0x000000074f400000|  0%| F|  |TAMS 0x000000074f200000| PB 0x000000074f200000| Untracked 
| 634|0x000000074f400000, 0x000000074f400000, 0x000000074f600000|  0%| F|  |TAMS 0x000000074f400000| PB 0x000000074f400000| Untracked 
| 635|0x000000074f600000, 0x000000074f600000, 0x000000074f800000|  0%| F|  |TAMS 0x000000074f600000| PB 0x000000074f600000| Untracked 
| 636|0x000000074f800000, 0x000000074f800000, 0x000000074fa00000|  0%| F|  |TAMS 0x000000074f800000| PB 0x000000074f800000| Untracked 
| 637|0x000000074fa00000, 0x000000074fa00000, 0x000000074fc00000|  0%| F|  |TAMS 0x000000074fa00000| PB 0x000000074fa00000| Untracked 
| 638|0x000000074fc00000, 0x000000074fc00000, 0x000000074fe00000|  0%| F|  |TAMS 0x000000074fc00000| PB 0x000000074fc00000| Untracked 
| 639|0x000000074fe00000, 0x000000074fe00000, 0x0000000750000000|  0%| F|  |TAMS 0x000000074fe00000| PB 0x000000074fe00000| Untracked 
| 640|0x0000000750000000, 0x0000000750000000, 0x0000000750200000|  0%| F|  |TAMS 0x0000000750000000| PB 0x0000000750000000| Untracked 
| 641|0x0000000750200000, 0x0000000750200000, 0x0000000750400000|  0%| F|  |TAMS 0x0000000750200000| PB 0x0000000750200000| Untracked 
| 642|0x0000000750400000, 0x0000000750400000, 0x0000000750600000|  0%| F|  |TAMS 0x0000000750400000| PB 0x0000000750400000| Untracked 
| 643|0x0000000750600000, 0x0000000750600000, 0x0000000750800000|  0%| F|  |TAMS 0x0000000750600000| PB 0x0000000750600000| Untracked 
| 644|0x0000000750800000, 0x0000000750800000, 0x0000000750a00000|  0%| F|  |TAMS 0x0000000750800000| PB 0x0000000750800000| Untracked 
| 645|0x0000000750a00000, 0x0000000750a00000, 0x0000000750c00000|  0%| F|  |TAMS 0x0000000750a00000| PB 0x0000000750a00000| Untracked 
| 646|0x0000000750c00000, 0x0000000750c00000, 0x0000000750e00000|  0%| F|  |TAMS 0x0000000750c00000| PB 0x0000000750c00000| Untracked 
| 647|0x0000000750e00000, 0x0000000750e00000, 0x0000000751000000|  0%| F|  |TAMS 0x0000000750e00000| PB 0x0000000750e00000| Untracked 
| 648|0x0000000751000000, 0x0000000751000000, 0x0000000751200000|  0%| F|  |TAMS 0x0000000751000000| PB 0x0000000751000000| Untracked 
| 649|0x0000000751200000, 0x0000000751200000, 0x0000000751400000|  0%| F|  |TAMS 0x0000000751200000| PB 0x0000000751200000| Untracked 
| 650|0x0000000751400000, 0x0000000751400000, 0x0000000751600000|  0%| F|  |TAMS 0x0000000751400000| PB 0x0000000751400000| Untracked 
| 651|0x0000000751600000, 0x0000000751600000, 0x0000000751800000|  0%| F|  |TAMS 0x0000000751600000| PB 0x0000000751600000| Untracked 
| 652|0x0000000751800000, 0x0000000751800000, 0x0000000751a00000|  0%| F|  |TAMS 0x0000000751800000| PB 0x0000000751800000| Untracked 
| 653|0x0000000751a00000, 0x0000000751a00000, 0x0000000751c00000|  0%| F|  |TAMS 0x0000000751a00000| PB 0x0000000751a00000| Untracked 
| 654|0x0000000751c00000, 0x0000000751c00000, 0x0000000751e00000|  0%| F|  |TAMS 0x0000000751c00000| PB 0x0000000751c00000| Untracked 
| 655|0x0000000751e00000, 0x0000000751e00000, 0x0000000752000000|  0%| F|  |TAMS 0x0000000751e00000| PB 0x0000000751e00000| Untracked 
| 656|0x0000000752000000, 0x0000000752000000, 0x0000000752200000|  0%| F|  |TAMS 0x0000000752000000| PB 0x0000000752000000| Untracked 
| 657|0x0000000752200000, 0x0000000752200000, 0x0000000752400000|  0%| F|  |TAMS 0x0000000752200000| PB 0x0000000752200000| Untracked 
| 658|0x0000000752400000, 0x0000000752400000, 0x0000000752600000|  0%| F|  |TAMS 0x0000000752400000| PB 0x0000000752400000| Untracked 
| 659|0x0000000752600000, 0x0000000752600000, 0x0000000752800000|  0%| F|  |TAMS 0x0000000752600000| PB 0x0000000752600000| Untracked 
| 660|0x0000000752800000, 0x0000000752800000, 0x0000000752a00000|  0%| F|  |TAMS 0x0000000752800000| PB 0x0000000752800000| Untracked 
| 661|0x0000000752a00000, 0x0000000752a00000, 0x0000000752c00000|  0%| F|  |TAMS 0x0000000752a00000| PB 0x0000000752a00000| Untracked 
| 662|0x0000000752c00000, 0x0000000752c00000, 0x0000000752e00000|  0%| F|  |TAMS 0x0000000752c00000| PB 0x0000000752c00000| Untracked 
| 663|0x0000000752e00000, 0x0000000752e00000, 0x0000000753000000|  0%| F|  |TAMS 0x0000000752e00000| PB 0x0000000752e00000| Untracked 
| 664|0x0000000753000000, 0x0000000753000000, 0x0000000753200000|  0%| F|  |TAMS 0x0000000753000000| PB 0x0000000753000000| Untracked 
| 665|0x0000000753200000, 0x0000000753200000, 0x0000000753400000|  0%| F|  |TAMS 0x0000000753200000| PB 0x0000000753200000| Untracked 
| 666|0x0000000753400000, 0x0000000753400000, 0x0000000753600000|  0%| F|  |TAMS 0x0000000753400000| PB 0x0000000753400000| Untracked 
| 667|0x0000000753600000, 0x0000000753600000, 0x0000000753800000|  0%| F|  |TAMS 0x0000000753600000| PB 0x0000000753600000| Untracked 
| 668|0x0000000753800000, 0x0000000753800000, 0x0000000753a00000|  0%| F|  |TAMS 0x0000000753800000| PB 0x0000000753800000| Untracked 
| 669|0x0000000753a00000, 0x0000000753a00000, 0x0000000753c00000|  0%| F|  |TAMS 0x0000000753a00000| PB 0x0000000753a00000| Untracked 
| 670|0x0000000753c00000, 0x0000000753c00000, 0x0000000753e00000|  0%| F|  |TAMS 0x0000000753c00000| PB 0x0000000753c00000| Untracked 
| 671|0x0000000753e00000, 0x0000000753e00000, 0x0000000754000000|  0%| F|  |TAMS 0x0000000753e00000| PB 0x0000000753e00000| Untracked 
| 672|0x0000000754000000, 0x0000000754000000, 0x0000000754200000|  0%| F|  |TAMS 0x0000000754000000| PB 0x0000000754000000| Untracked 
| 673|0x0000000754200000, 0x0000000754200000, 0x0000000754400000|  0%| F|  |TAMS 0x0000000754200000| PB 0x0000000754200000| Untracked 
| 674|0x0000000754400000, 0x0000000754400000, 0x0000000754600000|  0%| F|  |TAMS 0x0000000754400000| PB 0x0000000754400000| Untracked 
| 675|0x0000000754600000, 0x0000000754600000, 0x0000000754800000|  0%| F|  |TAMS 0x0000000754600000| PB 0x0000000754600000| Untracked 
| 676|0x0000000754800000, 0x0000000754800000, 0x0000000754a00000|  0%| F|  |TAMS 0x0000000754800000| PB 0x0000000754800000| Untracked 
| 677|0x0000000754a00000, 0x0000000754a00000, 0x0000000754c00000|  0%| F|  |TAMS 0x0000000754a00000| PB 0x0000000754a00000| Untracked 
| 678|0x0000000754c00000, 0x0000000754c00000, 0x0000000754e00000|  0%| F|  |TAMS 0x0000000754c00000| PB 0x0000000754c00000| Untracked 
| 679|0x0000000754e00000, 0x0000000754e00000, 0x0000000755000000|  0%| F|  |TAMS 0x0000000754e00000| PB 0x0000000754e00000| Untracked 
| 680|0x0000000755000000, 0x0000000755000000, 0x0000000755200000|  0%| F|  |TAMS 0x0000000755000000| PB 0x0000000755000000| Untracked 
| 681|0x0000000755200000, 0x0000000755200000, 0x0000000755400000|  0%| F|  |TAMS 0x0000000755200000| PB 0x0000000755200000| Untracked 
| 682|0x0000000755400000, 0x0000000755400000, 0x0000000755600000|  0%| F|  |TAMS 0x0000000755400000| PB 0x0000000755400000| Untracked 
| 683|0x0000000755600000, 0x0000000755600000, 0x0000000755800000|  0%| F|  |TAMS 0x0000000755600000| PB 0x0000000755600000| Untracked 
| 684|0x0000000755800000, 0x0000000755800000, 0x0000000755a00000|  0%| F|  |TAMS 0x0000000755800000| PB 0x0000000755800000| Untracked 
| 685|0x0000000755a00000, 0x0000000755a00000, 0x0000000755c00000|  0%| F|  |TAMS 0x0000000755a00000| PB 0x0000000755a00000| Untracked 
| 686|0x0000000755c00000, 0x0000000755c00000, 0x0000000755e00000|  0%| F|  |TAMS 0x0000000755c00000| PB 0x0000000755c00000| Untracked 
| 687|0x0000000755e00000, 0x0000000755e00000, 0x0000000756000000|  0%| F|  |TAMS 0x0000000755e00000| PB 0x0000000755e00000| Untracked 
| 688|0x0000000756000000, 0x0000000756000000, 0x0000000756200000|  0%| F|  |TAMS 0x0000000756000000| PB 0x0000000756000000| Untracked 
| 689|0x0000000756200000, 0x0000000756200000, 0x0000000756400000|  0%| F|  |TAMS 0x0000000756200000| PB 0x0000000756200000| Untracked 
| 690|0x0000000756400000, 0x0000000756400000, 0x0000000756600000|  0%| F|  |TAMS 0x0000000756400000| PB 0x0000000756400000| Untracked 
| 691|0x0000000756600000, 0x0000000756600000, 0x0000000756800000|  0%| F|  |TAMS 0x0000000756600000| PB 0x0000000756600000| Untracked 
| 692|0x0000000756800000, 0x0000000756800000, 0x0000000756a00000|  0%| F|  |TAMS 0x0000000756800000| PB 0x0000000756800000| Untracked 
| 693|0x0000000756a00000, 0x0000000756a00000, 0x0000000756c00000|  0%| F|  |TAMS 0x0000000756a00000| PB 0x0000000756a00000| Untracked 
| 694|0x0000000756c00000, 0x0000000756c00000, 0x0000000756e00000|  0%| F|  |TAMS 0x0000000756c00000| PB 0x0000000756c00000| Untracked 
| 695|0x0000000756e00000, 0x0000000756e00000, 0x0000000757000000|  0%| F|  |TAMS 0x0000000756e00000| PB 0x0000000756e00000| Untracked 
| 696|0x0000000757000000, 0x0000000757000000, 0x0000000757200000|  0%| F|  |TAMS 0x0000000757000000| PB 0x0000000757000000| Untracked 
| 697|0x0000000757200000, 0x0000000757200000, 0x0000000757400000|  0%| F|  |TAMS 0x0000000757200000| PB 0x0000000757200000| Untracked 
| 698|0x0000000757400000, 0x0000000757400000, 0x0000000757600000|  0%| F|  |TAMS 0x0000000757400000| PB 0x0000000757400000| Untracked 
| 699|0x0000000757600000, 0x0000000757600000, 0x0000000757800000|  0%| F|  |TAMS 0x0000000757600000| PB 0x0000000757600000| Untracked 
| 700|0x0000000757800000, 0x0000000757800000, 0x0000000757a00000|  0%| F|  |TAMS 0x0000000757800000| PB 0x0000000757800000| Untracked 
| 701|0x0000000757a00000, 0x0000000757a00000, 0x0000000757c00000|  0%| F|  |TAMS 0x0000000757a00000| PB 0x0000000757a00000| Untracked 
| 702|0x0000000757c00000, 0x0000000757c00000, 0x0000000757e00000|  0%| F|  |TAMS 0x0000000757c00000| PB 0x0000000757c00000| Untracked 
| 703|0x0000000757e00000, 0x0000000757e00000, 0x0000000758000000|  0%| F|  |TAMS 0x0000000757e00000| PB 0x0000000757e00000| Untracked 
| 704|0x0000000758000000, 0x0000000758000000, 0x0000000758200000|  0%| F|  |TAMS 0x0000000758000000| PB 0x0000000758000000| Untracked 
| 705|0x0000000758200000, 0x0000000758200000, 0x0000000758400000|  0%| F|  |TAMS 0x0000000758200000| PB 0x0000000758200000| Untracked 
| 706|0x0000000758400000, 0x0000000758400000, 0x0000000758600000|  0%| F|  |TAMS 0x0000000758400000| PB 0x0000000758400000| Untracked 
| 707|0x0000000758600000, 0x0000000758600000, 0x0000000758800000|  0%| F|  |TAMS 0x0000000758600000| PB 0x0000000758600000| Untracked 
| 708|0x0000000758800000, 0x0000000758800000, 0x0000000758a00000|  0%| F|  |TAMS 0x0000000758800000| PB 0x0000000758800000| Untracked 
| 709|0x0000000758a00000, 0x0000000758a00000, 0x0000000758c00000|  0%| F|  |TAMS 0x0000000758a00000| PB 0x0000000758a00000| Untracked 
| 710|0x0000000758c00000, 0x0000000758c00000, 0x0000000758e00000|  0%| F|  |TAMS 0x0000000758c00000| PB 0x0000000758c00000| Untracked 
| 711|0x0000000758e00000, 0x0000000758e00000, 0x0000000759000000|  0%| F|  |TAMS 0x0000000758e00000| PB 0x0000000758e00000| Untracked 
| 712|0x0000000759000000, 0x0000000759000000, 0x0000000759200000|  0%| F|  |TAMS 0x0000000759000000| PB 0x0000000759000000| Untracked 
| 713|0x0000000759200000, 0x0000000759200000, 0x0000000759400000|  0%| F|  |TAMS 0x0000000759200000| PB 0x0000000759200000| Untracked 
| 714|0x0000000759400000, 0x0000000759400000, 0x0000000759600000|  0%| F|  |TAMS 0x0000000759400000| PB 0x0000000759400000| Untracked 
| 715|0x0000000759600000, 0x0000000759600000, 0x0000000759800000|  0%| F|  |TAMS 0x0000000759600000| PB 0x0000000759600000| Untracked 
| 716|0x0000000759800000, 0x0000000759800000, 0x0000000759a00000|  0%| F|  |TAMS 0x0000000759800000| PB 0x0000000759800000| Untracked 
| 717|0x0000000759a00000, 0x0000000759a00000, 0x0000000759c00000|  0%| F|  |TAMS 0x0000000759a00000| PB 0x0000000759a00000| Untracked 
| 718|0x0000000759c00000, 0x0000000759c00000, 0x0000000759e00000|  0%| F|  |TAMS 0x0000000759c00000| PB 0x0000000759c00000| Untracked 
| 719|0x0000000759e00000, 0x0000000759e00000, 0x000000075a000000|  0%| F|  |TAMS 0x0000000759e00000| PB 0x0000000759e00000| Untracked 
| 720|0x000000075a000000, 0x000000075a000000, 0x000000075a200000|  0%| F|  |TAMS 0x000000075a000000| PB 0x000000075a000000| Untracked 
| 721|0x000000075a200000, 0x000000075a200000, 0x000000075a400000|  0%| F|  |TAMS 0x000000075a200000| PB 0x000000075a200000| Untracked 
| 722|0x000000075a400000, 0x000000075a400000, 0x000000075a600000|  0%| F|  |TAMS 0x000000075a400000| PB 0x000000075a400000| Untracked 
| 723|0x000000075a600000, 0x000000075a600000, 0x000000075a800000|  0%| F|  |TAMS 0x000000075a600000| PB 0x000000075a600000| Untracked 
| 724|0x000000075a800000, 0x000000075a800000, 0x000000075aa00000|  0%| F|  |TAMS 0x000000075a800000| PB 0x000000075a800000| Untracked 
| 725|0x000000075aa00000, 0x000000075aa00000, 0x000000075ac00000|  0%| F|  |TAMS 0x000000075aa00000| PB 0x000000075aa00000| Untracked 
| 726|0x000000075ac00000, 0x000000075ac00000, 0x000000075ae00000|  0%| F|  |TAMS 0x000000075ac00000| PB 0x000000075ac00000| Untracked 
| 727|0x000000075ae00000, 0x000000075ae00000, 0x000000075b000000|  0%| F|  |TAMS 0x000000075ae00000| PB 0x000000075ae00000| Untracked 
| 728|0x000000075b000000, 0x000000075b000000, 0x000000075b200000|  0%| F|  |TAMS 0x000000075b000000| PB 0x000000075b000000| Untracked 
| 729|0x000000075b200000, 0x000000075b200000, 0x000000075b400000|  0%| F|  |TAMS 0x000000075b200000| PB 0x000000075b200000| Untracked 
| 730|0x000000075b400000, 0x000000075b400000, 0x000000075b600000|  0%| F|  |TAMS 0x000000075b400000| PB 0x000000075b400000| Untracked 
| 731|0x000000075b600000, 0x000000075b600000, 0x000000075b800000|  0%| F|  |TAMS 0x000000075b600000| PB 0x000000075b600000| Untracked 
| 732|0x000000075b800000, 0x000000075b800000, 0x000000075ba00000|  0%| F|  |TAMS 0x000000075b800000| PB 0x000000075b800000| Untracked 
| 733|0x000000075ba00000, 0x000000075ba00000, 0x000000075bc00000|  0%| F|  |TAMS 0x000000075ba00000| PB 0x000000075ba00000| Untracked 
| 734|0x000000075bc00000, 0x000000075bc00000, 0x000000075be00000|  0%| F|  |TAMS 0x000000075bc00000| PB 0x000000075bc00000| Untracked 
| 735|0x000000075be00000, 0x000000075be00000, 0x000000075c000000|  0%| F|  |TAMS 0x000000075be00000| PB 0x000000075be00000| Untracked 
| 736|0x000000075c000000, 0x000000075c000000, 0x000000075c200000|  0%| F|  |TAMS 0x000000075c000000| PB 0x000000075c000000| Untracked 
| 737|0x000000075c200000, 0x000000075c200000, 0x000000075c400000|  0%| F|  |TAMS 0x000000075c200000| PB 0x000000075c200000| Untracked 
| 738|0x000000075c400000, 0x000000075c400000, 0x000000075c600000|  0%| F|  |TAMS 0x000000075c400000| PB 0x000000075c400000| Untracked 
| 739|0x000000075c600000, 0x000000075c600000, 0x000000075c800000|  0%| F|  |TAMS 0x000000075c600000| PB 0x000000075c600000| Untracked 
| 740|0x000000075c800000, 0x000000075c800000, 0x000000075ca00000|  0%| F|  |TAMS 0x000000075c800000| PB 0x000000075c800000| Untracked 
| 741|0x000000075ca00000, 0x000000075ca00000, 0x000000075cc00000|  0%| F|  |TAMS 0x000000075ca00000| PB 0x000000075ca00000| Untracked 
| 742|0x000000075cc00000, 0x000000075cc00000, 0x000000075ce00000|  0%| F|  |TAMS 0x000000075cc00000| PB 0x000000075cc00000| Untracked 
| 743|0x000000075ce00000, 0x000000075ce00000, 0x000000075d000000|  0%| F|  |TAMS 0x000000075ce00000| PB 0x000000075ce00000| Untracked 
| 744|0x000000075d000000, 0x000000075d000000, 0x000000075d200000|  0%| F|  |TAMS 0x000000075d000000| PB 0x000000075d000000| Untracked 
| 745|0x000000075d200000, 0x000000075d200000, 0x000000075d400000|  0%| F|  |TAMS 0x000000075d200000| PB 0x000000075d200000| Untracked 
| 746|0x000000075d400000, 0x000000075d400000, 0x000000075d600000|  0%| F|  |TAMS 0x000000075d400000| PB 0x000000075d400000| Untracked 
| 747|0x000000075d600000, 0x000000075d600000, 0x000000075d800000|  0%| F|  |TAMS 0x000000075d600000| PB 0x000000075d600000| Untracked 
| 748|0x000000075d800000, 0x000000075d800000, 0x000000075da00000|  0%| F|  |TAMS 0x000000075d800000| PB 0x000000075d800000| Untracked 
| 749|0x000000075da00000, 0x000000075da00000, 0x000000075dc00000|  0%| F|  |TAMS 0x000000075da00000| PB 0x000000075da00000| Untracked 
| 750|0x000000075dc00000, 0x000000075dc00000, 0x000000075de00000|  0%| F|  |TAMS 0x000000075dc00000| PB 0x000000075dc00000| Untracked 
| 751|0x000000075de00000, 0x000000075de00000, 0x000000075e000000|  0%| F|  |TAMS 0x000000075de00000| PB 0x000000075de00000| Untracked 
| 752|0x000000075e000000, 0x000000075e000000, 0x000000075e200000|  0%| F|  |TAMS 0x000000075e000000| PB 0x000000075e000000| Untracked 
| 753|0x000000075e200000, 0x000000075e200000, 0x000000075e400000|  0%| F|  |TAMS 0x000000075e200000| PB 0x000000075e200000| Untracked 
| 754|0x000000075e400000, 0x000000075e400000, 0x000000075e600000|  0%| F|  |TAMS 0x000000075e400000| PB 0x000000075e400000| Untracked 
| 755|0x000000075e600000, 0x000000075e600000, 0x000000075e800000|  0%| F|  |TAMS 0x000000075e600000| PB 0x000000075e600000| Untracked 
| 756|0x000000075e800000, 0x000000075e800000, 0x000000075ea00000|  0%| F|  |TAMS 0x000000075e800000| PB 0x000000075e800000| Untracked 
| 757|0x000000075ea00000, 0x000000075ea00000, 0x000000075ec00000|  0%| F|  |TAMS 0x000000075ea00000| PB 0x000000075ea00000| Untracked 
| 758|0x000000075ec00000, 0x000000075ec00000, 0x000000075ee00000|  0%| F|  |TAMS 0x000000075ec00000| PB 0x000000075ec00000| Untracked 
| 759|0x000000075ee00000, 0x000000075ee00000, 0x000000075f000000|  0%| F|  |TAMS 0x000000075ee00000| PB 0x000000075ee00000| Untracked 
| 760|0x000000075f000000, 0x000000075f000000, 0x000000075f200000|  0%| F|  |TAMS 0x000000075f000000| PB 0x000000075f000000| Untracked 
| 761|0x000000075f200000, 0x000000075f200000, 0x000000075f400000|  0%| F|  |TAMS 0x000000075f200000| PB 0x000000075f200000| Untracked 
| 762|0x000000075f400000, 0x000000075f400000, 0x000000075f600000|  0%| F|  |TAMS 0x000000075f400000| PB 0x000000075f400000| Untracked 
| 763|0x000000075f600000, 0x000000075f600000, 0x000000075f800000|  0%| F|  |TAMS 0x000000075f600000| PB 0x000000075f600000| Untracked 
| 764|0x000000075f800000, 0x000000075f800000, 0x000000075fa00000|  0%| F|  |TAMS 0x000000075f800000| PB 0x000000075f800000| Untracked 
| 765|0x000000075fa00000, 0x000000075fa00000, 0x000000075fc00000|  0%| F|  |TAMS 0x000000075fa00000| PB 0x000000075fa00000| Untracked 
| 766|0x000000075fc00000, 0x000000075fc00000, 0x000000075fe00000|  0%| F|  |TAMS 0x000000075fc00000| PB 0x000000075fc00000| Untracked 
| 767|0x000000075fe00000, 0x000000075fe00000, 0x0000000760000000|  0%| F|  |TAMS 0x000000075fe00000| PB 0x000000075fe00000| Untracked 
| 768|0x0000000760000000, 0x0000000760000000, 0x0000000760200000|  0%| F|  |TAMS 0x0000000760000000| PB 0x0000000760000000| Untracked 
| 769|0x0000000760200000, 0x0000000760200000, 0x0000000760400000|  0%| F|  |TAMS 0x0000000760200000| PB 0x0000000760200000| Untracked 
| 770|0x0000000760400000, 0x0000000760400000, 0x0000000760600000|  0%| F|  |TAMS 0x0000000760400000| PB 0x0000000760400000| Untracked 
| 771|0x0000000760600000, 0x0000000760600000, 0x0000000760800000|  0%| F|  |TAMS 0x0000000760600000| PB 0x0000000760600000| Untracked 
| 772|0x0000000760800000, 0x0000000760800000, 0x0000000760a00000|  0%| F|  |TAMS 0x0000000760800000| PB 0x0000000760800000| Untracked 
| 773|0x0000000760a00000, 0x0000000760a00000, 0x0000000760c00000|  0%| F|  |TAMS 0x0000000760a00000| PB 0x0000000760a00000| Untracked 
| 774|0x0000000760c00000, 0x0000000760c00000, 0x0000000760e00000|  0%| F|  |TAMS 0x0000000760c00000| PB 0x0000000760c00000| Untracked 
| 775|0x0000000760e00000, 0x0000000760e00000, 0x0000000761000000|  0%| F|  |TAMS 0x0000000760e00000| PB 0x0000000760e00000| Untracked 
| 776|0x0000000761000000, 0x0000000761000000, 0x0000000761200000|  0%| F|  |TAMS 0x0000000761000000| PB 0x0000000761000000| Untracked 
| 777|0x0000000761200000, 0x0000000761200000, 0x0000000761400000|  0%| F|  |TAMS 0x0000000761200000| PB 0x0000000761200000| Untracked 
| 778|0x0000000761400000, 0x0000000761400000, 0x0000000761600000|  0%| F|  |TAMS 0x0000000761400000| PB 0x0000000761400000| Untracked 
| 779|0x0000000761600000, 0x0000000761600000, 0x0000000761800000|  0%| F|  |TAMS 0x0000000761600000| PB 0x0000000761600000| Untracked 
| 780|0x0000000761800000, 0x0000000761800000, 0x0000000761a00000|  0%| F|  |TAMS 0x0000000761800000| PB 0x0000000761800000| Untracked 
| 781|0x0000000761a00000, 0x0000000761a00000, 0x0000000761c00000|  0%| F|  |TAMS 0x0000000761a00000| PB 0x0000000761a00000| Untracked 
| 782|0x0000000761c00000, 0x0000000761c00000, 0x0000000761e00000|  0%| F|  |TAMS 0x0000000761c00000| PB 0x0000000761c00000| Untracked 
| 783|0x0000000761e00000, 0x0000000761e00000, 0x0000000762000000|  0%| F|  |TAMS 0x0000000761e00000| PB 0x0000000761e00000| Untracked 
| 784|0x0000000762000000, 0x0000000762000000, 0x0000000762200000|  0%| F|  |TAMS 0x0000000762000000| PB 0x0000000762000000| Untracked 
| 785|0x0000000762200000, 0x0000000762200000, 0x0000000762400000|  0%| F|  |TAMS 0x0000000762200000| PB 0x0000000762200000| Untracked 
| 786|0x0000000762400000, 0x0000000762400000, 0x0000000762600000|  0%| F|  |TAMS 0x0000000762400000| PB 0x0000000762400000| Untracked 
| 787|0x0000000762600000, 0x0000000762600000, 0x0000000762800000|  0%| F|  |TAMS 0x0000000762600000| PB 0x0000000762600000| Untracked 
| 788|0x0000000762800000, 0x0000000762800000, 0x0000000762a00000|  0%| F|  |TAMS 0x0000000762800000| PB 0x0000000762800000| Untracked 
| 789|0x0000000762a00000, 0x0000000762a00000, 0x0000000762c00000|  0%| F|  |TAMS 0x0000000762a00000| PB 0x0000000762a00000| Untracked 
| 790|0x0000000762c00000, 0x0000000762c00000, 0x0000000762e00000|  0%| F|  |TAMS 0x0000000762c00000| PB 0x0000000762c00000| Untracked 
| 791|0x0000000762e00000, 0x0000000762e00000, 0x0000000763000000|  0%| F|  |TAMS 0x0000000762e00000| PB 0x0000000762e00000| Untracked 
| 792|0x0000000763000000, 0x0000000763000000, 0x0000000763200000|  0%| F|  |TAMS 0x0000000763000000| PB 0x0000000763000000| Untracked 
| 793|0x0000000763200000, 0x0000000763200000, 0x0000000763400000|  0%| F|  |TAMS 0x0000000763200000| PB 0x0000000763200000| Untracked 
| 794|0x0000000763400000, 0x0000000763400000, 0x0000000763600000|  0%| F|  |TAMS 0x0000000763400000| PB 0x0000000763400000| Untracked 
| 795|0x0000000763600000, 0x0000000763600000, 0x0000000763800000|  0%| F|  |TAMS 0x0000000763600000| PB 0x0000000763600000| Untracked 
| 796|0x0000000763800000, 0x0000000763800000, 0x0000000763a00000|  0%| F|  |TAMS 0x0000000763800000| PB 0x0000000763800000| Untracked 
| 797|0x0000000763a00000, 0x0000000763a00000, 0x0000000763c00000|  0%| F|  |TAMS 0x0000000763a00000| PB 0x0000000763a00000| Untracked 
| 798|0x0000000763c00000, 0x0000000763c00000, 0x0000000763e00000|  0%| F|  |TAMS 0x0000000763c00000| PB 0x0000000763c00000| Untracked 
| 799|0x0000000763e00000, 0x0000000763e00000, 0x0000000764000000|  0%| F|  |TAMS 0x0000000763e00000| PB 0x0000000763e00000| Untracked 
| 800|0x0000000764000000, 0x0000000764000000, 0x0000000764200000|  0%| F|  |TAMS 0x0000000764000000| PB 0x0000000764000000| Untracked 
| 801|0x0000000764200000, 0x0000000764200000, 0x0000000764400000|  0%| F|  |TAMS 0x0000000764200000| PB 0x0000000764200000| Untracked 
| 802|0x0000000764400000, 0x0000000764400000, 0x0000000764600000|  0%| F|  |TAMS 0x0000000764400000| PB 0x0000000764400000| Untracked 
| 803|0x0000000764600000, 0x0000000764600000, 0x0000000764800000|  0%| F|  |TAMS 0x0000000764600000| PB 0x0000000764600000| Untracked 
| 804|0x0000000764800000, 0x0000000764800000, 0x0000000764a00000|  0%| F|  |TAMS 0x0000000764800000| PB 0x0000000764800000| Untracked 
| 805|0x0000000764a00000, 0x0000000764a00000, 0x0000000764c00000|  0%| F|  |TAMS 0x0000000764a00000| PB 0x0000000764a00000| Untracked 
| 806|0x0000000764c00000, 0x0000000764c00000, 0x0000000764e00000|  0%| F|  |TAMS 0x0000000764c00000| PB 0x0000000764c00000| Untracked 
| 807|0x0000000764e00000, 0x0000000764e00000, 0x0000000765000000|  0%| F|  |TAMS 0x0000000764e00000| PB 0x0000000764e00000| Untracked 
| 808|0x0000000765000000, 0x0000000765000000, 0x0000000765200000|  0%| F|  |TAMS 0x0000000765000000| PB 0x0000000765000000| Untracked 
| 809|0x0000000765200000, 0x0000000765200000, 0x0000000765400000|  0%| F|  |TAMS 0x0000000765200000| PB 0x0000000765200000| Untracked 
| 810|0x0000000765400000, 0x0000000765400000, 0x0000000765600000|  0%| F|  |TAMS 0x0000000765400000| PB 0x0000000765400000| Untracked 
| 811|0x0000000765600000, 0x0000000765600000, 0x0000000765800000|  0%| F|  |TAMS 0x0000000765600000| PB 0x0000000765600000| Untracked 
| 812|0x0000000765800000, 0x0000000765800000, 0x0000000765a00000|  0%| F|  |TAMS 0x0000000765800000| PB 0x0000000765800000| Untracked 
| 813|0x0000000765a00000, 0x0000000765a00000, 0x0000000765c00000|  0%| F|  |TAMS 0x0000000765a00000| PB 0x0000000765a00000| Untracked 
| 814|0x0000000765c00000, 0x0000000765c00000, 0x0000000765e00000|  0%| F|  |TAMS 0x0000000765c00000| PB 0x0000000765c00000| Untracked 
| 815|0x0000000765e00000, 0x0000000765e00000, 0x0000000766000000|  0%| F|  |TAMS 0x0000000765e00000| PB 0x0000000765e00000| Untracked 
| 816|0x0000000766000000, 0x0000000766000000, 0x0000000766200000|  0%| F|  |TAMS 0x0000000766000000| PB 0x0000000766000000| Untracked 
| 817|0x0000000766200000, 0x0000000766200000, 0x0000000766400000|  0%| F|  |TAMS 0x0000000766200000| PB 0x0000000766200000| Untracked 
| 818|0x0000000766400000, 0x0000000766400000, 0x0000000766600000|  0%| F|  |TAMS 0x0000000766400000| PB 0x0000000766400000| Untracked 
| 819|0x0000000766600000, 0x0000000766600000, 0x0000000766800000|  0%| F|  |TAMS 0x0000000766600000| PB 0x0000000766600000| Untracked 
| 820|0x0000000766800000, 0x0000000766800000, 0x0000000766a00000|  0%| F|  |TAMS 0x0000000766800000| PB 0x0000000766800000| Untracked 
| 821|0x0000000766a00000, 0x0000000766a00000, 0x0000000766c00000|  0%| F|  |TAMS 0x0000000766a00000| PB 0x0000000766a00000| Untracked 
| 822|0x0000000766c00000, 0x0000000766c00000, 0x0000000766e00000|  0%| F|  |TAMS 0x0000000766c00000| PB 0x0000000766c00000| Untracked 
| 823|0x0000000766e00000, 0x0000000766e00000, 0x0000000767000000|  0%| F|  |TAMS 0x0000000766e00000| PB 0x0000000766e00000| Untracked 
| 824|0x0000000767000000, 0x0000000767000000, 0x0000000767200000|  0%| F|  |TAMS 0x0000000767000000| PB 0x0000000767000000| Untracked 
| 825|0x0000000767200000, 0x0000000767200000, 0x0000000767400000|  0%| F|  |TAMS 0x0000000767200000| PB 0x0000000767200000| Untracked 
| 826|0x0000000767400000, 0x0000000767400000, 0x0000000767600000|  0%| F|  |TAMS 0x0000000767400000| PB 0x0000000767400000| Untracked 
| 827|0x0000000767600000, 0x0000000767600000, 0x0000000767800000|  0%| F|  |TAMS 0x0000000767600000| PB 0x0000000767600000| Untracked 
| 828|0x0000000767800000, 0x0000000767800000, 0x0000000767a00000|  0%| F|  |TAMS 0x0000000767800000| PB 0x0000000767800000| Untracked 
| 829|0x0000000767a00000, 0x0000000767a00000, 0x0000000767c00000|  0%| F|  |TAMS 0x0000000767a00000| PB 0x0000000767a00000| Untracked 
| 830|0x0000000767c00000, 0x0000000767c00000, 0x0000000767e00000|  0%| F|  |TAMS 0x0000000767c00000| PB 0x0000000767c00000| Untracked 
| 831|0x0000000767e00000, 0x0000000767e00000, 0x0000000768000000|  0%| F|  |TAMS 0x0000000767e00000| PB 0x0000000767e00000| Untracked 
| 832|0x0000000768000000, 0x0000000768000000, 0x0000000768200000|  0%| F|  |TAMS 0x0000000768000000| PB 0x0000000768000000| Untracked 
| 833|0x0000000768200000, 0x0000000768200000, 0x0000000768400000|  0%| F|  |TAMS 0x0000000768200000| PB 0x0000000768200000| Untracked 
| 834|0x0000000768400000, 0x0000000768400000, 0x0000000768600000|  0%| F|  |TAMS 0x0000000768400000| PB 0x0000000768400000| Untracked 
| 835|0x0000000768600000, 0x0000000768600000, 0x0000000768800000|  0%| F|  |TAMS 0x0000000768600000| PB 0x0000000768600000| Untracked 
| 836|0x0000000768800000, 0x0000000768800000, 0x0000000768a00000|  0%| F|  |TAMS 0x0000000768800000| PB 0x0000000768800000| Untracked 
| 837|0x0000000768a00000, 0x0000000768a00000, 0x0000000768c00000|  0%| F|  |TAMS 0x0000000768a00000| PB 0x0000000768a00000| Untracked 
| 838|0x0000000768c00000, 0x0000000768c00000, 0x0000000768e00000|  0%| F|  |TAMS 0x0000000768c00000| PB 0x0000000768c00000| Untracked 
| 839|0x0000000768e00000, 0x0000000768e00000, 0x0000000769000000|  0%| F|  |TAMS 0x0000000768e00000| PB 0x0000000768e00000| Untracked 
| 840|0x0000000769000000, 0x0000000769000000, 0x0000000769200000|  0%| F|  |TAMS 0x0000000769000000| PB 0x0000000769000000| Untracked 
| 841|0x0000000769200000, 0x0000000769200000, 0x0000000769400000|  0%| F|  |TAMS 0x0000000769200000| PB 0x0000000769200000| Untracked 
| 842|0x0000000769400000, 0x0000000769400000, 0x0000000769600000|  0%| F|  |TAMS 0x0000000769400000| PB 0x0000000769400000| Untracked 
| 843|0x0000000769600000, 0x0000000769600000, 0x0000000769800000|  0%| F|  |TAMS 0x0000000769600000| PB 0x0000000769600000| Untracked 
| 844|0x0000000769800000, 0x0000000769800000, 0x0000000769a00000|  0%| F|  |TAMS 0x0000000769800000| PB 0x0000000769800000| Untracked 
| 845|0x0000000769a00000, 0x0000000769a00000, 0x0000000769c00000|  0%| F|  |TAMS 0x0000000769a00000| PB 0x0000000769a00000| Untracked 
| 846|0x0000000769c00000, 0x0000000769c00000, 0x0000000769e00000|  0%| F|  |TAMS 0x0000000769c00000| PB 0x0000000769c00000| Untracked 
| 847|0x0000000769e00000, 0x0000000769e00000, 0x000000076a000000|  0%| F|  |TAMS 0x0000000769e00000| PB 0x0000000769e00000| Untracked 
| 848|0x000000076a000000, 0x000000076a000000, 0x000000076a200000|  0%| F|  |TAMS 0x000000076a000000| PB 0x000000076a000000| Untracked 
| 849|0x000000076a200000, 0x000000076a200000, 0x000000076a400000|  0%| F|  |TAMS 0x000000076a200000| PB 0x000000076a200000| Untracked 
| 850|0x000000076a400000, 0x000000076a400000, 0x000000076a600000|  0%| F|  |TAMS 0x000000076a400000| PB 0x000000076a400000| Untracked 
| 851|0x000000076a600000, 0x000000076a600000, 0x000000076a800000|  0%| F|  |TAMS 0x000000076a600000| PB 0x000000076a600000| Untracked 
| 852|0x000000076a800000, 0x000000076a800000, 0x000000076aa00000|  0%| F|  |TAMS 0x000000076a800000| PB 0x000000076a800000| Untracked 
| 853|0x000000076aa00000, 0x000000076aa00000, 0x000000076ac00000|  0%| F|  |TAMS 0x000000076aa00000| PB 0x000000076aa00000| Untracked 
| 854|0x000000076ac00000, 0x000000076ac00000, 0x000000076ae00000|  0%| F|  |TAMS 0x000000076ac00000| PB 0x000000076ac00000| Untracked 
| 855|0x000000076ae00000, 0x000000076ae00000, 0x000000076b000000|  0%| F|  |TAMS 0x000000076ae00000| PB 0x000000076ae00000| Untracked 
| 856|0x000000076b000000, 0x000000076b000000, 0x000000076b200000|  0%| F|  |TAMS 0x000000076b000000| PB 0x000000076b000000| Untracked 
| 857|0x000000076b200000, 0x000000076b200000, 0x000000076b400000|  0%| F|  |TAMS 0x000000076b200000| PB 0x000000076b200000| Untracked 
| 858|0x000000076b400000, 0x000000076b400000, 0x000000076b600000|  0%| F|  |TAMS 0x000000076b400000| PB 0x000000076b400000| Untracked 
| 859|0x000000076b600000, 0x000000076b600000, 0x000000076b800000|  0%| F|  |TAMS 0x000000076b600000| PB 0x000000076b600000| Untracked 
| 860|0x000000076b800000, 0x000000076b800000, 0x000000076ba00000|  0%| F|  |TAMS 0x000000076b800000| PB 0x000000076b800000| Untracked 
| 861|0x000000076ba00000, 0x000000076ba00000, 0x000000076bc00000|  0%| F|  |TAMS 0x000000076ba00000| PB 0x000000076ba00000| Untracked 
| 862|0x000000076bc00000, 0x000000076bc00000, 0x000000076be00000|  0%| F|  |TAMS 0x000000076bc00000| PB 0x000000076bc00000| Untracked 
| 863|0x000000076be00000, 0x000000076be00000, 0x000000076c000000|  0%| F|  |TAMS 0x000000076be00000| PB 0x000000076be00000| Untracked 
| 864|0x000000076c000000, 0x000000076c000000, 0x000000076c200000|  0%| F|  |TAMS 0x000000076c000000| PB 0x000000076c000000| Untracked 
| 865|0x000000076c200000, 0x000000076c200000, 0x000000076c400000|  0%| F|  |TAMS 0x000000076c200000| PB 0x000000076c200000| Untracked 
| 866|0x000000076c400000, 0x000000076c400000, 0x000000076c600000|  0%| F|  |TAMS 0x000000076c400000| PB 0x000000076c400000| Untracked 
| 867|0x000000076c600000, 0x000000076c600000, 0x000000076c800000|  0%| F|  |TAMS 0x000000076c600000| PB 0x000000076c600000| Untracked 
| 868|0x000000076c800000, 0x000000076c800000, 0x000000076ca00000|  0%| F|  |TAMS 0x000000076c800000| PB 0x000000076c800000| Untracked 
| 869|0x000000076ca00000, 0x000000076ca00000, 0x000000076cc00000|  0%| F|  |TAMS 0x000000076ca00000| PB 0x000000076ca00000| Untracked 
| 870|0x000000076cc00000, 0x000000076cc00000, 0x000000076ce00000|  0%| F|  |TAMS 0x000000076cc00000| PB 0x000000076cc00000| Untracked 
| 871|0x000000076ce00000, 0x000000076ce00000, 0x000000076d000000|  0%| F|  |TAMS 0x000000076ce00000| PB 0x000000076ce00000| Untracked 
| 872|0x000000076d000000, 0x000000076d000000, 0x000000076d200000|  0%| F|  |TAMS 0x000000076d000000| PB 0x000000076d000000| Untracked 
| 873|0x000000076d200000, 0x000000076d200000, 0x000000076d400000|  0%| F|  |TAMS 0x000000076d200000| PB 0x000000076d200000| Untracked 
| 874|0x000000076d400000, 0x000000076d400000, 0x000000076d600000|  0%| F|  |TAMS 0x000000076d400000| PB 0x000000076d400000| Untracked 
| 875|0x000000076d600000, 0x000000076d600000, 0x000000076d800000|  0%| F|  |TAMS 0x000000076d600000| PB 0x000000076d600000| Untracked 
| 876|0x000000076d800000, 0x000000076d800000, 0x000000076da00000|  0%| F|  |TAMS 0x000000076d800000| PB 0x000000076d800000| Untracked 
| 877|0x000000076da00000, 0x000000076da00000, 0x000000076dc00000|  0%| F|  |TAMS 0x000000076da00000| PB 0x000000076da00000| Untracked 
| 878|0x000000076dc00000, 0x000000076dc00000, 0x000000076de00000|  0%| F|  |TAMS 0x000000076dc00000| PB 0x000000076dc00000| Untracked 
| 879|0x000000076de00000, 0x000000076de00000, 0x000000076e000000|  0%| F|  |TAMS 0x000000076de00000| PB 0x000000076de00000| Untracked 
| 880|0x000000076e000000, 0x000000076e000000, 0x000000076e200000|  0%| F|  |TAMS 0x000000076e000000| PB 0x000000076e000000| Untracked 
| 881|0x000000076e200000, 0x000000076e200000, 0x000000076e400000|  0%| F|  |TAMS 0x000000076e200000| PB 0x000000076e200000| Untracked 
| 882|0x000000076e400000, 0x000000076e400000, 0x000000076e600000|  0%| F|  |TAMS 0x000000076e400000| PB 0x000000076e400000| Untracked 
| 883|0x000000076e600000, 0x000000076e600000, 0x000000076e800000|  0%| F|  |TAMS 0x000000076e600000| PB 0x000000076e600000| Untracked 
| 884|0x000000076e800000, 0x000000076e800000, 0x000000076ea00000|  0%| F|  |TAMS 0x000000076e800000| PB 0x000000076e800000| Untracked 
| 885|0x000000076ea00000, 0x000000076ea00000, 0x000000076ec00000|  0%| F|  |TAMS 0x000000076ea00000| PB 0x000000076ea00000| Untracked 
| 886|0x000000076ec00000, 0x000000076ec00000, 0x000000076ee00000|  0%| F|  |TAMS 0x000000076ec00000| PB 0x000000076ec00000| Untracked 
| 887|0x000000076ee00000, 0x000000076ee00000, 0x000000076f000000|  0%| F|  |TAMS 0x000000076ee00000| PB 0x000000076ee00000| Untracked 
| 888|0x000000076f000000, 0x000000076f000000, 0x000000076f200000|  0%| F|  |TAMS 0x000000076f000000| PB 0x000000076f000000| Untracked 
| 889|0x000000076f200000, 0x000000076f200000, 0x000000076f400000|  0%| F|  |TAMS 0x000000076f200000| PB 0x000000076f200000| Untracked 
| 890|0x000000076f400000, 0x000000076f400000, 0x000000076f600000|  0%| F|  |TAMS 0x000000076f400000| PB 0x000000076f400000| Untracked 
| 891|0x000000076f600000, 0x000000076f600000, 0x000000076f800000|  0%| F|  |TAMS 0x000000076f600000| PB 0x000000076f600000| Untracked 
| 892|0x000000076f800000, 0x000000076f800000, 0x000000076fa00000|  0%| F|  |TAMS 0x000000076f800000| PB 0x000000076f800000| Untracked 
| 893|0x000000076fa00000, 0x000000076fa00000, 0x000000076fc00000|  0%| F|  |TAMS 0x000000076fa00000| PB 0x000000076fa00000| Untracked 
| 894|0x000000076fc00000, 0x000000076fc00000, 0x000000076fe00000|  0%| F|  |TAMS 0x000000076fc00000| PB 0x000000076fc00000| Untracked 
| 895|0x000000076fe00000, 0x000000076fe00000, 0x0000000770000000|  0%| F|  |TAMS 0x000000076fe00000| PB 0x000000076fe00000| Untracked 
| 896|0x0000000770000000, 0x0000000770000000, 0x0000000770200000|  0%| F|  |TAMS 0x0000000770000000| PB 0x0000000770000000| Untracked 
| 897|0x0000000770200000, 0x0000000770200000, 0x0000000770400000|  0%| F|  |TAMS 0x0000000770200000| PB 0x0000000770200000| Untracked 
| 898|0x0000000770400000, 0x0000000770400000, 0x0000000770600000|  0%| F|  |TAMS 0x0000000770400000| PB 0x0000000770400000| Untracked 
| 899|0x0000000770600000, 0x0000000770600000, 0x0000000770800000|  0%| F|  |TAMS 0x0000000770600000| PB 0x0000000770600000| Untracked 
| 900|0x0000000770800000, 0x0000000770800000, 0x0000000770a00000|  0%| F|  |TAMS 0x0000000770800000| PB 0x0000000770800000| Untracked 
| 901|0x0000000770a00000, 0x0000000770a00000, 0x0000000770c00000|  0%| F|  |TAMS 0x0000000770a00000| PB 0x0000000770a00000| Untracked 
| 902|0x0000000770c00000, 0x0000000770c00000, 0x0000000770e00000|  0%| F|  |TAMS 0x0000000770c00000| PB 0x0000000770c00000| Untracked 
| 903|0x0000000770e00000, 0x0000000770e00000, 0x0000000771000000|  0%| F|  |TAMS 0x0000000770e00000| PB 0x0000000770e00000| Untracked 
| 904|0x0000000771000000, 0x0000000771000000, 0x0000000771200000|  0%| F|  |TAMS 0x0000000771000000| PB 0x0000000771000000| Untracked 
| 905|0x0000000771200000, 0x0000000771200000, 0x0000000771400000|  0%| F|  |TAMS 0x0000000771200000| PB 0x0000000771200000| Untracked 
| 906|0x0000000771400000, 0x0000000771400000, 0x0000000771600000|  0%| F|  |TAMS 0x0000000771400000| PB 0x0000000771400000| Untracked 
| 907|0x0000000771600000, 0x0000000771800000, 0x0000000771800000|100%| S|CS|TAMS 0x0000000771600000| PB 0x0000000771600000| Complete 
| 908|0x0000000771800000, 0x0000000771a00000, 0x0000000771a00000|100%| S|CS|TAMS 0x0000000771800000| PB 0x0000000771800000| Complete 
| 909|0x0000000771a00000, 0x0000000771c00000, 0x0000000771c00000|100%| S|CS|TAMS 0x0000000771a00000| PB 0x0000000771a00000| Complete 
| 910|0x0000000771c00000, 0x0000000771e00000, 0x0000000771e00000|100%| S|CS|TAMS 0x0000000771c00000| PB 0x0000000771c00000| Complete 
| 911|0x0000000771e00000, 0x0000000772000000, 0x0000000772000000|100%| S|CS|TAMS 0x0000000771e00000| PB 0x0000000771e00000| Complete 
| 912|0x0000000772000000, 0x0000000772200000, 0x0000000772200000|100%| S|CS|TAMS 0x0000000772000000| PB 0x0000000772000000| Complete 
| 913|0x0000000772200000, 0x0000000772400000, 0x0000000772400000|100%| S|CS|TAMS 0x0000000772200000| PB 0x0000000772200000| Complete 
| 914|0x0000000772400000, 0x0000000772600000, 0x0000000772600000|100%| S|CS|TAMS 0x0000000772400000| PB 0x0000000772400000| Complete 
| 915|0x0000000772600000, 0x0000000772800000, 0x0000000772800000|100%| S|CS|TAMS 0x0000000772600000| PB 0x0000000772600000| Complete 
| 916|0x0000000772800000, 0x0000000772a00000, 0x0000000772a00000|100%| S|CS|TAMS 0x0000000772800000| PB 0x0000000772800000| Complete 
| 917|0x0000000772a00000, 0x0000000772c00000, 0x0000000772c00000|100%| S|CS|TAMS 0x0000000772a00000| PB 0x0000000772a00000| Complete 
| 918|0x0000000772c00000, 0x0000000772c00000, 0x0000000772e00000|  0%| F|  |TAMS 0x0000000772c00000| PB 0x0000000772c00000| Untracked 
| 919|0x0000000772e00000, 0x0000000772e00000, 0x0000000773000000|  0%| F|  |TAMS 0x0000000772e00000| PB 0x0000000772e00000| Untracked 
| 920|0x0000000773000000, 0x0000000773000000, 0x0000000773200000|  0%| F|  |TAMS 0x0000000773000000| PB 0x0000000773000000| Untracked 
| 921|0x0000000773200000, 0x0000000773200000, 0x0000000773400000|  0%| F|  |TAMS 0x0000000773200000| PB 0x0000000773200000| Untracked 
| 922|0x0000000773400000, 0x0000000773400000, 0x0000000773600000|  0%| F|  |TAMS 0x0000000773400000| PB 0x0000000773400000| Untracked 
| 923|0x0000000773600000, 0x0000000773600000, 0x0000000773800000|  0%| F|  |TAMS 0x0000000773600000| PB 0x0000000773600000| Untracked 
| 924|0x0000000773800000, 0x0000000773800000, 0x0000000773a00000|  0%| F|  |TAMS 0x0000000773800000| PB 0x0000000773800000| Untracked 
| 925|0x0000000773a00000, 0x0000000773a00000, 0x0000000773c00000|  0%| F|  |TAMS 0x0000000773a00000| PB 0x0000000773a00000| Untracked 
| 926|0x0000000773c00000, 0x0000000773c00000, 0x0000000773e00000|  0%| F|  |TAMS 0x0000000773c00000| PB 0x0000000773c00000| Untracked 
| 927|0x0000000773e00000, 0x0000000773e00000, 0x0000000774000000|  0%| F|  |TAMS 0x0000000773e00000| PB 0x0000000773e00000| Untracked 
| 928|0x0000000774000000, 0x0000000774000000, 0x0000000774200000|  0%| F|  |TAMS 0x0000000774000000| PB 0x0000000774000000| Untracked 
| 929|0x0000000774200000, 0x0000000774200000, 0x0000000774400000|  0%| F|  |TAMS 0x0000000774200000| PB 0x0000000774200000| Untracked 
| 930|0x0000000774400000, 0x0000000774400000, 0x0000000774600000|  0%| F|  |TAMS 0x0000000774400000| PB 0x0000000774400000| Untracked 
| 931|0x0000000774600000, 0x0000000774600000, 0x0000000774800000|  0%| F|  |TAMS 0x0000000774600000| PB 0x0000000774600000| Untracked 
| 932|0x0000000774800000, 0x0000000774800000, 0x0000000774a00000|  0%| F|  |TAMS 0x0000000774800000| PB 0x0000000774800000| Untracked 
| 933|0x0000000774a00000, 0x0000000774a00000, 0x0000000774c00000|  0%| F|  |TAMS 0x0000000774a00000| PB 0x0000000774a00000| Untracked 
| 934|0x0000000774c00000, 0x0000000774c00000, 0x0000000774e00000|  0%| F|  |TAMS 0x0000000774c00000| PB 0x0000000774c00000| Untracked 
| 935|0x0000000774e00000, 0x0000000774e00000, 0x0000000775000000|  0%| F|  |TAMS 0x0000000774e00000| PB 0x0000000774e00000| Untracked 
| 936|0x0000000775000000, 0x0000000775000000, 0x0000000775200000|  0%| F|  |TAMS 0x0000000775000000| PB 0x0000000775000000| Untracked 
| 937|0x0000000775200000, 0x0000000775200000, 0x0000000775400000|  0%| F|  |TAMS 0x0000000775200000| PB 0x0000000775200000| Untracked 
| 938|0x0000000775400000, 0x0000000775400000, 0x0000000775600000|  0%| F|  |TAMS 0x0000000775400000| PB 0x0000000775400000| Untracked 
| 939|0x0000000775600000, 0x0000000775600000, 0x0000000775800000|  0%| F|  |TAMS 0x0000000775600000| PB 0x0000000775600000| Untracked 
| 940|0x0000000775800000, 0x0000000775800000, 0x0000000775a00000|  0%| F|  |TAMS 0x0000000775800000| PB 0x0000000775800000| Untracked 
| 941|0x0000000775a00000, 0x0000000775a00000, 0x0000000775c00000|  0%| F|  |TAMS 0x0000000775a00000| PB 0x0000000775a00000| Untracked 
| 942|0x0000000775c00000, 0x0000000775c00000, 0x0000000775e00000|  0%| F|  |TAMS 0x0000000775c00000| PB 0x0000000775c00000| Untracked 
| 943|0x0000000775e00000, 0x0000000775e00000, 0x0000000776000000|  0%| F|  |TAMS 0x0000000775e00000| PB 0x0000000775e00000| Untracked 
| 944|0x0000000776000000, 0x0000000776000000, 0x0000000776200000|  0%| F|  |TAMS 0x0000000776000000| PB 0x0000000776000000| Untracked 
| 945|0x0000000776200000, 0x0000000776200000, 0x0000000776400000|  0%| F|  |TAMS 0x0000000776200000| PB 0x0000000776200000| Untracked 
| 946|0x0000000776400000, 0x0000000776400000, 0x0000000776600000|  0%| F|  |TAMS 0x0000000776400000| PB 0x0000000776400000| Untracked 
| 947|0x0000000776600000, 0x0000000776600000, 0x0000000776800000|  0%| F|  |TAMS 0x0000000776600000| PB 0x0000000776600000| Untracked 
| 948|0x0000000776800000, 0x0000000776800000, 0x0000000776a00000|  0%| F|  |TAMS 0x0000000776800000| PB 0x0000000776800000| Untracked 
| 949|0x0000000776a00000, 0x0000000776a00000, 0x0000000776c00000|  0%| F|  |TAMS 0x0000000776a00000| PB 0x0000000776a00000| Untracked 
| 950|0x0000000776c00000, 0x0000000776c00000, 0x0000000776e00000|  0%| F|  |TAMS 0x0000000776c00000| PB 0x0000000776c00000| Untracked 
| 951|0x0000000776e00000, 0x0000000776e00000, 0x0000000777000000|  0%| F|  |TAMS 0x0000000776e00000| PB 0x0000000776e00000| Untracked 
| 952|0x0000000777000000, 0x0000000777000000, 0x0000000777200000|  0%| F|  |TAMS 0x0000000777000000| PB 0x0000000777000000| Untracked 
| 953|0x0000000777200000, 0x0000000777200000, 0x0000000777400000|  0%| F|  |TAMS 0x0000000777200000| PB 0x0000000777200000| Untracked 
| 954|0x0000000777400000, 0x0000000777400000, 0x0000000777600000|  0%| F|  |TAMS 0x0000000777400000| PB 0x0000000777400000| Untracked 
| 955|0x0000000777600000, 0x0000000777600000, 0x0000000777800000|  0%| F|  |TAMS 0x0000000777600000| PB 0x0000000777600000| Untracked 
| 956|0x0000000777800000, 0x0000000777800000, 0x0000000777a00000|  0%| F|  |TAMS 0x0000000777800000| PB 0x0000000777800000| Untracked 
| 957|0x0000000777a00000, 0x0000000777b04988, 0x0000000777c00000| 50%| E|  |TAMS 0x0000000777a00000| PB 0x0000000777a00000| Complete 
| 958|0x0000000777c00000, 0x0000000777e00000, 0x0000000777e00000|100%| E|CS|TAMS 0x0000000777c00000| PB 0x0000000777c00000| Complete 
| 959|0x0000000777e00000, 0x0000000778000000, 0x0000000778000000|100%| E|CS|TAMS 0x0000000777e00000| PB 0x0000000777e00000| Complete 
| 960|0x0000000778000000, 0x0000000778200000, 0x0000000778200000|100%| E|CS|TAMS 0x0000000778000000| PB 0x0000000778000000| Complete 
| 961|0x0000000778200000, 0x0000000778400000, 0x0000000778400000|100%| E|CS|TAMS 0x0000000778200000| PB 0x0000000778200000| Complete 
| 962|0x0000000778400000, 0x0000000778600000, 0x0000000778600000|100%| E|CS|TAMS 0x0000000778400000| PB 0x0000000778400000| Complete 
| 963|0x0000000778600000, 0x0000000778800000, 0x0000000778800000|100%| E|CS|TAMS 0x0000000778600000| PB 0x0000000778600000| Complete 
| 964|0x0000000778800000, 0x0000000778a00000, 0x0000000778a00000|100%| E|CS|TAMS 0x0000000778800000| PB 0x0000000778800000| Complete 
| 965|0x0000000778a00000, 0x0000000778c00000, 0x0000000778c00000|100%| E|CS|TAMS 0x0000000778a00000| PB 0x0000000778a00000| Complete 
| 966|0x0000000778c00000, 0x0000000778e00000, 0x0000000778e00000|100%| E|CS|TAMS 0x0000000778c00000| PB 0x0000000778c00000| Complete 
| 967|0x0000000778e00000, 0x0000000779000000, 0x0000000779000000|100%| E|CS|TAMS 0x0000000778e00000| PB 0x0000000778e00000| Complete 
| 968|0x0000000779000000, 0x0000000779200000, 0x0000000779200000|100%| E|CS|TAMS 0x0000000779000000| PB 0x0000000779000000| Complete 
| 969|0x0000000779200000, 0x0000000779400000, 0x0000000779400000|100%| E|CS|TAMS 0x0000000779200000| PB 0x0000000779200000| Complete 
| 970|0x0000000779400000, 0x0000000779600000, 0x0000000779600000|100%| E|CS|TAMS 0x0000000779400000| PB 0x0000000779400000| Complete 
| 971|0x0000000779600000, 0x0000000779800000, 0x0000000779800000|100%| E|CS|TAMS 0x0000000779600000| PB 0x0000000779600000| Complete 
| 972|0x0000000779800000, 0x0000000779a00000, 0x0000000779a00000|100%| E|CS|TAMS 0x0000000779800000| PB 0x0000000779800000| Complete 
| 973|0x0000000779a00000, 0x0000000779c00000, 0x0000000779c00000|100%| E|CS|TAMS 0x0000000779a00000| PB 0x0000000779a00000| Complete 
| 974|0x0000000779c00000, 0x0000000779e00000, 0x0000000779e00000|100%| E|CS|TAMS 0x0000000779c00000| PB 0x0000000779c00000| Complete 
| 975|0x0000000779e00000, 0x000000077a000000, 0x000000077a000000|100%| E|CS|TAMS 0x0000000779e00000| PB 0x0000000779e00000| Complete 
| 976|0x000000077a000000, 0x000000077a200000, 0x000000077a200000|100%| E|CS|TAMS 0x000000077a000000| PB 0x000000077a000000| Complete 
| 977|0x000000077a200000, 0x000000077a400000, 0x000000077a400000|100%| E|CS|TAMS 0x000000077a200000| PB 0x000000077a200000| Complete 
| 978|0x000000077a400000, 0x000000077a600000, 0x000000077a600000|100%| E|CS|TAMS 0x000000077a400000| PB 0x000000077a400000| Complete 
| 979|0x000000077a600000, 0x000000077a800000, 0x000000077a800000|100%| E|CS|TAMS 0x000000077a600000| PB 0x000000077a600000| Complete 
| 980|0x000000077a800000, 0x000000077aa00000, 0x000000077aa00000|100%| E|CS|TAMS 0x000000077a800000| PB 0x000000077a800000| Complete 
| 981|0x000000077aa00000, 0x000000077ac00000, 0x000000077ac00000|100%| E|CS|TAMS 0x000000077aa00000| PB 0x000000077aa00000| Complete 
| 982|0x000000077ac00000, 0x000000077ae00000, 0x000000077ae00000|100%| E|CS|TAMS 0x000000077ac00000| PB 0x000000077ac00000| Complete 
| 983|0x000000077ae00000, 0x000000077b000000, 0x000000077b000000|100%| E|CS|TAMS 0x000000077ae00000| PB 0x000000077ae00000| Complete 
| 984|0x000000077b000000, 0x000000077b200000, 0x000000077b200000|100%| E|CS|TAMS 0x000000077b000000| PB 0x000000077b000000| Complete 
| 985|0x000000077b200000, 0x000000077b400000, 0x000000077b400000|100%| E|CS|TAMS 0x000000077b200000| PB 0x000000077b200000| Complete 
| 986|0x000000077b400000, 0x000000077b600000, 0x000000077b600000|100%| E|CS|TAMS 0x000000077b400000| PB 0x000000077b400000| Complete 
| 987|0x000000077b600000, 0x000000077b800000, 0x000000077b800000|100%| E|CS|TAMS 0x000000077b600000| PB 0x000000077b600000| Complete 
| 988|0x000000077b800000, 0x000000077ba00000, 0x000000077ba00000|100%| E|CS|TAMS 0x000000077b800000| PB 0x000000077b800000| Complete 
| 989|0x000000077ba00000, 0x000000077bc00000, 0x000000077bc00000|100%| E|CS|TAMS 0x000000077ba00000| PB 0x000000077ba00000| Complete 
| 990|0x000000077bc00000, 0x000000077be00000, 0x000000077be00000|100%| E|CS|TAMS 0x000000077bc00000| PB 0x000000077bc00000| Complete 
| 991|0x000000077be00000, 0x000000077c000000, 0x000000077c000000|100%| E|CS|TAMS 0x000000077be00000| PB 0x000000077be00000| Complete 
| 992|0x000000077c000000, 0x000000077c200000, 0x000000077c200000|100%| E|CS|TAMS 0x000000077c000000| PB 0x000000077c000000| Complete 
| 993|0x000000077c200000, 0x000000077c400000, 0x000000077c400000|100%| E|CS|TAMS 0x000000077c200000| PB 0x000000077c200000| Complete 
| 994|0x000000077c400000, 0x000000077c600000, 0x000000077c600000|100%| E|CS|TAMS 0x000000077c400000| PB 0x000000077c400000| Complete 
| 995|0x000000077c600000, 0x000000077c800000, 0x000000077c800000|100%| E|CS|TAMS 0x000000077c600000| PB 0x000000077c600000| Complete 
| 996|0x000000077c800000, 0x000000077ca00000, 0x000000077ca00000|100%| E|CS|TAMS 0x000000077c800000| PB 0x000000077c800000| Complete 
| 997|0x000000077ca00000, 0x000000077cc00000, 0x000000077cc00000|100%| E|CS|TAMS 0x000000077ca00000| PB 0x000000077ca00000| Complete 
| 998|0x000000077cc00000, 0x000000077ce00000, 0x000000077ce00000|100%| E|CS|TAMS 0x000000077cc00000| PB 0x000000077cc00000| Complete 
| 999|0x000000077ce00000, 0x000000077d000000, 0x000000077d000000|100%| E|CS|TAMS 0x000000077ce00000| PB 0x000000077ce00000| Complete 
|1000|0x000000077d000000, 0x000000077d200000, 0x000000077d200000|100%| E|CS|TAMS 0x000000077d000000| PB 0x000000077d000000| Complete 
|1001|0x000000077d200000, 0x000000077d400000, 0x000000077d400000|100%| E|CS|TAMS 0x000000077d200000| PB 0x000000077d200000| Complete 
|1002|0x000000077d400000, 0x000000077d600000, 0x000000077d600000|100%| E|CS|TAMS 0x000000077d400000| PB 0x000000077d400000| Complete 
|1003|0x000000077d600000, 0x000000077d800000, 0x000000077d800000|100%| E|CS|TAMS 0x000000077d600000| PB 0x000000077d600000| Complete 
|1004|0x000000077d800000, 0x000000077da00000, 0x000000077da00000|100%| E|CS|TAMS 0x000000077d800000| PB 0x000000077d800000| Complete 
|1005|0x000000077da00000, 0x000000077dc00000, 0x000000077dc00000|100%| E|CS|TAMS 0x000000077da00000| PB 0x000000077da00000| Complete 
|1006|0x000000077dc00000, 0x000000077de00000, 0x000000077de00000|100%| E|CS|TAMS 0x000000077dc00000| PB 0x000000077dc00000| Complete 
|1007|0x000000077de00000, 0x000000077e000000, 0x000000077e000000|100%| E|CS|TAMS 0x000000077de00000| PB 0x000000077de00000| Complete 
|1008|0x000000077e000000, 0x000000077e200000, 0x000000077e200000|100%| E|CS|TAMS 0x000000077e000000| PB 0x000000077e000000| Complete 
|2029|0x00000007fda00000, 0x00000007fdc00000, 0x00000007fdc00000|100%| O|  |TAMS 0x00000007fda00000| PB 0x00000007fda00000| Untracked 
|2030|0x00000007fdc00000, 0x00000007fde00000, 0x00000007fde00000|100%| E|CS|TAMS 0x00000007fdc00000| PB 0x00000007fdc00000| Complete 
|2031|0x00000007fde00000, 0x00000007fe000000, 0x00000007fe000000|100%| O|  |TAMS 0x00000007fde00000| PB 0x00000007fde00000| Untracked 
|2032|0x00000007fe000000, 0x00000007fe200000, 0x00000007fe200000|100%| O|  |TAMS 0x00000007fe000000| PB 0x00000007fe000000| Untracked 
|2033|0x00000007fe200000, 0x00000007fe400000, 0x00000007fe400000|100%| O|  |TAMS 0x00000007fe200000| PB 0x00000007fe200000| Untracked 
|2034|0x00000007fe400000, 0x00000007fe600000, 0x00000007fe600000|100%| O|  |TAMS 0x00000007fe400000| PB 0x00000007fe400000| Untracked 
|2035|0x00000007fe600000, 0x00000007fe800000, 0x00000007fe800000|100%| O|  |TAMS 0x00000007fe600000| PB 0x00000007fe600000| Untracked 
|2036|0x00000007fe800000, 0x00000007fea00000, 0x00000007fea00000|100%| E|CS|TAMS 0x00000007fe800000| PB 0x00000007fe800000| Complete 
|2037|0x00000007fea00000, 0x00000007fec00000, 0x00000007fec00000|100%| E|CS|TAMS 0x00000007fea00000| PB 0x00000007fea00000| Complete 
|2038|0x00000007fec00000, 0x00000007fee00000, 0x00000007fee00000|100%| E|CS|TAMS 0x00000007fec00000| PB 0x00000007fec00000| Complete 
|2039|0x00000007fee00000, 0x00000007ff000000, 0x00000007ff000000|100%| E|CS|TAMS 0x00000007fee00000| PB 0x00000007fee00000| Complete 
|2040|0x00000007ff000000, 0x00000007ff200000, 0x00000007ff200000|100%| E|CS|TAMS 0x00000007ff000000| PB 0x00000007ff000000| Complete 
|2041|0x00000007ff200000, 0x00000007ff400000, 0x00000007ff400000|100%| E|CS|TAMS 0x00000007ff200000| PB 0x00000007ff200000| Complete 
|2042|0x00000007ff400000, 0x00000007ff600000, 0x00000007ff600000|100%| E|CS|TAMS 0x00000007ff400000| PB 0x00000007ff400000| Complete 
|2043|0x00000007ff600000, 0x00000007ff800000, 0x00000007ff800000|100%| E|CS|TAMS 0x00000007ff600000| PB 0x00000007ff600000| Complete 
|2044|0x00000007ff800000, 0x00000007ffa00000, 0x00000007ffa00000|100%| O|  |TAMS 0x00000007ff800000| PB 0x00000007ff800000| Untracked 
|2045|0x00000007ffa00000, 0x00000007ffc00000, 0x00000007ffc00000|100%| O|  |TAMS 0x00000007ffa00000| PB 0x00000007ffa00000| Untracked 
|2046|0x00000007ffc00000, 0x00000007ffe00000, 0x00000007ffe00000|100%| O|  |TAMS 0x00000007ffc00000| PB 0x00000007ffc00000| Untracked 
|2047|0x00000007ffe00000, 0x0000000800000000, 0x0000000800000000|100%| O|  |TAMS 0x00000007ffe00000| PB 0x00000007ffe00000| Untracked 

Card table byte_map: [0x00000260b71c0000,0x00000260b79c0000] _byte_map_base: 0x00000260b39c0000

Marking Bits: (CMBitMap*) 0x00000260a2dd64b0
 Bits: [0x00000260b79c0000, 0x00000260bb9c0000)

Polling page: 0x00000260a2770000

Metaspace:

Usage:
  Non-class:    163.90 MB used.
      Class:     23.96 MB used.
       Both:    187.86 MB used.

Virtual space:
  Non-class space:      192.00 MB reserved,     165.12 MB ( 86%) committed,  3 nodes.
      Class space:        1.00 GB reserved,      25.25 MB (  2%) committed,  1 nodes.
             Both:        1.19 GB reserved,     190.38 MB ( 16%) committed. 

Chunk freelists:
   Non-Class:  10.92 MB
       Class:  6.72 MB
        Both:  17.64 MB

MaxMetaspaceSize: unlimited
CompressedClassSpaceSize: 1.00 GB
Initial GC threshold: 21.00 MB
Current GC threshold: 316.56 MB
CDS: off
 - commit_granule_bytes: 65536.
 - commit_granule_words: 8192.
 - virtual_space_node_default_size: 8388608.
 - enlarge_chunks_in_place: 1.
 - use_allocation_guard: 0.


Internal statistics:

num_allocs_failed_limit: 6.
num_arena_births: 4846.
num_arena_deaths: 18.
num_vsnodes_births: 4.
num_vsnodes_deaths: 0.
num_space_committed: 3047.
num_space_uncommitted: 2.
num_chunks_returned_to_freelist: 53.
num_chunks_taken_from_freelist: 12774.
num_chunk_merges: 9.
num_chunk_splits: 8672.
num_chunks_enlarged: 5934.
num_inconsistent_stats: 0.

CodeHeap 'non-profiled nmethods': size=120000Kb used=18819Kb max_used=22569Kb free=101180Kb
 bounds [0x00000260aee60000, 0x00000260b04e0000, 0x00000260b6390000]
CodeHeap 'profiled nmethods': size=120000Kb used=26415Kb max_used=53341Kb free=93584Kb
 bounds [0x00000260a7390000, 0x00000260aa880000, 0x00000260ae8c0000]
CodeHeap 'non-nmethods': size=5760Kb used=3386Kb max_used=3467Kb free=2373Kb
 bounds [0x00000260ae8c0000, 0x00000260aec40000, 0x00000260aee60000]
 total_blobs=14770 nmethods=13643 adapters=1030
 compilation: enabled
              stopped_count=0, restarted_count=0
 full_count=0

Compilation events (20 events):
Event: 408.270 Thread 0x00000260be28c3d0 35921       3       com.android.tools.r8.internal.D2$$Lambda/0x0000000801926fb0::<init> (10 bytes)
Event: 408.271 Thread 0x00000260be28c3d0 nmethod 35921 0x00000260aa255410 code [0x00000260aa2555c0, 0x00000260aa255780]
Event: 408.272 Thread 0x00000260be28c3d0 35922       2       com.android.tools.r8.androidapi.c::a (350 bytes)
Event: 408.274 Thread 0x00000260be28c3d0 nmethod 35922 0x00000260a792bb10 code [0x00000260a792bf40, 0x00000260a792cfb8]
Event: 408.288 Thread 0x00000260be28c3d0 35923       3       com.android.tools.r8.internal.ib::<init> (89 bytes)
Event: 408.288 Thread 0x00000260be28c3d0 nmethod 35923 0x00000260a9260f10 code [0x00000260a92610e0, 0x00000260a92614b0]
Event: 408.292 Thread 0x00000260be28c3d0 35924       2       com.android.tools.r8.internal.D2::b (119 bytes)
Event: 408.293 Thread 0x00000260be28c3d0 nmethod 35924 0x00000260a88b7410 code [0x00000260a88b7660, 0x00000260a88b7c28]
Event: 408.294 Thread 0x00000260be28c3d0 35925       1       com.android.tools.r8.androidapi.f$a::q (2 bytes)
Event: 408.294 Thread 0x00000260be28c3d0 nmethod 35925 0x00000260af9e7d90 code [0x00000260af9e7f20, 0x00000260af9e7fe8]
Event: 408.319 Thread 0x00000260be28c3d0 35928       3       com.android.tools.r8.graph.D0::a (109 bytes)
Event: 408.320 Thread 0x00000260be28c3d0 nmethod 35928 0x00000260a7d8e890 code [0x00000260a7d8eb20, 0x00000260a7d8f6e0]
Event: 408.357 Thread 0x00000260be28c3d0 35929       3       com.android.tools.r8.graph.q3$$Lambda/0x00000008019428c0::accept (32 bytes)
Event: 408.357 Thread 0x00000260be28c3d0 nmethod 35929 0x00000260a92d8810 code [0x00000260a92d89c0, 0x00000260a92d8c40]
Event: 408.357 Thread 0x00000260be28c3d0 35930       3       com.android.tools.r8.graph.q3::a (60 bytes)
Event: 408.358 Thread 0x00000260be28c3d0 nmethod 35930 0x00000260a80cb890 code [0x00000260a80cbac0, 0x00000260a80cc0b8]
Event: 408.425 Thread 0x00000260be28c3d0 35932       3       com.android.tools.r8.internal.KY::a (7 bytes)
Event: 408.425 Thread 0x00000260be28c3d0 nmethod 35932 0x00000260a9e3a910 code [0x00000260a9e3aac0, 0x00000260a9e3abf8]
Event: 408.435 Thread 0x00000260be28c3d0 35933       2       com.android.tools.r8.internal.wA::a (55 bytes)
Event: 408.436 Thread 0x00000260be28c3d0 nmethod 35933 0x00000260a9528110 code [0x00000260a95282c0, 0x00000260a9528490]

GC Heap History (20 events):
Event: 385.674 GC heap before
{Heap before GC invocations=95 (full 0):
 garbage-first heap   total 2105344K, used 916313K [0x0000000700000000, 0x0000000800000000)
  region size 2048K, 100 young (204800K), 3 survivors (6144K)
 Metaspace       used 190320K, committed 192832K, reserved 1245184K
  class space    used 24321K, committed 25664K, reserved 1048576K
}
Event: 385.706 GC heap after
{Heap after GC invocations=96 (full 0):
 garbage-first heap   total 2105344K, used 724121K [0x0000000700000000, 0x0000000800000000)
  region size 2048K, 5 young (10240K), 5 survivors (10240K)
 Metaspace       used 190320K, committed 192832K, reserved 1245184K
  class space    used 24321K, committed 25664K, reserved 1048576K
}
Event: 386.183 GC heap before
{Heap before GC invocations=96 (full 0):
 garbage-first heap   total 2105344K, used 949401K [0x0000000700000000, 0x0000000800000000)
  region size 2048K, 115 young (235520K), 5 survivors (10240K)
 Metaspace       used 190320K, committed 192832K, reserved 1245184K
  class space    used 24321K, committed 25664K, reserved 1048576K
}
Event: 386.201 GC heap after
{Heap after GC invocations=97 (full 0):
 garbage-first heap   total 2105344K, used 724929K [0x0000000700000000, 0x0000000800000000)
  region size 2048K, 5 young (10240K), 5 survivors (10240K)
 Metaspace       used 190320K, committed 192832K, reserved 1245184K
  class space    used 24321K, committed 25664K, reserved 1048576K
}
Event: 387.816 GC heap before
{Heap before GC invocations=97 (full 0):
 garbage-first heap   total 2105344K, used 1013697K [0x0000000700000000, 0x0000000800000000)
  region size 2048K, 146 young (299008K), 5 survivors (10240K)
 Metaspace       used 190321K, committed 192832K, reserved 1245184K
  class space    used 24321K, committed 25664K, reserved 1048576K
}
Event: 387.837 GC heap after
{Heap after GC invocations=98 (full 0):
 garbage-first heap   total 2105344K, used 724992K [0x0000000700000000, 0x0000000800000000)
  region size 2048K, 5 young (10240K), 5 survivors (10240K)
 Metaspace       used 190321K, committed 192832K, reserved 1245184K
  class space    used 24321K, committed 25664K, reserved 1048576K
}
Event: 391.403 GC heap before
{Heap before GC invocations=99 (full 0):
 garbage-first heap   total 2105344K, used 1042432K [0x0000000700000000, 0x0000000800000000)
  region size 2048K, 161 young (329728K), 5 survivors (10240K)
 Metaspace       used 191145K, committed 193664K, reserved 1245184K
  class space    used 24399K, committed 25728K, reserved 1048576K
}
Event: 391.501 GC heap after
{Heap after GC invocations=100 (full 0):
 garbage-first heap   total 2105344K, used 767401K [0x0000000700000000, 0x0000000800000000)
  region size 2048K, 21 young (43008K), 21 survivors (43008K)
 Metaspace       used 191145K, committed 193664K, reserved 1245184K
  class space    used 24399K, committed 25728K, reserved 1048576K
}
Event: 391.738 GC heap before
{Heap before GC invocations=100 (full 0):
 garbage-first heap   total 2105344K, used 828841K [0x0000000700000000, 0x0000000800000000)
  region size 2048K, 51 young (104448K), 21 survivors (43008K)
 Metaspace       used 191145K, committed 193664K, reserved 1245184K
  class space    used 24399K, committed 25728K, reserved 1048576K
}
Event: 391.844 GC heap after
{Heap after GC invocations=101 (full 0):
 garbage-first heap   total 2105344K, used 800768K [0x0000000700000000, 0x0000000800000000)
  region size 2048K, 7 young (14336K), 7 survivors (14336K)
 Metaspace       used 191145K, committed 193664K, reserved 1245184K
  class space    used 24399K, committed 25728K, reserved 1048576K
}
Event: 395.803 GC heap before
{Heap before GC invocations=101 (full 0):
 garbage-first heap   total 2105344K, used 1011712K [0x0000000700000000, 0x0000000800000000)
  region size 2048K, 100 young (204800K), 7 survivors (14336K)
 Metaspace       used 191957K, committed 194496K, reserved 1245184K
  class space    used 24490K, committed 25792K, reserved 1048576K
}
Event: 395.992 GC heap after
{Heap after GC invocations=102 (full 0):
 garbage-first heap   total 2105344K, used 847872K [0x0000000700000000, 0x0000000800000000)
  region size 2048K, 13 young (26624K), 13 survivors (26624K)
 Metaspace       used 191957K, committed 194496K, reserved 1245184K
  class space    used 24490K, committed 25792K, reserved 1048576K
}
Event: 398.639 GC heap before
{Heap before GC invocations=102 (full 0):
 garbage-first heap   total 2105344K, used 1005568K [0x0000000700000000, 0x0000000800000000)
  region size 2048K, 89 young (182272K), 13 survivors (26624K)
 Metaspace       used 191974K, committed 194496K, reserved 1245184K
  class space    used 24491K, committed 25792K, reserved 1048576K
}
Event: 398.752 GC heap after
{Heap after GC invocations=103 (full 0):
 garbage-first heap   total 2105344K, used 865280K [0x0000000700000000, 0x0000000800000000)
  region size 2048K, 8 young (16384K), 8 survivors (16384K)
 Metaspace       used 191974K, committed 194496K, reserved 1245184K
  class space    used 24491K, committed 25792K, reserved 1048576K
}
Event: 398.812 GC heap before
{Heap before GC invocations=103 (full 0):
 garbage-first heap   total 2105344K, used 877568K [0x0000000700000000, 0x0000000800000000)
  region size 2048K, 15 young (30720K), 8 survivors (16384K)
 Metaspace       used 191974K, committed 194496K, reserved 1245184K
  class space    used 24491K, committed 25792K, reserved 1048576K
}
Event: 398.843 GC heap after
{Heap after GC invocations=104 (full 0):
 garbage-first heap   total 2105344K, used 867328K [0x0000000700000000, 0x0000000800000000)
  region size 2048K, 9 young (18432K), 9 survivors (18432K)
 Metaspace       used 191974K, committed 194496K, reserved 1245184K
  class space    used 24491K, committed 25792K, reserved 1048576K
}
Event: 402.041 GC heap before
{Heap before GC invocations=104 (full 0):
 garbage-first heap   total 2105344K, used 1160192K [0x0000000700000000, 0x0000000800000000)
  region size 2048K, 146 young (299008K), 9 survivors (18432K)
 Metaspace       used 191977K, committed 194496K, reserved 1245184K
  class space    used 24491K, committed 25792K, reserved 1048576K
}
Event: 402.134 GC heap after
{Heap after GC invocations=105 (full 0):
 garbage-first heap   total 2105344K, used 897754K [0x0000000700000000, 0x0000000800000000)
  region size 2048K, 18 young (36864K), 18 survivors (36864K)
 Metaspace       used 191977K, committed 194496K, reserved 1245184K
  class space    used 24491K, committed 25792K, reserved 1048576K
}
Event: 405.828 GC heap before
{Heap before GC invocations=106 (full 0):
 garbage-first heap   total 2105344K, used 1108698K [0x0000000700000000, 0x0000000800000000)
  region size 2048K, 118 young (241664K), 18 survivors (36864K)
 Metaspace       used 192276K, committed 194816K, reserved 1245184K
  class space    used 24534K, committed 25856K, reserved 1048576K
}
Event: 405.961 GC heap after
{Heap after GC invocations=107 (full 0):
 garbage-first heap   total 2105344K, used 925058K [0x0000000700000000, 0x0000000800000000)
  region size 2048K, 11 young (22528K), 11 survivors (22528K)
 Metaspace       used 192276K, committed 194816K, reserved 1245184K
  class space    used 24534K, committed 25856K, reserved 1048576K
}

Dll operation events (3 events):
Event: 0.013 Loaded shared library E:\Softwares\Android Studio\jbr\bin\java.dll
Event: 0.024 Loaded shared library E:\Softwares\Android Studio\jbr\bin\zip.dll
Event: 0.894 Loaded shared library E:\Softwares\Android Studio\jbr\bin\verify.dll

Deoptimization events (20 events):
Event: 408.264 Thread 0x00000260c7df9940 Uncommon trap: trap_request=0xffffffc6 fr.pc=0x00000260af0fa634 relative=0x0000000000000254
Event: 408.264 Thread 0x00000260c7df9940 Uncommon trap: reason=bimorphic_or_optimized_type_check action=maybe_recompile pc=0x00000260af0fa634 method=com.android.tools.r8.graph.E0.e(Ljava/util/function/Consumer;)V @ 22 c2
Event: 408.264 Thread 0x00000260c7df9940 DEOPT PACKING pc=0x00000260af0fa634 sp=0x000000f447ffd1a0
Event: 408.264 Thread 0x00000260c7df9940 DEOPT UNPACKING pc=0x00000260ae917da2 sp=0x000000f447ffd148 mode 2
Event: 408.264 Thread 0x00000260c7df9940 Uncommon trap: trap_request=0xffffffc6 fr.pc=0x00000260af0fa634 relative=0x0000000000000254
Event: 408.264 Thread 0x00000260c7df9940 Uncommon trap: reason=bimorphic_or_optimized_type_check action=maybe_recompile pc=0x00000260af0fa634 method=com.android.tools.r8.graph.E0.e(Ljava/util/function/Consumer;)V @ 22 c2
Event: 408.264 Thread 0x00000260c7df9940 DEOPT PACKING pc=0x00000260af0fa634 sp=0x000000f447ffd1a0
Event: 408.264 Thread 0x00000260c7df9940 DEOPT UNPACKING pc=0x00000260ae917da2 sp=0x000000f447ffd148 mode 2
Event: 408.296 Thread 0x00000260c7df9940 Uncommon trap: trap_request=0xffffff45 fr.pc=0x00000260af26da2c relative=0x00000000000003ac
Event: 408.296 Thread 0x00000260c7df9940 Uncommon trap: reason=unstable_if action=reinterpret pc=0x00000260af26da2c method=com.android.tools.r8.graph.O3.a(Lcom/android/tools/r8/graph/z5;Lcom/android/tools/r8/graph/z5;)V @ 15 c2
Event: 408.296 Thread 0x00000260c7df9940 DEOPT PACKING pc=0x00000260af26da2c sp=0x000000f447ffd620
Event: 408.296 Thread 0x00000260c7df9940 DEOPT UNPACKING pc=0x00000260ae917da2 sp=0x000000f447ffd578 mode 2
Event: 408.422 Thread 0x00000260c7df9940 Uncommon trap: trap_request=0xffffffad fr.pc=0x00000260af6ab704 relative=0x0000000000000a24
Event: 408.422 Thread 0x00000260c7df9940 Uncommon trap: reason=uninitialized action=reinterpret pc=0x00000260af6ab704 method=com.android.tools.r8.internal.N2.a(Lcom/android/tools/r8/graph/D5;Lcom/android/tools/r8/internal/H9;)Lcom/android/tools/r8/internal/ol; @ 31 c2
Event: 408.422 Thread 0x00000260c7df9940 DEOPT PACKING pc=0x00000260af6ab704 sp=0x000000f447ffd4c0
Event: 408.422 Thread 0x00000260c7df9940 DEOPT UNPACKING pc=0x00000260ae917da2 sp=0x000000f447ffd270 mode 2
Event: 408.438 Thread 0x00000260c7df9940 Uncommon trap: trap_request=0xfffffff4 fr.pc=0x00000260af535b8c relative=0x000000000000096c
Event: 408.438 Thread 0x00000260c7df9940 Uncommon trap: reason=null_check action=make_not_entrant pc=0x00000260af535b8c method=com.android.tools.r8.graph.Q4.a(Ljava/util/function/Function;Lcom/android/tools/r8/graph/J2;)Lcom/android/tools/r8/graph/b0; @ 7 c2
Event: 408.438 Thread 0x00000260c7df9940 DEOPT PACKING pc=0x00000260af535b8c sp=0x000000f447ffd400
Event: 409.168 Thread 0x00000260c7df9940 DEOPT UNPACKING pc=0x00000260ae917da2 sp=0x000000f447ffd0a0 mode 2

Classes loaded (20 events):
Event: 334.106 Loading class jdk/internal/misc/ExtendedMapMode
Event: 334.107 Loading class jdk/internal/misc/ExtendedMapMode done
Event: 334.111 Loading class sun/nio/ch/FileChannelImpl$DefaultUnmapper
Event: 334.112 Loading class sun/nio/ch/FileChannelImpl$Unmapper
Event: 334.113 Loading class jdk/internal/access/foreign/UnmapperProxy
Event: 334.114 Loading class jdk/internal/access/foreign/UnmapperProxy done
Event: 334.114 Loading class sun/nio/ch/FileChannelImpl$Unmapper done
Event: 334.114 Loading class sun/nio/ch/FileChannelImpl$DefaultUnmapper done
Event: 334.114 Loading class sun/nio/ch/Util$4
Event: 334.116 Loading class sun/nio/ch/Util$4 done
Event: 335.867 Loading class java/util/regex/Pattern$Pos
Event: 335.868 Loading class java/util/regex/Pattern$Pos done
Event: 336.105 Loading class java/util/function/ToIntBiFunction
Event: 336.106 Loading class java/util/function/ToIntBiFunction done
Event: 339.168 Loading class sun/nio/cs/US_ASCII$Decoder
Event: 339.171 Loading class sun/nio/cs/US_ASCII$Decoder done
Event: 392.185 Loading class java/util/concurrent/ConcurrentLinkedDeque
Event: 392.264 Loading class java/util/concurrent/ConcurrentLinkedDeque done
Event: 392.264 Loading class java/util/concurrent/ConcurrentLinkedDeque$Node
Event: 392.268 Loading class java/util/concurrent/ConcurrentLinkedDeque$Node done

Classes unloaded (20 events):
Event: 345.777 Thread 0x00000260bdfdbbc0 Unloading class 0x00000008018508f0 'kotlin/LazyKt__LazyKt'
Event: 345.777 Thread 0x00000260bdfdbbc0 Unloading class 0x00000008018506d8 'kotlin/LazyKt__LazyJVMKt'
Event: 345.777 Thread 0x00000260bdfdbbc0 Unloading class 0x0000000801850480 'androidx/room/compiler/processing/javac/JavacBasicAnnotationProcessor$xEnv$2'
Event: 345.777 Thread 0x00000260bdfdbbc0 Unloading class 0x0000000801850270 'kotlin/jvm/functions/Function0'
Event: 345.777 Thread 0x00000260bdfdbbc0 Unloading class 0x0000000801850000 'kotlin/UninitializedPropertyAccessException'
Event: 345.777 Thread 0x00000260bdfdbbc0 Unloading class 0x000000080184fcd0 'kotlin/KotlinNullPointerException'
Event: 345.777 Thread 0x00000260bdfdbbc0 Unloading class 0x000000080184fab8 'kotlin/jvm/internal/Intrinsics'
Event: 345.777 Thread 0x00000260bdfdbbc0 Unloading class 0x000000080184f868 'androidx/room/RoomProcessor$1'
Event: 345.777 Thread 0x00000260bdfdbbc0 Unloading class 0x000000080184f630 'kotlin/jvm/internal/Lambda'
Event: 345.777 Thread 0x00000260bdfdbbc0 Unloading class 0x000000080184f420 'kotlin/jvm/internal/FunctionBase'
Event: 345.777 Thread 0x00000260bdfdbbc0 Unloading class 0x000000080184f210 'kotlin/jvm/functions/Function1'
Event: 345.777 Thread 0x00000260bdfdbbc0 Unloading class 0x000000080184f000 'kotlin/Function'
Event: 345.777 Thread 0x00000260bdfdbbc0 Unloading class 0x000000080184ed00 'androidx/room/RoomProcessor'
Event: 345.777 Thread 0x00000260bdfdbbc0 Unloading class 0x000000080184ea10 'androidx/room/compiler/processing/javac/JavacBasicAnnotationProcessor'
Event: 345.777 Thread 0x00000260bdfdbbc0 Unloading class 0x000000080184e800 'androidx/room/compiler/processing/XBasicAnnotationProcessor'
Event: 345.778 Thread 0x00000260bdfdbbc0 Unloading class 0x0000000801580400 'java/lang/invoke/LambdaForm$DMH+0x0000000801580400'
Event: 345.778 Thread 0x00000260bdfdbbc0 Unloading class 0x00000008014d0c00 'java/lang/invoke/LambdaForm$DMH+0x00000008014d0c00'
Event: 345.778 Thread 0x00000260bdfdbbc0 Unloading class 0x00000008014d0000 'java/lang/invoke/LambdaForm$DMH+0x00000008014d0000'
Event: 345.778 Thread 0x00000260bdfdbbc0 Unloading class 0x0000000801494400 'java/lang/invoke/LambdaForm$DMH+0x0000000801494400'
Event: 345.778 Thread 0x00000260bdfdbbc0 Unloading class 0x0000000801440400 'java/lang/invoke/LambdaForm$DMH+0x0000000801440400'

Classes redefined (0 events):
No events

Internal exceptions (20 events):
Event: 371.415 Thread 0x00000260c7df9940 Implicit null exception at 0x00000260b02f60a7 to 0x00000260b02f83a0
Event: 375.380 Thread 0x00000260c7df9940 Exception <a 'java/lang/IncompatibleClassChangeError'{0x000000074c4daad0}: Found class java.lang.Object, but interface was expected> (0x000000074c4daad0) 
thrown [s\src\hotspot\share\interpreter\linkResolver.cpp, line 851]
Event: 375.532 Thread 0x00000260c7df9940 Implicit null exception at 0x00000260afac894a to 0x00000260afac9104
Event: 375.532 Thread 0x00000260c7df9940 Implicit null exception at 0x00000260af34aec7 to 0x00000260af34b62c
Event: 375.855 Thread 0x00000260c7df9940 Exception <a 'java/lang/NoSuchMethodError'{0x000000074c263918}: 'void java.lang.invoke.DirectMethodHandle$Holder.invokeStatic(java.lang.Object, java.lang.Object, java.lang.Object, java.lang.Object, java.lang.Object, java.lang.Object, java.lang.Object, java.lang.Object, java.lang.Object)'> (0x000000074c263918) 
thrown [s\src\hotspot\share\interpreter\linkResolver.cpp, line 784]
Event: 375.858 Thread 0x00000260c7df9940 Exception <a 'java/lang/IncompatibleClassChangeError'{0x000000074c273268}: Found class java.lang.Object, but interface was expected> (0x000000074c273268) 
thrown [s\src\hotspot\share\interpreter\linkResolver.cpp, line 851]
Event: 376.321 Thread 0x00000260c7df9940 Implicit null exception at 0x00000260b0170d2c to 0x00000260b0173a40
Event: 376.503 Thread 0x00000260c7df9940 Implicit null exception at 0x00000260aface29e to 0x00000260afad14b4
Event: 376.598 Thread 0x00000260c7df9940 Implicit null exception at 0x00000260afabcae3 to 0x00000260afabdb30
Event: 378.892 Thread 0x00000260ce4f2b10 Exception <a 'java/lang/NoSuchMethodError'{0x000000077c39fae0}: 'void java.lang.invoke.DirectMethodHandle$Holder.invokeSpecial(java.lang.Object, java.lang.Object, java.lang.Object, java.lang.Object, java.lang.Object, java.lang.Object, java.lang.Object, java.lang.Object, java.lang.Object, java.lang.Object)'> (0x000000077c39fae0) 
thrown [s\src\hotspot\share\interpreter\linkResolver.cpp, line 784]
Event: 380.189 Thread 0x00000260ce4f5270 Implicit null exception at 0x00000260af3229f4 to 0x00000260af32393c
Event: 388.886 Thread 0x00000260c7df9940 Exception <a 'java/lang/IncompatibleClassChangeError'{0x000000077560f478}: Found class java.lang.Object, but interface was expected> (0x000000077560f478) 
thrown [s\src\hotspot\share\interpreter\linkResolver.cpp, line 851]
Event: 391.368 Thread 0x00000260c7df9940 Implicit null exception at 0x00000260af6a1eec to 0x00000260af6a2b54
Event: 394.402 Thread 0x00000260c7df9940 Implicit null exception at 0x00000260afc85368 to 0x00000260afc878bc
Event: 395.698 Thread 0x00000260c7df9940 Implicit null exception at 0x00000260afce604c to 0x00000260afceaeb8
Event: 398.341 Thread 0x00000260c7df9940 Implicit null exception at 0x00000260af1b10ba to 0x00000260af1b1100
Event: 404.242 Thread 0x00000260c7df9940 Implicit null exception at 0x00000260b0412b1c to 0x00000260b0416b0c
Event: 408.260 Thread 0x00000260c7df9940 Implicit null exception at 0x00000260af406a91 to 0x00000260af406d74
Event: 408.260 Thread 0x00000260c7df9940 Implicit null exception at 0x00000260afef00f0 to 0x00000260afef22f4
Event: 408.438 Thread 0x00000260c7df9940 Implicit null exception at 0x00000260af535520 to 0x00000260af535b70

ZGC Phase Switch (0 events):
No events

VM Operations (20 events):
Event: 402.134 Executing VM operation: G1CollectForAllocation (G1 Evacuation Pause) done
Event: 402.254 Executing VM operation: G1PauseCleanup
Event: 402.256 Executing VM operation: G1PauseCleanup done
Event: 403.262 Executing VM operation: Cleanup
Event: 403.262 Executing VM operation: Cleanup done
Event: 403.985 Executing VM operation: ICBufferFull
Event: 403.985 Executing VM operation: ICBufferFull done
Event: 404.988 Executing VM operation: Cleanup
Event: 404.989 Executing VM operation: Cleanup done
Event: 405.054 Executing VM operation: HandshakeAllThreads (Deoptimize)
Event: 405.055 Executing VM operation: HandshakeAllThreads (Deoptimize) done
Event: 405.060 Executing VM operation: HandshakeAllThreads (Deoptimize)
Event: 405.060 Executing VM operation: HandshakeAllThreads (Deoptimize) done
Event: 405.828 Executing VM operation: G1CollectForAllocation (G1 Evacuation Pause)
Event: 405.961 Executing VM operation: G1CollectForAllocation (G1 Evacuation Pause) done
Event: 406.965 Executing VM operation: Cleanup
Event: 406.981 Executing VM operation: Cleanup done
Event: 407.995 Executing VM operation: Cleanup
Event: 408.010 Executing VM operation: Cleanup done
Event: 409.022 Executing VM operation: Cleanup

Memory protections (0 events):
No events

Nmethod flushes (20 events):
Event: 401.000 Thread 0x00000260bdfdbbc0 flushing  nmethod 0x00000260a91a9f10
Event: 401.000 Thread 0x00000260bdfdbbc0 flushing  nmethod 0x00000260a942bc10
Event: 401.000 Thread 0x00000260bdfdbbc0 flushing  nmethod 0x00000260a972ce90
Event: 401.000 Thread 0x00000260bdfdbbc0 flushing  nmethod 0x00000260a9805790
Event: 401.000 Thread 0x00000260bdfdbbc0 flushing  nmethod 0x00000260a9809890
Event: 401.000 Thread 0x00000260bdfdbbc0 flushing  nmethod 0x00000260a997dd10
Event: 401.000 Thread 0x00000260bdfdbbc0 flushing  nmethod 0x00000260a9a87310
Event: 401.000 Thread 0x00000260bdfdbbc0 flushing  nmethod 0x00000260a9b4be90
Event: 401.000 Thread 0x00000260bdfdbbc0 flushing  nmethod 0x00000260a9bb3590
Event: 401.000 Thread 0x00000260bdfdbbc0 flushing  nmethod 0x00000260a9bbc710
Event: 401.000 Thread 0x00000260bdfdbbc0 flushing  nmethod 0x00000260a9de6010
Event: 401.000 Thread 0x00000260bdfdbbc0 flushing  nmethod 0x00000260a9de6510
Event: 401.000 Thread 0x00000260bdfdbbc0 flushing  nmethod 0x00000260a9e0e010
Event: 401.000 Thread 0x00000260bdfdbbc0 flushing  nmethod 0x00000260a9e0eb10
Event: 401.000 Thread 0x00000260bdfdbbc0 flushing  nmethod 0x00000260a9e1f710
Event: 401.000 Thread 0x00000260bdfdbbc0 flushing  nmethod 0x00000260aa5e6090
Event: 401.000 Thread 0x00000260bdfdbbc0 flushing  nmethod 0x00000260aa74a110
Event: 401.000 Thread 0x00000260bdfdbbc0 flushing  nmethod 0x00000260aa7e4590
Event: 401.000 Thread 0x00000260bdfdbbc0 flushing  nmethod 0x00000260aa801010
Event: 401.000 Thread 0x00000260bdfdbbc0 flushing  nmethod 0x00000260aa83e310

Events (20 events):
Event: 376.508 Thread 0x00000260c9827570 Thread exited: 0x00000260c9827570
Event: 378.043 Thread 0x00000260be28c3d0 Thread added: 0x00000260c982c730
Event: 379.415 Thread 0x00000260c982c730 Thread exited: 0x00000260c982c730
Event: 380.480 Thread 0x00000260be28add0 Thread added: 0x00000260c982c730
Event: 380.633 Thread 0x00000260c982c730 Thread exited: 0x00000260c982c730
Event: 381.178 Thread 0x00000260be28c3d0 Thread added: 0x00000260c982c730
Event: 382.057 Thread 0x00000260c982c730 Thread exited: 0x00000260c982c730
Event: 388.938 Thread 0x00000260be28c3d0 Thread added: 0x00000260c9829e50
Event: 390.142 Thread 0x00000260c9829e50 Thread exited: 0x00000260c9829e50
Event: 390.790 Thread 0x00000260be28c3d0 Thread added: 0x00000260c9829780
Event: 392.325 Thread 0x00000260c9829780 Thread exited: 0x00000260c9829780
Event: 392.708 Thread 0x00000260be28c3d0 Thread added: 0x00000260c9828310
Event: 392.850 Thread 0x00000260c9828310 Thread exited: 0x00000260c9828310
Event: 392.887 Thread 0x00000260be28c3d0 Thread added: 0x00000260c9828310
Event: 396.808 Thread 0x00000260c9828310 Thread exited: 0x00000260c9828310
Event: 397.127 Thread 0x00000260be28add0 Thread added: 0x00000260c9828310
Event: 397.506 Thread 0x00000260c9828310 Thread exited: 0x00000260c9828310
Event: 398.090 Thread 0x00000260be28c3d0 Thread added: 0x00000260c9828310
Event: 398.886 Thread 0x00000260c9828310 Thread exited: 0x00000260c9828310
Event: 403.429 Thread 0x00000260be28c3d0 Thread added: 0x00000260c9829780


Dynamic libraries:
0x00007ff6d4f90000 - 0x00007ff6d4f9a000 	E:\Softwares\Android Studio\jbr\bin\java.exe
0x00007ffdc3160000 - 0x00007ffdc33c7000 	C:\WINDOWS\SYSTEM32\ntdll.dll
0x00007ffdc1f30000 - 0x00007ffdc1ff9000 	C:\WINDOWS\System32\KERNEL32.DLL
0x00007ffdc0820000 - 0x00007ffdc0c14000 	C:\WINDOWS\System32\KERNELBASE.dll
0x00007ffdc0c20000 - 0x00007ffdc0d6b000 	C:\WINDOWS\System32\ucrtbase.dll
0x00007ffdb1210000 - 0x00007ffdb122b000 	E:\Softwares\Android Studio\jbr\bin\VCRUNTIME140.dll
0x00007ffdbaa70000 - 0x00007ffdbaa88000 	E:\Softwares\Android Studio\jbr\bin\jli.dll
0x00007ffdc2b70000 - 0x00007ffdc2d35000 	C:\WINDOWS\System32\USER32.dll
0x00007ffdc0680000 - 0x00007ffdc06a7000 	C:\WINDOWS\System32\win32u.dll
0x00007ffda4c30000 - 0x00007ffda4ec3000 	C:\WINDOWS\WinSxS\amd64_microsoft.windows.common-controls_6595b64144ccf1df_6.0.26100.8115_none_3e075c82e3354f9c\COMCTL32.dll
0x00007ffdc2000000 - 0x00007ffdc202b000 	C:\WINDOWS\System32\GDI32.dll
0x00007ffdc03f0000 - 0x00007ffdc051b000 	C:\WINDOWS\System32\gdi32full.dll
0x00007ffdc1a60000 - 0x00007ffdc1b09000 	C:\WINDOWS\System32\msvcrt.dll
0x00007ffdc05d0000 - 0x00007ffdc0673000 	C:\WINDOWS\System32\msvcp_win.dll
0x00007ffdc18d0000 - 0x00007ffdc1902000 	C:\WINDOWS\System32\IMM32.DLL
0x00007ffdbcc40000 - 0x00007ffdbcc4c000 	E:\Softwares\Android Studio\jbr\bin\vcruntime140_1.dll
0x00007ffd9a530000 - 0x00007ffd9a5bd000 	E:\Softwares\Android Studio\jbr\bin\msvcp140.dll
0x00007ffd40390000 - 0x00007ffd4101a000 	E:\Softwares\Android Studio\jbr\bin\server\jvm.dll
0x00007ffdc0ef0000 - 0x00007ffdc0fa6000 	C:\WINDOWS\System32\ADVAPI32.dll
0x00007ffdc2ec0000 - 0x00007ffdc2f67000 	C:\WINDOWS\System32\sechost.dll
0x00007ffdc2190000 - 0x00007ffdc22a8000 	C:\WINDOWS\System32\RPCRT4.dll
0x00007ffdc0fb0000 - 0x00007ffdc1030000 	C:\WINDOWS\System32\WS2_32.dll
0x00007ffdbf8b0000 - 0x00007ffdbf90e000 	C:\WINDOWS\SYSTEM32\POWRPROF.dll
0x00007ffda9580000 - 0x00007ffda958b000 	C:\WINDOWS\SYSTEM32\VERSION.dll
0x00007ffdb78d0000 - 0x00007ffdb7906000 	C:\WINDOWS\SYSTEM32\WINMM.dll
0x00007ffdbf890000 - 0x00007ffdbf8a4000 	C:\WINDOWS\SYSTEM32\UMPDC.dll
0x00007ffdbe7a0000 - 0x00007ffdbe7bb000 	C:\WINDOWS\SYSTEM32\kernel.appcore.dll
0x00007ffdb1b60000 - 0x00007ffdb1b6a000 	E:\Softwares\Android Studio\jbr\bin\jimage.dll
0x00007ffdbd8b0000 - 0x00007ffdbdaf2000 	C:\WINDOWS\SYSTEM32\DBGHELP.DLL
0x00007ffdc1ba0000 - 0x00007ffdc1f22000 	C:\WINDOWS\System32\combase.dll
0x00007ffdc1220000 - 0x00007ffdc12f8000 	C:\WINDOWS\System32\OLEAUT32.dll
0x00007ffd9aec0000 - 0x00007ffd9aefb000 	C:\WINDOWS\SYSTEM32\dbgcore.DLL
0x00007ffdc0520000 - 0x00007ffdc05c5000 	C:\WINDOWS\System32\bcryptPrimitives.dll
0x00007ffdb1190000 - 0x00007ffdb119e000 	E:\Softwares\Android Studio\jbr\bin\instrument.dll
0x00007ffdb11f0000 - 0x00007ffdb1210000 	E:\Softwares\Android Studio\jbr\bin\java.dll
0x00007ffdb0b60000 - 0x00007ffdb0b78000 	E:\Softwares\Android Studio\jbr\bin\zip.dll
0x00007ffdc2400000 - 0x00007ffdc2b67000 	C:\WINDOWS\System32\SHELL32.dll
0x00007ffdc06b0000 - 0x00007ffdc081a000 	C:\WINDOWS\System32\wintypes.dll
0x00007ffdbfaf0000 - 0x00007ffdc0358000 	C:\WINDOWS\System32\windows.storage.dll
0x00007ffdc1960000 - 0x00007ffdc1a58000 	C:\WINDOWS\System32\SHCORE.dll
0x00007ffdc2390000 - 0x00007ffdc23f6000 	C:\WINDOWS\System32\shlwapi.dll
0x00007ffdbf950000 - 0x00007ffdbf979000 	C:\WINDOWS\SYSTEM32\profapi.dll
0x00007ffdb0e90000 - 0x00007ffdb0ea0000 	E:\Softwares\Android Studio\jbr\bin\net.dll
0x00007ffdb2d40000 - 0x00007ffdb2e6d000 	C:\WINDOWS\SYSTEM32\WINHTTP.dll
0x00007ffdbed30000 - 0x00007ffdbed9c000 	C:\WINDOWS\system32\mswsock.dll
0x00007ffdac780000 - 0x00007ffdac796000 	E:\Softwares\Android Studio\jbr\bin\nio.dll
0x00007ffdb0b50000 - 0x00007ffdb0b60000 	E:\Softwares\Android Studio\jbr\bin\verify.dll
0x00007ffd84e00000 - 0x00007ffd84e27000 	C:\Users\chouh\.gradle\native\c067742578af261105cb4f569cf0c3c89f3d7b1fecec35dd04571415982c5e48\windows-amd64\native-platform.dll
0x00007ffd7e2b0000 - 0x00007ffd7e3f4000 	C:\Users\chouh\.gradle\native\100fb08df4bc3b14c8652ba06237920a3bd2aa13389f12d3474272988ae205f9\windows-amd64\native-platform-file-events.dll
0x00007ffdac8f0000 - 0x00007ffdac8f9000 	E:\Softwares\Android Studio\jbr\bin\management.dll
0x00007ffdac810000 - 0x00007ffdac81b000 	E:\Softwares\Android Studio\jbr\bin\management_ext.dll
0x00007ffdc1330000 - 0x00007ffdc1338000 	C:\WINDOWS\System32\PSAPI.DLL
0x00007ffdbf010000 - 0x00007ffdbf02b000 	C:\WINDOWS\SYSTEM32\CRYPTSP.dll
0x00007ffdbe700000 - 0x00007ffdbe739000 	C:\WINDOWS\system32\rsaenh.dll
0x00007ffdbede0000 - 0x00007ffdbee13000 	C:\WINDOWS\SYSTEM32\USERENV.dll
0x00007ffdbf920000 - 0x00007ffdbf94a000 	C:\WINDOWS\SYSTEM32\bcrypt.dll
0x00007ffdbf030000 - 0x00007ffdbf03c000 	C:\WINDOWS\SYSTEM32\CRYPTBASE.dll
0x00007ffdbe170000 - 0x00007ffdbe1a2000 	C:\WINDOWS\SYSTEM32\IPHLPAPI.DLL
0x00007ffdc1340000 - 0x00007ffdc134a000 	C:\WINDOWS\System32\NSI.dll
0x00007ffdacab0000 - 0x00007ffdacab9000 	E:\Softwares\Android Studio\jbr\bin\extnet.dll
0x00007ffd56540000 - 0x00007ffd56548000 	C:\WINDOWS\system32\wshunix.dll
0x00007ffd5d120000 - 0x00007ffd5d138000 	C:\WINDOWS\system32\napinsp.dll
0x00007ffdbe200000 - 0x00007ffdbe332000 	C:\WINDOWS\SYSTEM32\DNSAPI.dll
0x00007ffd5d100000 - 0x00007ffd5d113000 	C:\WINDOWS\System32\winrnr.dll
0x00007ffd5d0d0000 - 0x00007ffd5d0f2000 	C:\WINDOWS\system32\nlansp_c.dll
0x00007ffdaf280000 - 0x00007ffdaf296000 	C:\WINDOWS\system32\wshbth.dll
0x00007ffdb2450000 - 0x00007ffdb245b000 	C:\Windows\System32\rasadhlp.dll
0x00007ffdb3340000 - 0x00007ffdb33c6000 	C:\WINDOWS\System32\fwpuclnt.dll
0x00007ffdb1000000 - 0x00007ffdb1007000 	E:\Softwares\Android Studio\jbr\bin\rmi.dll
0x00007ffd84fb0000 - 0x00007ffd85099000 	C:\Users\chouh\AppData\Local\Temp\sqlite-3.41.2.2-812dfe01-6e39-4dc0-81d7-f3337c8e0003-sqlitejdbc.dll
0x00007ffd82ab0000 - 0x00007ffd82b99000 	C:\Users\chouh\AppData\Local\Temp\sqlite-3.41.2.2-ecf270ef-0d0f-48c5-b889-f0b8f02d621a-sqlitejdbc.dll

dbghelp: loaded successfully - version: 4.0.5 - missing functions: none
symbol engine: initialized successfully - sym options: 0x614 - pdb path: .;E:\Softwares\Android Studio\jbr\bin;C:\WINDOWS\SYSTEM32;C:\WINDOWS\WinSxS\amd64_microsoft.windows.common-controls_6595b64144ccf1df_6.0.26100.8115_none_3e075c82e3354f9c;E:\Softwares\Android Studio\jbr\bin\server;C:\Users\chouh\.gradle\native\c067742578af261105cb4f569cf0c3c89f3d7b1fecec35dd04571415982c5e48\windows-amd64;C:\Users\chouh\.gradle\native\100fb08df4bc3b14c8652ba06237920a3bd2aa13389f12d3474272988ae205f9\windows-amd64;C:\Users\chouh\AppData\Local\Temp

VM Arguments:
jvm_args: --add-opens=java.base/java.lang=ALL-UNNAMED --add-opens=java.base/java.lang.invoke=ALL-UNNAMED --add-opens=java.base/java.util=ALL-UNNAMED --add-opens=java.prefs/java.util.prefs=ALL-UNNAMED --add-exports=jdk.compiler/com.sun.tools.javac.api=ALL-UNNAMED --add-exports=jdk.compiler/com.sun.tools.javac.util=ALL-UNNAMED --add-opens=java.base/java.util=ALL-UNNAMED --add-opens=java.prefs/java.util.prefs=ALL-UNNAMED --add-opens=java.base/java.nio.charset=ALL-UNNAMED --add-opens=java.base/java.net=ALL-UNNAMED --add-opens=java.base/java.util.concurrent.atomic=ALL-UNNAMED --add-opens=java.xml/javax.xml.namespace=ALL-UNNAMED -Xmx4096m -Dfile.encoding=UTF-8 -Duser.country=US -Duser.language=en -Duser.variant -javaagent:C:\Users\chouh\.gradle\wrapper\dists\gradle-8.11.1-bin\bpt9gzteqjrbo1mjrsomdt32c\gradle-8.11.1\lib\agents\gradle-instrumentation-agent-8.11.1.jar 
java_command: org.gradle.launcher.daemon.bootstrap.GradleDaemon 8.11.1
java_class_path (initial): C:\Users\chouh\.gradle\wrapper\dists\gradle-8.11.1-bin\bpt9gzteqjrbo1mjrsomdt32c\gradle-8.11.1\lib\gradle-daemon-main-8.11.1.jar
Launcher Type: SUN_STANDARD

[Global flags]
     intx CICompilerCount                          = 3                                         {product} {ergonomic}
     uint ConcGCThreads                            = 1                                         {product} {ergonomic}
     uint G1ConcRefinementThreads                  = 4                                         {product} {ergonomic}
   size_t G1HeapRegionSize                         = 2097152                                   {product} {ergonomic}
    uintx GCDrainStackTargetSize                   = 64                                        {product} {ergonomic}
   size_t InitialHeapSize                          = 132120576                                 {product} {ergonomic}
   size_t MarkStackSize                            = 4194304                                   {product} {ergonomic}
   size_t MaxHeapSize                              = 4294967296                                {product} {command line}
   size_t MaxNewSize                               = 2575302656                                {product} {ergonomic}
   size_t MinHeapDeltaBytes                        = 2097152                                   {product} {ergonomic}
   size_t MinHeapSize                              = 8388608                                   {product} {ergonomic}
    uintx NonNMethodCodeHeapSize                   = 5832780                                {pd product} {ergonomic}
    uintx NonProfiledCodeHeapSize                  = 122912730                              {pd product} {ergonomic}
    uintx ProfiledCodeHeapSize                     = 122912730                              {pd product} {ergonomic}
    uintx ReservedCodeCacheSize                    = 251658240                              {pd product} {ergonomic}
     bool SegmentedCodeCache                       = true                                      {product} {ergonomic}
   size_t SoftMaxHeapSize                          = 4294967296                             {manageable} {ergonomic}
     bool UseCompressedOops                        = true                           {product lp64_product} {ergonomic}
     bool UseG1GC                                  = true                                      {product} {ergonomic}
     bool UseLargePagesIndividualAllocation        = false                                  {pd product} {ergonomic}

Logging:
Log output configuration:
 #0: stdout all=warning uptime,level,tags foldmultilines=false
 #1: stderr all=off uptime,level,tags foldmultilines=false

Environment Variables:
JAVA_HOME=C:\Program Files\Amazon Corretto\jdk17.0.18_9
PATH=C:\Program Files\Amazon Corretto\jdk17.0.18_9;C:\Program Files\Common Files\Oracle\Java\javapath;C:\WINDOWS\system32;C:\WINDOWS;C:\WINDOWS\System32\Wbem;C:\WINDOWS\System32\WindowsPowerShell\v1.0\;C:\WINDOWS\System32\OpenSSH\;E:\Softwares\cursor;C:\Program Files\Java\jdk-17\bin;e:\Softwares\cursor\resources\app\bin;C:\WINDOWS\system32;C:\WINDOWS;C:\WINDOWS\System32\Wbem;C:\WINDOWS\System32\WindowsPowerShell\v1.0\;C:\WINDOWS\System32\OpenSSH\;C:\Users\chouh\Downloads\redis;C:\Program Files\apache-maven-3.9.12\bin;C:\Program Files\Kubernetes\Minikube;C:\Program Files\Amazon\AWSCLIV2\;C:\Users\chouh\AppData\Local\nvm;C:\nvm4w\nodejs;C:\Program Files\Docker\Docker\resources\bin;C:\Program Files\Git\cmd;C:\Users\chouh\AppData\Local\Programs\node20;C:\Users\chouh\AppData\Local\Programs\Python\Launcher\;C:\Users\chouh\AppData\Local\Microsoft\WindowsApps;C:\Users\chouh\AppData\Roaming\npm;C:\Users\chouh\AppData\Local\Programs\Microsoft VS Code\bin;E:\Softwares\Eclipse\IntelliJ IDEA 2025.2.1\bin;E:\Softwares\Antigravity\bin;C:\Users\chouh\Downloads\redis;E:\Softwares\cursor\resources\app\bin;C:\Users\chouh\Downloads\gradle-9.3.1-bin\gradle-9.3.1\bin;C:\Program Files\apache-maven-3.9.12;C:\Users\chouh\.local\bin;C:\Users\chouh\AppData\Local\Python\bin;%NVM_HOME%;%NVM_SYMLINK%
USERNAME=chouh
OS=Windows_NT
PROCESSOR_IDENTIFIER=Intel64 Family 6 Model 140 Stepping 1, GenuineIntel
TMP=C:\Users\chouh\AppData\Local\Temp
TEMP=C:\Users\chouh\AppData\Local\Temp




Periodic native trim disabled

JNI global refs:
JNI global refs: 29, weak refs: 26

JNI global refs memory usage: 835, weak refs: 833

Process memory usage:
Resident Set Size: 1323732K (16% of 8183096K total physical memory with 502792K free physical memory)

OOME stack traces (most recent first):
Classloader memory used:
Loader org.gradle.internal.classloader.VisitableURLClassLoader$InstrumentingVisitableURLClassLoader: 62881K
Loader org.gradle.internal.classloader.VisitableURLClassLoader                         : 44861K
Loader bootstrap                                                                       : 33394K
Loader java.net.URLClassLoader                                                         : 26938K
Loader org.gradle.initialization.MixInLegacyTypesClassLoader                           : 12241K
Loader jdk.internal.loader.ClassLoaders$AppClassLoader                                 : 9963K
Loader jdk.internal.loader.ClassLoaders$PlatformClassLoader                            : 1013K
Loader jdk.internal.reflect.DelegatingClassLoader                                      : 789K
Loader org.gradle.groovy.scripts.internal.DefaultScriptCompilationHandler$ScriptClassLoader: 219K
Loader org.gradle.internal.classloader.VisitableURLClassLoader                         : 46392B
Loader org.codehaus.groovy.runtime.callsite.CallSiteClassLoader                        : 20544B
Loader sun.reflect.misc.MethodUtil                                                     : 2952B

Classes loaded by more than one classloader:
Class kotlin.jvm.KotlinReflectionNotSupportedError                                    : loaded 4 times (x 78B)
Class kotlin.collections.ArraysKt___ArraysJvmKt                                       : loaded 4 times (x 67B)
Class kotlin.text.StringsKt__RegexExtensionsJVMKt                                     : loaded 4 times (x 67B)
Class kotlin._Assertions                                                              : loaded 4 times (x 67B)
Class com.google.common.collect.RegularImmutableSet                                   : loaded 4 times (x 144B)
Class com.google.common.collect.Iterators$MergingIterator                             : loaded 4 times (x 77B)
Class com.google.common.collect.ImmutableCollection$Builder                           : loaded 4 times (x 72B)
Class com.google.common.collect.Iterators$ArrayItr                                    : loaded 4 times (x 93B)
Class kotlin.collections.CollectionsKt                                                : loaded 4 times (x 67B)
Class com.google.common.collect.MapDifference                                         : loaded 4 times (x 66B)
Class kotlin.enums.EnumEntriesList                                                    : loaded 4 times (x 219B)
Class kotlin.jvm.internal.FunctionReference                                           : loaded 4 times (x 118B)
Class com.google.common.collect.ImmutableList$SubList                                 : loaded 4 times (x 204B)
Class kotlin.jvm.internal.FunctionBase                                                : loaded 4 times (x 66B)
Class kotlin.comparisons.ComparisonsKt___ComparisonsJvmKt                             : loaded 4 times (x 67B)
Class kotlin.collections.CollectionsKt__IteratorsJVMKt                                : loaded 4 times (x 67B)
Class com.google.common.collect.UnmodifiableIterator                                  : loaded 4 times (x 76B)
Class com.google.common.collect.ImmutableSet$SetBuilderImpl                           : loaded 4 times (x 72B)
Class com.google.common.collect.RegularImmutableMap$KeySet                            : loaded 4 times (x 146B)
Class com.google.common.base.PairwiseEquivalence                                      : loaded 4 times (x 79B)
Class com.google.common.base.Equivalence$Identity                                     : loaded 4 times (x 78B)
Class com.google.common.collect.SingletonImmutableBiMap                               : loaded 4 times (x 139B)
Class kotlin.NotImplementedError                                                      : loaded 4 times (x 78B)
Class kotlin.text.StringsKt__StringsKt                                                : loaded 4 times (x 67B)
Class com.google.common.collect.ImmutableList                                         : loaded 4 times (x 202B)
Class kotlin.jvm.internal.markers.KMappedMarker                                       : loaded 4 times (x 66B)
Class kotlin.collections.MapWithDefault                                               : loaded 4 times (x 66B)
Class com.google.common.collect.SetMultimap                                           : loaded 4 times (x 66B)
Class kotlin.NoWhenBranchMatchedException                                             : loaded 4 times (x 78B)
Class kotlin.Lazy                                                                     : loaded 4 times (x 66B)
Class com.google.common.collect.AbstractMapEntry                                      : loaded 4 times (x 77B)
Class com.google.common.collect.ImmutableMapEntrySet$RegularEntrySet                  : loaded 4 times (x 147B)
Class kotlin.Pair                                                                     : loaded 4 times (x 68B)
Class com.google.common.collect.Maps$BiMapConverter                                   : loaded 4 times (x 86B)
Class kotlin.text.StringsKt__StringBuilderKt                                          : loaded 4 times (x 67B)
Class com.google.common.collect.ImmutableList$Builder                                 : loaded 4 times (x 73B)
Class kotlin.jvm.internal.CallableReference$NoReceiver                                : loaded 4 times (x 67B)
Class kotlin.collections.CollectionsKt__MutableCollectionsKt                          : loaded 4 times (x 67B)
Class kotlin.collections.ArraysKt__ArraysJVMKt                                        : loaded 4 times (x 67B)
Class kotlin.sequences.FilteringSequence$iterator$1                                   : loaded 4 times (x 75B)
Class com.google.common.collect.RegularImmutableAsList                                : loaded 4 times (x 212B)
Class kotlin.sequences.SequencesKt__SequenceBuilderKt                                 : loaded 4 times (x 67B)
Class kotlin.LazyKt                                                                   : loaded 4 times (x 67B)
Class kotlin.reflect.KCallable                                                        : loaded 4 times (x 66B)
Class com.google.common.collect.Iterators                                             : loaded 4 times (x 67B)
Class kotlin.collections.SetsKt__SetsKt                                               : loaded 4 times (x 67B)
Class com.google.common.collect.PeekingIterator                                       : loaded 4 times (x 66B)
Class com.google.common.base.Optional                                                 : loaded 4 times (x 76B)
Class kotlin.text.CharsKt                                                             : loaded 4 times (x 67B)
Class com.google.common.collect.Lists$StringAsImmutableList                           : loaded 4 times (x 203B)
Class kotlin.collections.ArraysKt                                                     : loaded 4 times (x 67B)
Class kotlin.text.CharsKt__CharKt                                                     : loaded 4 times (x 67B)
Class kotlin.collections.EmptyList                                                    : loaded 4 times (x 170B)
Class kotlin.collections.CollectionsKt__ReversedViewsKt                               : loaded 4 times (x 67B)
Class kotlin.collections.MapsKt__MapsJVMKt                                            : loaded 4 times (x 67B)
Class com.google.common.base.Preconditions                                            : loaded 4 times (x 67B)
Class com.google.common.base.Equivalence$Equals                                       : loaded 4 times (x 78B)
Class com.google.common.collect.Hashing                                               : loaded 4 times (x 67B)
Class com.google.common.base.PatternCompiler                                          : loaded 4 times (x 66B)
Class kotlin.ranges.RangesKt___RangesKt                                               : loaded 4 times (x 67B)
Class com.google.common.collect.IndexedImmutableSet                                   : loaded 4 times (x 146B)
Class com.google.common.collect.RegularImmutableBiMap                                 : loaded 4 times (x 144B)
Class kotlin.KotlinNullPointerException                                               : loaded 4 times (x 79B)
Class com.google.common.collect.ImmutableMap$1                                        : loaded 4 times (x 77B)
Class com.google.common.collect.BiMap                                                 : loaded 4 times (x 66B)
Class com.google.common.collect.AbstractIterator                                      : loaded 4 times (x 78B)
Class com.google.common.base.Absent                                                   : loaded 4 times (x 76B)
Class kotlin.collections.CollectionsKt__IterablesKt                                   : loaded 4 times (x 67B)
Class kotlin.collections.MapsKt                                                       : loaded 4 times (x 67B)
Class com.google.common.collect.AbstractIndexedListIterator                           : loaded 4 times (x 92B)
Class com.google.common.collect.RegularImmutableMap$BucketOverflowException           : loaded 4 times (x 78B)
Class kotlin.collections.ArraysKt__ArraysKt                                           : loaded 4 times (x 67B)
Class com.google.common.collect.ImmutableList$1                                       : loaded 4 times (x 93B)
Class kotlin.jvm.internal.Intrinsics                                                  : loaded 4 times (x 67B)
Class com.google.common.collect.ImmutableMapEntrySet                                  : loaded 4 times (x 147B)
Class kotlin.reflect.KAnnotatedElement                                                : loaded 4 times (x 66B)
Class kotlin.collections.SetsKt__SetsJVMKt                                            : loaded 4 times (x 67B)
Class kotlin.Function                                                                 : loaded 4 times (x 66B)
Class com.google.common.collect.ImmutableMap$Builder                                  : loaded 4 times (x 78B)
Class com.google.common.base.Present                                                  : loaded 4 times (x 77B)
Class kotlin.collections.EmptyMap                                                     : loaded 4 times (x 105B)
Class com.google.common.collect.Multimap                                              : loaded 4 times (x 66B)
Class kotlin.text.StringsKt__StringNumberConversionsJVMKt                             : loaded 4 times (x 67B)
Class kotlin.text.StringsKt__StringsJVMKt                                             : loaded 4 times (x 67B)
Class kotlin.sequences.Sequence                                                       : loaded 4 times (x 66B)
Class com.google.common.collect.SingletonImmutableList                                : loaded 4 times (x 203B)
Class kotlin.collections.SetsKt                                                       : loaded 4 times (x 67B)
Class kotlin.text.StringsKt__IndentKt                                                 : loaded 4 times (x 67B)
Class com.google.common.base.JdkPattern                                               : loaded 4 times (x 71B)
Class com.google.common.collect.ImmutableList$ReverseImmutableList                    : loaded 4 times (x 204B)
Class com.google.common.collect.ImmutableSet$RegularSetBuilderImpl                    : loaded 4 times (x 73B)
Class kotlin.reflect.KFunction                                                        : loaded 4 times (x 66B)
Class kotlin.collections.MapsKt__MapsKt                                               : loaded 4 times (x 67B)
Class kotlin.collections.CollectionsKt__MutableCollectionsJVMKt                       : loaded 4 times (x 67B)
Class kotlin.text.StringsKt___StringsKt                                               : loaded 4 times (x 67B)
Class com.google.common.collect.RegularImmutableMap                                   : loaded 4 times (x 117B)
Class com.google.common.collect.ImmutableMap$MapViewOfValuesAsSingletonSets           : loaded 4 times (x 121B)
Class kotlin.jvm.internal.Lambda                                                      : loaded 4 times (x 71B)
Class kotlin.enums.EnumEntriesKt                                                      : loaded 4 times (x 67B)
Class com.google.common.collect.Iterators$1                                           : loaded 4 times (x 77B)
Class com.google.common.collect.SingletonImmutableSet                                 : loaded 4 times (x 142B)
Class com.google.common.collect.ImmutableMap$IteratorBasedImmutableMap                : loaded 4 times (x 121B)
Class kotlin.Metadata                                                                 : loaded 4 times (x 66B)
Class kotlin.UninitializedPropertyAccessException                                     : loaded 4 times (x 78B)
Class com.google.common.collect.Iterators$4                                           : loaded 4 times (x 78B)
Class com.google.common.collect.ImmutableBiMap                                        : loaded 4 times (x 139B)
Class kotlin.collections.MapsKt__MapWithDefaultKt                                     : loaded 4 times (x 67B)
Class com.google.common.collect.Iterators$5                                           : loaded 4 times (x 78B)
Class com.google.common.collect.ImmutableCollection                                   : loaded 4 times (x 121B)
Class kotlin.collections.CollectionsKt__CollectionsJVMKt                              : loaded 4 times (x 67B)
Class kotlin.collections.MapsKt___MapsKt                                              : loaded 4 times (x 67B)
Class kotlin.collections.ArraysKt___ArraysKt                                          : loaded 4 times (x 67B)
Class com.google.common.collect.Lists                                                 : loaded 4 times (x 67B)
Class com.google.common.base.Converter                                                : loaded 4 times (x 86B)
Class com.google.common.collect.SortedMapDifference                                   : loaded 4 times (x 66B)
Class kotlin.text.StringsKt___StringsJvmKt                                            : loaded 4 times (x 67B)
Class kotlin.reflect.KDeclarationContainer                                            : loaded 4 times (x 66B)
Class com.google.common.collect.ImmutableSet$CachingAsList                            : loaded 4 times (x 143B)
Class kotlin.annotation.Retention                                                     : loaded 4 times (x 66B)
Class com.google.common.collect.CollectPreconditions                                  : loaded 4 times (x 67B)
Class kotlin.collections.CollectionsKt___CollectionsKt                                : loaded 4 times (x 67B)
Class kotlin.sequences.SequencesKt                                                    : loaded 4 times (x 67B)
Class kotlin.collections.CollectionsKt__IteratorsKt                                   : loaded 4 times (x 67B)
Class com.google.common.collect.Iterators$9                                           : loaded 4 times (x 77B)
Class kotlin.collections.EmptySet                                                     : loaded 4 times (x 118B)
Class kotlin.annotation.Target                                                        : loaded 4 times (x 66B)
Class com.google.common.collect.UnmodifiableListIterator                              : loaded 4 times (x 91B)
Class com.google.common.collect.ImmutableAsList                                       : loaded 4 times (x 205B)
Class com.google.common.collect.ImmutableEntry                                        : loaded 4 times (x 78B)
Class [Lcom.google.common.collect.AbstractMapEntry;                                   : loaded 4 times (x 65B)
Class kotlin.collections.MapsKt___MapsJvmKt                                           : loaded 4 times (x 67B)
Class com.google.common.base.FunctionalEquivalence                                    : loaded 4 times (x 79B)
Class kotlin.text.StringsKt                                                           : loaded 4 times (x 67B)
Class kotlin.text.StringsKt__AppendableKt                                             : loaded 4 times (x 67B)
Class com.google.common.base.Predicate                                                : loaded 4 times (x 66B)
Class com.google.common.collect.ImmutableMap                                          : loaded 4 times (x 116B)
Class kotlin.LazyKt__LazyJVMKt                                                        : loaded 4 times (x 67B)
Class kotlin.jvm.functions.Function1                                                  : loaded 4 times (x 66B)
Class com.google.common.collect.Maps$EntryTransformer                                 : loaded 4 times (x 66B)
Class kotlin.jvm.functions.Function0                                                  : loaded 4 times (x 66B)
Class kotlin.collections.ArraysUtilJVM                                                : loaded 4 times (x 67B)
Class kotlin.text.StringsKt__StringNumberConversionsKt                                : loaded 4 times (x 67B)
Class com.google.common.base.CommonPattern                                            : loaded 4 times (x 70B)
Class kotlin.jvm.internal.CallableReference                                           : loaded 4 times (x 102B)
Class com.google.common.base.Platform$JdkPatternCompiler                              : loaded 4 times (x 71B)
Class com.google.common.collect.ImmutableEnumMap                                      : loaded 4 times (x 121B)
Class com.google.common.collect.Iterators$10                                          : loaded 4 times (x 77B)
Class kotlin.ranges.RangesKt                                                          : loaded 4 times (x 67B)
Class kotlin.TuplesKt                                                                 : loaded 4 times (x 67B)
Class kotlin.sequences.SequencesKt___SequencesJvmKt                                   : loaded 4 times (x 67B)
Class com.google.common.collect.ImmutableMapEntry                                     : loaded 4 times (x 81B)
Class com.google.common.base.Function                                                 : loaded 4 times (x 66B)
Class com.google.common.collect.ImmutableMapEntry$NonTerminalImmutableMapEntry        : loaded 4 times (x 81B)
Class kotlin.Unit                                                                     : loaded 4 times (x 67B)
Class kotlin.collections.CollectionsKt___CollectionsJvmKt                             : loaded 4 times (x 67B)
Class com.google.common.base.Equivalence                                              : loaded 4 times (x 78B)
Class kotlin.enums.EnumEntries                                                        : loaded 4 times (x 66B)
Class com.google.common.collect.RegularImmutableList                                  : loaded 4 times (x 208B)
Class com.google.common.collect.ImmutableBiMapFauxverideShim                          : loaded 4 times (x 116B)
Class com.google.common.collect.ImmutableSet                                          : loaded 4 times (x 141B)
Class com.google.common.collect.RegularImmutableMap$Values                            : loaded 4 times (x 203B)
Class kotlin.text.CharsKt__CharJVMKt                                                  : loaded 4 times (x 67B)
Class kotlin.comparisons.ComparisonsKt___ComparisonsKt                                : loaded 4 times (x 67B)
Class kotlin.comparisons.ComparisonsKt                                                : loaded 4 times (x 67B)
Class com.google.common.collect.Maps                                                  : loaded 4 times (x 67B)
Class kotlin.sequences.FilteringSequence                                              : loaded 4 times (x 71B)
Class [Lcom.google.common.collect.ImmutableMapEntry;                                  : loaded 4 times (x 65B)
Class kotlin.ranges.RangesKt__RangesKt                                                : loaded 4 times (x 67B)
Class kotlin.comparisons.ComparisonsKt__ComparisonsKt                                 : loaded 4 times (x 67B)
Class [Lcom.google.common.collect.ImmutableEntry;                                     : loaded 4 times (x 65B)
Class kotlin.collections.SetsKt___SetsKt                                              : loaded 4 times (x 67B)
Class com.google.common.base.Platform                                                 : loaded 4 times (x 67B)
Class kotlin.sequences.SequencesKt__SequencesKt                                       : loaded 4 times (x 67B)
Class kotlin.collections.EmptyIterator                                                : loaded 4 times (x 85B)
Class kotlin.UNINITIALIZED_VALUE                                                      : loaded 4 times (x 67B)
Class kotlin.sequences.SequencesKt___SequencesKt                                      : loaded 4 times (x 67B)
Class kotlin.text.StringsKt__RegexExtensionsKt                                        : loaded 4 times (x 67B)
Class kotlin.LazyKt__LazyKt                                                           : loaded 4 times (x 67B)
Class kotlin.text.StringsKt__StringBuilderJVMKt                                       : loaded 4 times (x 67B)
Class kotlin.SynchronizedLazyImpl                                                     : loaded 4 times (x 72B)
Class com.google.common.collect.Maps$8                                                : loaded 4 times (x 78B)
Class kotlin.collections.AbstractList$Companion                                       : loaded 4 times (x 67B)
Class kotlin.sequences.SequencesKt__SequencesJVMKt                                    : loaded 4 times (x 67B)
Class kotlin.collections.AbstractCollection                                           : loaded 4 times (x 113B)
Class kotlin.collections.AbstractList                                                 : loaded 4 times (x 193B)
Class kotlin.collections.CollectionsKt__CollectionsKt                                 : loaded 4 times (x 67B)
Class kotlin.coroutines.jvm.internal.RestrictedSuspendLambda                          : loaded 3 times (x 87B)
Class kotlin.collections.ArrayAsCollection                                            : loaded 3 times (x 101B)
Class kotlin.text.Regex                                                               : loaded 3 times (x 68B)
Class kotlin.jvm.internal.ReflectionFactory                                           : loaded 3 times (x 87B)
Class kotlin.coroutines.Continuation                                                  : loaded 3 times (x 66B)
Class kotlin.jvm.internal.SpreadBuilder                                               : loaded 3 times (x 72B)
Class [Lkotlin.reflect.jvm.internal.impl.resolve.jvm.JvmPrimitiveType;                : loaded 3 times (x 65B)
Class kotlin.reflect.full.IllegalPropertyDelegateAccessException                      : loaded 3 times (x 78B)
Class kotlin.LazyThreadSafetyMode                                                     : loaded 3 times (x 75B)
Class [Lkotlin.reflect.jvm.internal.impl.builtins.jvm.JavaToKotlinClassMap$PlatformMutabilityMapping;: loaded 3 times (x 65B)
Class com.google.common.base.Enums$StringConverter                                    : loaded 3 times (x 86B)
Class kotlin.jvm.internal.MutablePropertyReference                                    : loaded 3 times (x 115B)
Class kotlin.jvm.internal.PropertyReference2                                          : loaded 3 times (x 123B)
Class kotlin.LazyKt__LazyJVMKt$WhenMappings                                           : loaded 3 times (x 67B)
Class kotlin.UnsafeLazyImpl                                                           : loaded 3 times (x 72B)
Class kotlin.jvm.internal.ClassBasedDeclarationContainer                              : loaded 3 times (x 66B)
Class kotlin.coroutines.jvm.internal.BaseContinuationImpl                             : loaded 3 times (x 83B)
Class kotlin.jvm.internal.PropertyReference1                                          : loaded 3 times (x 123B)
Class kotlin.jvm.internal.DefaultConstructorMarker                                    : loaded 3 times (x 67B)
Class kotlin.reflect.full.IllegalCallableAccessException                              : loaded 3 times (x 78B)
Class kotlin.Result$Companion                                                         : loaded 3 times (x 67B)
Class kotlin.jvm.internal.PropertyReference0                                          : loaded 3 times (x 123B)
Class kotlin.reflect.jvm.internal.KProperty1Impl                                      : loaded 3 times (x 124B)
Class kotlin.reflect.jvm.internal.KDeclarationContainerImpl$Companion                 : loaded 3 times (x 67B)
Class kotlin.reflect.KType                                                            : loaded 3 times (x 66B)
Class kotlin.jvm.internal.FunctionReferenceImpl                                       : loaded 3 times (x 118B)
Class kotlin.text.DelimitedRangesSequence                                             : loaded 3 times (x 71B)
Class kotlin.reflect.jvm.internal.ReflectProperties$Val$1                             : loaded 3 times (x 67B)
Class [Lkotlin.reflect.KClass;                                                        : loaded 3 times (x 65B)
Class kotlin.reflect.jvm.internal.impl.name.FqName                                    : loaded 3 times (x 68B)
Class kotlin.ranges.IntRange                                                          : loaded 3 times (x 89B)
Class kotlin.reflect.jvm.internal.impl.descriptors.runtime.structure.ReflectClassUtilKt: loaded 3 times (x 67B)
Class kotlin.jvm.internal.markers.KMutableMap                                         : loaded 3 times (x 66B)
Class kotlin.jvm.internal.markers.KMutableIterable                                    : loaded 3 times (x 66B)
Class kotlin.sequences.FlatteningSequence$iterator$1                                  : loaded 3 times (x 75B)
Class kotlin.sequences.GeneratorSequence                                              : loaded 3 times (x 71B)
Class com.google.common.base.Verify                                                   : loaded 3 times (x 67B)
Class kotlin.collections.AbstractList$IteratorImpl                                    : loaded 3 times (x 78B)
Class kotlin.reflect.jvm.internal.impl.builtins.PrimitiveType                         : loaded 3 times (x 75B)
Class [Lkotlin.DeprecationLevel;                                                      : loaded 3 times (x 65B)
Class kotlin.jvm.internal.MutablePropertyReference1Impl                               : loaded 3 times (x 133B)
Class kotlin.ranges.IntProgression                                                    : loaded 3 times (x 77B)
Class kotlin.reflect.jvm.internal.KClassImpl                                          : loaded 3 times (x 111B)
Class kotlin.collections.AbstractMutableList                                          : loaded 3 times (x 202B)
Class kotlin.jvm.internal.markers.KMutableList                                        : loaded 3 times (x 66B)
Class kotlin.jvm.internal.markers.KMutableIterator                                    : loaded 3 times (x 66B)
Class kotlin.reflect.jvm.internal.impl.name.FqNameUnsafe$1                            : loaded 3 times (x 70B)
Class kotlin.coroutines.jvm.internal.RestrictedContinuationImpl                       : loaded 3 times (x 83B)
Class kotlin.jvm.functions.Function2                                                  : loaded 3 times (x 66B)
Class kotlin.jvm.functions.Function3                                                  : loaded 3 times (x 66B)
Class kotlin.jvm.internal.markers.KMutableSet                                         : loaded 3 times (x 66B)
Class kotlin.reflect.jvm.internal.KDeclarationContainerImpl$Data                      : loaded 3 times (x 68B)
Class kotlin.sequences.TransformingSequence                                           : loaded 3 times (x 71B)
Class kotlin.reflect.jvm.internal.impl.builtins.PrimitiveType$Companion               : loaded 3 times (x 67B)
Class kotlin.jvm.functions.Function4                                                  : loaded 3 times (x 66B)
Class kotlin.reflect.jvm.internal.impl.name.SpecialNames                              : loaded 3 times (x 67B)
Class kotlin.reflect.jvm.internal.KClassImpl$Data                                     : loaded 3 times (x 68B)
Class kotlin.jvm.functions.Function5                                                  : loaded 3 times (x 66B)
Class kotlin.collections.IndexedValue                                                 : loaded 3 times (x 68B)
Class kotlin.collections.builders.MapBuilder$Itr                                      : loaded 3 times (x 68B)
Class kotlin.jvm.functions.Function6                                                  : loaded 3 times (x 66B)
Class kotlin.reflect.jvm.internal.KTypeParameterOwnerImpl                             : loaded 3 times (x 66B)
Class kotlin.jvm.functions.Function7                                                  : loaded 3 times (x 66B)
Class kotlin.reflect.jvm.internal.impl.name.Name                                      : loaded 3 times (x 71B)
Class kotlin.reflect.jvm.internal.KDeclarationContainerImpl                           : loaded 3 times (x 80B)
Class kotlin.coroutines.intrinsics.IntrinsicsKt__IntrinsicsKt                         : loaded 3 times (x 67B)
Class kotlin.text.StringsKt__IndentKt$getIndentFunction$1                             : loaded 3 times (x 74B)
Class kotlin.reflect.jvm.internal.KPropertyImpl$Companion                             : loaded 3 times (x 67B)
Class kotlin.reflect.jvm.internal.KCallableImpl                                       : loaded 3 times (x 101B)
Class kotlin.reflect.KProperty$Accessor                                               : loaded 3 times (x 66B)
Class [Lkotlin.reflect.KCallable;                                                     : loaded 3 times (x 65B)
Class kotlin.reflect.jvm.internal.ReflectProperties                                   : loaded 3 times (x 67B)
Class kotlin.SafePublicationLazyImpl                                                  : loaded 3 times (x 72B)
Class kotlin.collections.builders.MapBuilder$Companion                                : loaded 3 times (x 67B)
Class kotlin.ranges.IntProgression$Companion                                          : loaded 3 times (x 67B)
Class kotlin.reflect.KProperty$Getter                                                 : loaded 3 times (x 66B)
Class kotlin.sequences.SequencesKt___SequencesKt$filterNotNull$1                      : loaded 3 times (x 74B)
Class kotlin.jvm.internal.MutablePropertyReference2                                   : loaded 3 times (x 133B)
Class kotlin.reflect.jvm.internal.ReflectProperties$Val                               : loaded 3 times (x 70B)
Class kotlin.collections.AbstractMutableSet                                           : loaded 3 times (x 138B)
Class [Lkotlin.annotation.AnnotationRetention;                                        : loaded 3 times (x 65B)
Class kotlin.jvm.functions.Function8                                                  : loaded 3 times (x 66B)
Class kotlin.reflect.jvm.internal.impl.name.FqNameUnsafe                              : loaded 3 times (x 68B)
Class kotlin.collections.builders.MapBuilder                                          : loaded 3 times (x 108B)
Class com.google.common.base.VerifyException                                          : loaded 3 times (x 78B)
Class [Lkotlin.reflect.KDeclarationContainer;                                         : loaded 3 times (x 65B)
Class com.google.common.base.Enums                                                    : loaded 3 times (x 67B)
Class [Lkotlin.reflect.jvm.internal.impl.name.FqName;                                 : loaded 3 times (x 65B)
Class kotlin.annotation.MustBeDocumented                                              : loaded 3 times (x 66B)
Class kotlin.reflect.jvm.internal.KPackageImpl                                        : loaded 3 times (x 81B)
Class [Lkotlin.reflect.jvm.internal.impl.name.ClassId;                                : loaded 3 times (x 65B)
Class kotlin.sequences.SequenceScope                                                  : loaded 3 times (x 69B)
Class kotlin.jvm.functions.Function10                                                 : loaded 3 times (x 66B)
Class kotlin.jvm.functions.Function9                                                  : loaded 3 times (x 66B)
Class [Lkotlin.LazyThreadSafetyMode;                                                  : loaded 3 times (x 65B)
Class [Lkotlin.reflect.KClassifier;                                                   : loaded 3 times (x 65B)
Class kotlin.reflect.jvm.internal.EmptyContainerForLocal                              : loaded 3 times (x 80B)
Class kotlin.reflect.jvm.internal.impl.builtins.jvm.JavaToKotlinClassMap$PlatformMutabilityMapping: loaded 3 times (x 68B)
Class kotlin.coroutines.intrinsics.IntrinsicsKt                                       : loaded 3 times (x 67B)
Class kotlin.reflect.jvm.internal.ComputableClassValue                                : loaded 3 times (x 76B)
Class kotlin.reflect.jvm.internal.impl.resolve.jvm.JvmPrimitiveType                   : loaded 3 times (x 75B)
Class kotlin.text.StringsKt__StringsKt$splitToSequence$1                              : loaded 3 times (x 75B)
Class kotlin.collections.IntIterator                                                  : loaded 3 times (x 78B)
Class kotlin.ranges.ClosedRange                                                       : loaded 3 times (x 66B)
Class kotlin.jvm.internal.Reflection                                                  : loaded 3 times (x 67B)
Class kotlin.reflect.KProperty                                                        : loaded 3 times (x 66B)
Class kotlin.reflect.jvm.internal.KPropertyImpl                                       : loaded 3 times (x 111B)
Class kotlin.collections.CollectionsKt___CollectionsKt$asSequence$$inlined$Sequence$1 : loaded 3 times (x 71B)
Class kotlin.jvm.JvmClassMappingKt                                                    : loaded 3 times (x 67B)
Class kotlin.jvm.internal.markers.KMutableCollection                                  : loaded 3 times (x 66B)
Class kotlin.annotation.AnnotationTarget                                              : loaded 3 times (x 75B)
Class [Lkotlin.reflect.KAnnotatedElement;                                             : loaded 3 times (x 65B)
Class kotlin.reflect.jvm.internal.ReflectProperties$LazySoftVal                       : loaded 3 times (x 74B)
Class kotlin.reflect.jvm.internal.impl.builtins.StandardNames                         : loaded 3 times (x 67B)
Class [Lkotlin.reflect.jvm.internal.impl.builtins.PrimitiveType;                      : loaded 3 times (x 65B)
Class kotlin.jvm.functions.Function11                                                 : loaded 3 times (x 66B)
Class kotlin.jvm.internal.MutablePropertyReference1                                   : loaded 3 times (x 133B)
Class kotlin.collections.IndexingIterator                                             : loaded 3 times (x 75B)
Class kotlin.jvm.internal.PropertyReference                                           : loaded 3 times (x 111B)
Class kotlin.internal.ProgressionUtilKt                                               : loaded 3 times (x 67B)
Class kotlin.jvm.functions.Function20                                                 : loaded 3 times (x 66B)
Class kotlin.reflect.KMutableProperty                                                 : loaded 3 times (x 66B)
Class kotlin.reflect.jvm.internal.KClassifierImpl                                     : loaded 3 times (x 66B)
Class kotlin.jvm.internal.PropertyReference1Impl                                      : loaded 3 times (x 123B)
Class kotlin.reflect.jvm.internal.KotlinReflectionInternalError                       : loaded 3 times (x 78B)
Class kotlin.reflect.jvm.internal.impl.builtins.jvm.JavaToKotlinClassMap              : loaded 3 times (x 67B)
Class kotlin.SafePublicationLazyImpl$Companion                                        : loaded 3 times (x 67B)
Class kotlin.ranges.IntRange$Companion                                                : loaded 3 times (x 67B)
Class kotlin.coroutines.intrinsics.CoroutineSingletons                                : loaded 3 times (x 75B)
Class kotlin.Result$Failure                                                           : loaded 3 times (x 68B)
Class kotlin.jvm.functions.Function12                                                 : loaded 3 times (x 66B)
Class kotlin.collections.IndexingIterable                                             : loaded 3 times (x 75B)
Class kotlin.Deprecated                                                               : loaded 3 times (x 66B)
Class kotlin.reflect.jvm.internal.ClassValueCache                                     : loaded 3 times (x 70B)
Class kotlin.sequences.SequencesKt__SequencesKt$flatten$2                             : loaded 3 times (x 74B)
Class kotlin.sequences.SequenceBuilderIterator                                        : loaded 3 times (x 81B)
Class kotlin.ResultKt                                                                 : loaded 3 times (x 67B)
Class kotlin.reflect.jvm.internal.impl.builtins.StandardNames$FqNames                 : loaded 3 times (x 67B)
Class kotlin.collections.builders.ListBuilderKt                                       : loaded 3 times (x 67B)
Class kotlin.jvm.functions.Function13                                                 : loaded 3 times (x 66B)
Class kotlin.ranges.OpenEndRange                                                      : loaded 3 times (x 66B)
Class kotlin.jvm.functions.Function21                                                 : loaded 3 times (x 66B)
Class kotlin.reflect.jvm.internal.impl.name.ClassId                                   : loaded 3 times (x 68B)
Class kotlin.jvm.functions.Function14                                                 : loaded 3 times (x 66B)
Class kotlin.jvm.functions.Function15                                                 : loaded 3 times (x 66B)
Class kotlin.reflect.jvm.internal.ReflectionFactoryImpl                               : loaded 3 times (x 87B)
Class kotlin.jvm.internal.MutablePropertyReference0                                   : loaded 3 times (x 133B)
Class kotlin.DeprecationLevel                                                         : loaded 3 times (x 75B)
Class kotlin.text.DelimitedRangesSequence$iterator$1                                  : loaded 3 times (x 75B)
Class kotlin.reflect.jvm.internal.KMutableProperty1Impl                               : loaded 3 times (x 131B)
Class kotlin.reflect.jvm.internal.impl.builtins.CompanionObjectMapping                : loaded 3 times (x 67B)
Class kotlin.jvm.internal.CollectionToArray                                           : loaded 3 times (x 67B)
Class kotlin.coroutines.EmptyCoroutineContext                                         : loaded 3 times (x 73B)
Class kotlin.jvm.functions.Function16                                                 : loaded 3 times (x 66B)
Class kotlin.reflect.jvm.internal.CacheByClassKt                                      : loaded 3 times (x 67B)
Class kotlin.reflect.jvm.internal.CacheByClass                                        : loaded 3 times (x 69B)
Class kotlin.reflect.jvm.internal.impl.utils.CollectionsKt                            : loaded 3 times (x 67B)
Class kotlin.jvm.functions.Function17                                                 : loaded 3 times (x 66B)
Class kotlin.ReplaceWith                                                              : loaded 3 times (x 66B)
Class kotlin.jvm.functions.Function18                                                 : loaded 3 times (x 66B)
Class kotlin.coroutines.jvm.internal.ContinuationImpl                                 : loaded 3 times (x 83B)
Class kotlin.reflect.KProperty2                                                       : loaded 3 times (x 66B)
Class kotlin.collections.CollectionsKt___CollectionsKt$withIndex$1                    : loaded 3 times (x 75B)
Class kotlin.reflect.jvm.internal.CachesKt                                            : loaded 3 times (x 67B)
Class kotlin.sequences.GeneratorSequence$iterator$1                                   : loaded 3 times (x 75B)
Class kotlin.reflect.KProperty1                                                       : loaded 3 times (x 66B)
Class kotlin.reflect.KClass                                                           : loaded 3 times (x 66B)
Class kotlin.reflect.KMutableProperty$Setter                                          : loaded 3 times (x 66B)
Class kotlin.sequences.TransformingSequence$iterator$1                                : loaded 3 times (x 75B)
Class kotlin.annotation.AnnotationRetention                                           : loaded 3 times (x 75B)
Class kotlin.jvm.functions.Function19                                                 : loaded 3 times (x 66B)
Class [Lkotlin.reflect.KProperty;                                                     : loaded 3 times (x 65B)
Class kotlin.jvm.functions.Function22                                                 : loaded 3 times (x 66B)
Class kotlin.coroutines.jvm.internal.SuspendFunction                                  : loaded 3 times (x 66B)
Class kotlin.reflect.KProperty0                                                       : loaded 3 times (x 66B)
Class kotlin.Result                                                                   : loaded 3 times (x 68B)
Class kotlin.reflect.KMutableProperty0                                                : loaded 3 times (x 66B)
Class kotlin.reflect.KClassifier                                                      : loaded 3 times (x 66B)
Class kotlin.coroutines.intrinsics.IntrinsicsKt__IntrinsicsJvmKt                      : loaded 3 times (x 67B)
Class kotlin.reflect.jvm.internal.impl.name.StandardClassIdsKt                        : loaded 3 times (x 67B)
Class kotlin.reflect.jvm.internal.impl.name.FqNamesUtilKt                             : loaded 3 times (x 67B)
Class kotlin.coroutines.jvm.internal.CoroutineStackFrame                              : loaded 3 times (x 66B)
Class kotlin.reflect.KMutableProperty1                                                : loaded 3 times (x 66B)
Class kotlin.reflect.KMutableProperty2                                                : loaded 3 times (x 66B)
Class kotlin.reflect.jvm.internal.impl.name.StandardClassIds                          : loaded 3 times (x 67B)
Class [Lkotlin.annotation.AnnotationTarget;                                           : loaded 3 times (x 65B)
Class kotlin.text.StringsKt__StringsKt$rangesDelimitedBy$2                            : loaded 3 times (x 75B)
Class kotlin.coroutines.jvm.internal.CompletedContinuation                            : loaded 3 times (x 71B)
Class kotlin.coroutines.CoroutineContext                                              : loaded 3 times (x 66B)
Class [Lkotlin.coroutines.intrinsics.CoroutineSingletons;                             : loaded 3 times (x 65B)
Class kotlin.coroutines.jvm.internal.DebugProbesKt                                    : loaded 3 times (x 67B)
Class kotlin.text.Regex$Companion                                                     : loaded 3 times (x 67B)
Class kotlin.ranges.IntProgressionIterator                                            : loaded 3 times (x 78B)
Class kotlin.sequences.SequencesKt__SequencesKt$generateSequence$2                    : loaded 3 times (x 75B)
Class kotlin.reflect.KTypeParameter                                                   : loaded 3 times (x 66B)
Class kotlin.sequences.FlatteningSequence                                             : loaded 3 times (x 71B)
Class kotlin.reflect.jvm.internal.RuntimeTypeMapper                                   : loaded 3 times (x 67B)
Class kotlin.Triple                                                                   : loaded 3 times (x 68B)
Class kotlin.io.TextStreamsKt$readLines$1                                             : loaded 2 times (x 75B)
Class com.google.common.io.ByteStreams                                                : loaded 2 times (x 67B)
Class com.google.common.collect.TransformedIterator                                   : loaded 2 times (x 76B)
Class [Lcom.google.common.collect.Maps$EntryFunction;                                 : loaded 2 times (x 65B)
Class com.google.common.collect.Interners$InternerImpl                                : loaded 2 times (x 71B)
Class com.google.common.collect.Interner                                              : loaded 2 times (x 66B)
Class com.google.common.cache.LocalCache$Strength$3                                   : loaded 2 times (x 77B)
Class com.google.common.base.Splitter$1                                               : loaded 2 times (x 73B)
Class androidx.room.solver.CodeGenScope$builder$2                                     : loaded 2 times (x 75B)
Class androidx.room.solver.shortcut.binder.DeleteOrUpdateMethodBinder                 : loaded 2 times (x 69B)
Class androidx.room.solver.query.result.PojoRowAdapter                                : loaded 2 times (x 72B)
Class kotlin.reflect.jvm.internal.KClassImpl$Data$descriptor$2                        : loaded 2 times (x 75B)
Class androidx.room.parser.SQLiteParser$Sql_stmt_listContext                          : loaded 2 times (x 151B)
Class org.sqlite.ExtendedCommand$SQLExtension                                         : loaded 2 times (x 66B)
Class org.sqlite.jdbc4.JDBC4Statement                                                 : loaded 2 times (x 200B)
Class androidx.room.compiler.processing.javac.JavacRawType$typeName$2                 : loaded 2 times (x 75B)
Class androidx.room.jarjarred.kotlinx.metadata.internal.protobuf.CodedOutputStream$OutOfSpaceException: loaded 2 times (x 78B)
Class androidx.room.jarjarred.kotlinx.metadata.internal.metadata.ProtoBuf$ValueParameter$1: loaded 2 times (x 140B)
Class androidx.room.jarjarred.kotlinx.metadata.InconsistentKotlinMetadataException    : loaded 2 times (x 78B)
Class androidx.room.vo.BuiltInConverterFlags$Companion                                : loaded 2 times (x 67B)
Class androidx.room.compiler.processing.javac.JavacAnnotationBox                      : loaded 2 times (x 75B)
Class androidx.room.jarjarred.kotlinx.metadata.KmExtensionType                        : loaded 2 times (x 68B)
Class com.google.common.reflect.Invokable                                             : loaded 2 times (x 99B)
Class com.google.common.collect.MapMaker$Dummy                                        : loaded 2 times (x 75B)
Class org.objectweb.asm.FieldWriter                                                   : loaded 2 times (x 74B)
Class com.google.common.cache.CacheBuilder$NullListener                               : loaded 2 times (x 78B)
Class org.gradle.internal.classpath.TransformedClassPath                              : loaded 2 times (x 92B)
Class org.gradle.internal.classloader.InstrumentingClassLoader                        : loaded 2 times (x 66B)
Class androidx.room.writer.EntityUpdateAdapterWriter$createAnonymous$1$1$pkFieldsCols$1: loaded 2 times (x 74B)
Class androidx.room.ext.Xpoet_extKt$ArrayLiteral$1$placeholders$1                     : loaded 2 times (x 74B)
Class androidx.room.vo.DaoMethod                                                      : loaded 2 times (x 68B)
Class androidx.room.verifier.Jdbc_extKt                                               : loaded 2 times (x 67B)
Class androidx.room.processor.DaoProcessor$process$methods$1                          : loaded 2 times (x 74B)
Class org.sqlite.date.DatePrinter                                                     : loaded 2 times (x 66B)
Class org.sqlite.jdbc3.JDBC3Connection                                                : loaded 2 times (x 219B)
Class androidx.room.jarjarred.kotlinx.metadata.internal.metadata.jvm.JvmProtoBuf$JvmPropertySignatureOrBuilder: loaded 2 times (x 66B)
Class androidx.room.compiler.processing.javac.JavacMethodParameter$kotlinMetadata$2   : loaded 2 times (x 75B)
Class androidx.room.compiler.processing.javac.JavacExecutableType$parameterTypes$2    : loaded 2 times (x 75B)
Class androidx.room.compiler.processing.javac.JavacMethodElement$name$2               : loaded 2 times (x 75B)
Class androidx.room.jarjarred.kotlinx.metadata.internal.metadata.ProtoBuf$Visibility  : loaded 2 times (x 78B)
Class androidx.room.jarjarred.kotlinx.metadata.internal.metadata.ProtoBuf$Contract    : loaded 2 times (x 103B)
Class androidx.room.jarjarred.kotlinx.metadata.internal.protobuf.ByteString           : loaded 2 times (x 104B)
Class androidx.room.jarjarred.kotlinx.metadata.internal.metadata.jvm.JvmProtoBuf      : loaded 2 times (x 67B)
Class androidx.room.jarjarred.kotlinx.metadata.Attributes$isNegated$2                 : loaded 2 times (x 133B)
Class androidx.room.compiler.processing.javac.JavacConstructorElement$executableType$2: loaded 2 times (x 75B)
Class androidx.room.vo.EntityOrView                                                   : loaded 2 times (x 66B)
Class androidx.room.vo.Entity$createTableQuery$2                                      : loaded 2 times (x 75B)
Class androidx.room.compiler.processing.javac.JavacTypeElement                        : loaded 2 times (x 288B)
Class org.sqlite.SQLiteConfig                                                         : loaded 2 times (x 119B)
Class kotlin.reflect.jvm.internal.KPropertyImpl$_javaField$1                          : loaded 2 times (x 75B)
Class org.sqlite.date.FastDateParser$CaseInsensitiveTextStrategy                      : loaded 2 times (x 73B)
Class kotlin.reflect.jvm.internal.KClassImpl$data$1                                   : loaded 2 times (x 75B)
Class androidx.room.jarjarred.org.antlr.v4.runtime.VocabularyImpl                     : loaded 2 times (x 81B)
Class androidx.room.vo.RelationCollector                                              : loaded 2 times (x 68B)
Class com.google.common.reflect.Types$ParameterizedTypeImpl                           : loaded 2 times (x 77B)
Class com.google.common.collect.Maps$IteratorBasedAbstractMap$1                       : loaded 2 times (x 134B)
Class com.google.common.collect.ImmutableListMultimap                                 : loaded 2 times (x 172B)
Class org.apache.commons.io.output.UnsynchronizedByteArrayOutputStream                : loaded 2 times (x 98B)
Class com.google.common.collect.ImmutableRangeSet$AsSet                               : loaded 2 times (x 295B)
Class com.google.common.cache.CacheLoader$FunctionToCacheLoader                       : loaded 2 times (x 71B)
Class androidx.room.vo.FieldWithIndex                                                 : loaded 2 times (x 68B)
Class com.squareup.javapoet.MethodSpec                                                : loaded 2 times (x 68B)
Class com.squareup.javapoet.TypeSpec$Builder                                          : loaded 2 times (x 68B)
Class androidx.room.migration.bundle.PrimaryKeyBundle                                 : loaded 2 times (x 75B)
Class androidx.room.solver.shortcut.result.InsertOrUpsertMethodAdapter$ReturnInfo     : loaded 2 times (x 75B)
Class androidx.room.compiler.processing.KnownTypeNames                                : loaded 2 times (x 67B)
Class kotlin.collections.builders.ListBuilder$Companion                               : loaded 2 times (x 67B)
Class kotlin.collections.builders.ListBuilder                                         : loaded 2 times (x 203B)
Class org.sqlite.date.FastDatePrinter$PaddedNumberField                               : loaded 2 times (x 76B)
Class androidx.room.processor.EntityOrViewProcessor                                   : loaded 2 times (x 66B)
Class androidx.room.compiler.processing.javac.JavacMethodType$typeVariableNames$2     : loaded 2 times (x 75B)
Class androidx.room.jarjarred.kotlinx.metadata.Attributes$hasAnnotations$18           : loaded 2 times (x 133B)
Class androidx.room.compiler.processing.javac.JavacAnnotationBoxKt$ANNOTATION_VALUE_FLOAT_ARR_VISITOR$1: loaded 2 times (x 101B)
Class androidx.room.ext.RoomRxJava3TypeNames                                          : loaded 2 times (x 67B)
Class com.google.auto.common.MoreTypes$PrimitiveTypeVisitor                           : loaded 2 times (x 98B)
Class com.squareup.kotlinpoet.ClassName$Companion                                     : loaded 2 times (x 67B)
Class androidx.room.solver.shortcut.result.InsertOrUpsertMethodAdapter$MethodInfo     : loaded 2 times (x 69B)
Class androidx.room.writer.DaoWriter$companionTypeBuilder$1                           : loaded 2 times (x 75B)
Class androidx.room.parser.ParsedQuery$queryWithReplacedBindParams$2$1                : loaded 2 times (x 74B)
Class com.google.common.cache.LocalCache$Strength$2                                   : loaded 2 times (x 77B)
Class com.google.common.reflect.TypeResolver$TypeVariableKey                          : loaded 2 times (x 68B)
Class com.google.common.collect.EmptyImmutableListMultimap                            : loaded 2 times (x 172B)
Class com.google.common.collect.BaseImmutableMultimap                                 : loaded 2 times (x 119B)
Class org.apache.commons.io.output.ByteArrayOutputStream                              : loaded 2 times (x 98B)
Class com.google.common.base.Joiner                                                   : loaded 2 times (x 75B)
Class com.google.common.base.MoreObjects                                              : loaded 2 times (x 67B)
Class androidx.room.solver.shortcut.result.InsertOrUpsertMethodAdapter$WhenMappings   : loaded 2 times (x 67B)
Class androidx.room.jarjarred.kotlinx.metadata.internal.EnumFlagDelegate              : loaded 2 times (x 68B)
Class androidx.room.jarjarred.kotlinx.metadata.KmFunctionExtensionVisitor             : loaded 2 times (x 66B)
Class com.google.common.util.concurrent.SettableFuture                                : loaded 2 times (x 110B)
Class androidx.room.Relation                                                          : loaded 2 times (x 66B)
Class androidx.room.solver.types.PrimitiveBooleanToIntConverter$create$1              : loaded 2 times (x 71B)
Class androidx.room.compiler.processing.javac.JavacTypeElement$DefaultJavacTypeElement: loaded 2 times (x 288B)
Class org.apache.commons.io.output.QueueOutputStream                                  : loaded 2 times (x 83B)
Class com.google.common.collect.Collections2$FilteredCollection                       : loaded 2 times (x 115B)
Class [Lorg.objectweb.asm.Attribute;                                                  : loaded 2 times (x 65B)
Class [Lorg.objectweb.asm.Type;                                                       : loaded 2 times (x 65B)
Class com.google.common.collect.Platform                                              : loaded 2 times (x 67B)
Class org.gradle.internal.service.ServiceLocator                                      : loaded 2 times (x 66B)
Class androidx.room.writer.DaoWriter$createPreparedQueryMethodBody$1                  : loaded 2 times (x 75B)
Class androidx.room.compiler.codegen.XPropertySpec$Companion$WhenMappings             : loaded 2 times (x 67B)
Class [Landroidx.room.compiler.codegen.VisibilityModifier;                            : loaded 2 times (x 65B)
Class androidx.room.parser.SQLiteParser$Module_argumentContext                        : loaded 2 times (x 149B)
Class androidx.room.parser.SQLiteParser$Result_columnContext                          : loaded 2 times (x 153B)
Class androidx.room.parser.SQLiteParser$Create_index_stmtContext                      : loaded 2 times (x 166B)
Class com.google.common.reflect.Types$ClassOwnership$3                                : loaded 2 times (x 67B)
Class androidx.room.vo.Pojo                                                           : loaded 2 times (x 72B)
Class androidx.room.jarjarred.kotlinx.metadata.jvm.JvmPropertyExtensionVisitor        : loaded 2 times (x 78B)
Class androidx.room.compiler.processing.javac.JavacMethodParameter$name$2             : loaded 2 times (x 75B)
Class androidx.room.jarjarred.kotlinx.metadata.Visibility                             : loaded 2 times (x 75B)
Class androidx.room.jarjarred.kotlinx.metadata.internal.metadata.ProtoBuf$TypeParameterOrBuilder: loaded 2 times (x 66B)
Class androidx.room.processor.Context$CommonTypes$LIST$2                              : loaded 2 times (x 75B)
Class androidx.room.compiler.processing.javac.JavacArrayType$equalityItems$2          : loaded 2 times (x 75B)
Class androidx.room.solver.types.PrimitiveBooleanToIntConverter$create$2              : loaded 2 times (x 71B)
Class androidx.room.compiler.processing.javac.JavacTypeElement$_declaredMethods$2     : loaded 2 times (x 75B)
Class androidx.room.solver.types.TypeConverter$Cost                                   : loaded 2 times (x 71B)
Class androidx.room.solver.binderprovider.GuavaListenableFutureQueryResultBinderProviderKt: loaded 2 times (x 67B)
Class androidx.room.jarjarred.kotlinx.metadata.internal.extensions.MetadataExtensions$Companion$INSTANCES$2: loaded 2 times (x 74B)
Class com.google.common.collect.HashBiMap$BiEntry                                     : loaded 2 times (x 79B)
Class com.google.common.base.Ascii                                                    : loaded 2 times (x 67B)
Class com.google.common.cache.LocalCache$1                                            : loaded 2 times (x 85B)
Class androidx.room.compiler.codegen.XPropertySpec                                    : loaded 2 times (x 66B)
Class androidx.room.parser.Section$Companion                                          : loaded 2 times (x 67B)
Class [Landroidx.room.jarjarred.kotlinx.metadata.internal.protobuf.WireFormat$FieldType;: loaded 2 times (x 65B)
Class androidx.room.parser.SQLiteParser$ParseContext                                  : loaded 2 times (x 152B)
Class androidx.room.jarjarred.org.antlr.v4.runtime.misc.IntegerStack                  : loaded 2 times (x 68B)
Class androidx.room.parser.SqlParser$Companion$parse$1                                : loaded 2 times (x 75B)
Class androidx.room.processor.MethodProcessorDelegate$Companion                       : loaded 2 times (x 67B)
Class org.sqlite.date.FastDatePrinter$TwoDigitNumberField                             : loaded 2 times (x 76B)
Class org.sqlite.SQLiteConfig$DateClass                                               : loaded 2 times (x 78B)
Class androidx.room.jarjarred.kotlinx.metadata.internal.extensions.ExtensionUtilsKt   : loaded 2 times (x 67B)
Class androidx.room.jarjarred.kotlinx.metadata.Attributes                             : loaded 2 times (x 67B)
Class androidx.room.jarjarred.kotlinx.metadata.Attributes$hasAnnotations$14           : loaded 2 times (x 133B)
Class androidx.room.compiler.processing.javac.JavacAnnotationBoxKt$ANNOTATION_VALUE_INT_ARR_VISITOR$1: loaded 2 times (x 101B)
Class androidx.room.solver.binderprovider.LiveDataQueryResultBinderProvider           : loaded 2 times (x 75B)
Class com.squareup.javapoet.CodeWriter$Multiset                                       : loaded 2 times (x 68B)
Class androidx.room.processor.Context$CommonTypes$READONLY_COLLECTION$2               : loaded 2 times (x 75B)
Class androidx.room.processor.cache.Cache                                             : loaded 2 times (x 68B)
Class androidx.room.compiler.processing.javac.JavacTypeElement$packageElement$2       : loaded 2 times (x 75B)
Class androidx.room.compiler.processing.XHasModifiers                                 : loaded 2 times (x 66B)
Class kotlin.reflect.jvm.internal.KClassImpl$Data$qualifiedName$2                     : loaded 2 times (x 75B)
Class androidx.room.processor.EntityProcessor$Companion                               : loaded 2 times (x 67B)
Class androidx.room.processor.PojoProcessor$assignGetter$success$4                    : loaded 2 times (x 75B)
Class androidx.room.compiler.processing.javac.JavacProcessingEnv                      : loaded 2 times (x 111B)
Class kotlin.io.CloseableKt                                                           : loaded 2 times (x 67B)
Class com.google.common.collect.AbstractSetMultimap                                   : loaded 2 times (x 170B)
Class com.google.common.io.ByteSource$ByteArrayByteSource                             : loaded 2 times (x 81B)
Class com.google.common.reflect.TypeToken$SimpleTypeToken                             : loaded 2 times (x 69B)
Class com.google.common.collect.MapMakerInternalMap$AbstractStrongKeyEntry            : loaded 2 times (x 76B)
Class com.google.common.collect.Sets$ImprovedAbstractSet                              : loaded 2 times (x 131B)
Class com.google.common.cache.LocalCache$2                                            : loaded 2 times (x 138B)
Class com.google.common.collect.AbstractMultimap                                      : loaded 2 times (x 119B)
Class settings_5acsaopw6thz70csdwelkwycw$_run_closure1$_closure2                      : loaded 2 times (x 135B)
Class androidx.room.compiler.codegen.XFunSpec$Builder$Companion                       : loaded 2 times (x 67B)
Class androidx.room.solver.shortcut.binder.CallableInsertMethodBinder                 : loaded 2 times (x 69B)
Class androidx.room.vo.WriteQueryMethod                                               : loaded 2 times (x 68B)
Class org.sqlite.date.FastDateParser$ISO8601TimeZoneStrategy                          : loaded 2 times (x 73B)
Class androidx.room.jarjarred.org.antlr.v4.runtime.tree.ParseTreeVisitor              : loaded 2 times (x 66B)
Class androidx.room.jarjarred.org.antlr.v4.runtime.ConsoleErrorListener               : loaded 2 times (x 77B)
Class androidx.room.parser.SqlParser$Companion$parse$2                                : loaded 2 times (x 75B)
Class androidx.room.parser.QueryType$Companion                                        : loaded 2 times (x 67B)
Class androidx.room.compiler.processing.javac.kotlin.KmValueParameterContainer        : loaded 2 times (x 68B)
Class androidx.room.jarjarred.kotlinx.metadata.internal.metadata.ProtoBuf$Annotation  : loaded 2 times (x 105B)
Class androidx.room.parser.SQLiteParser$Foreign_key_clauseContext                     : loaded 2 times (x 184B)
Class androidx.room.solver.shortcut.binderprovider.GuavaListenableFutureUpsertMethodBinderProvider: loaded 2 times (x 72B)
Class androidx.room.solver.binderprovider.DataSourceQueryResultBinderProvider         : loaded 2 times (x 72B)
Class com.squareup.javapoet.CodeWriter                                                : loaded 2 times (x 68B)
Class androidx.room.jarjarred.org.antlr.v4.runtime.atn.SemanticContext$AND            : loaded 2 times (x 71B)
Class androidx.room.solver.query.result.PojoRowAdapter$PojoMapping                    : loaded 2 times (x 69B)
Class androidx.room.compiler.codegen.XTypeSpec                                        : loaded 2 times (x 66B)
Class kotlin.io.TerminateException                                                    : loaded 2 times (x 78B)
Class kotlin.io.FilesKt__FilePathComponentsKt                                         : loaded 2 times (x 67B)
Class com.google.common.collect.ImmutableRangeSet$1                                   : loaded 2 times (x 205B)
Class com.google.common.util.concurrent.AbstractFuture$UnsafeAtomicHelper$1           : loaded 2 times (x 72B)
Class com.squareup.javapoet.TypeSpec$Kind                                             : loaded 2 times (x 75B)
Class androidx.room.parser.ParsedQuery                                                : loaded 2 times (x 68B)
Class androidx.room.jarjarred.org.antlr.v4.runtime.DefaultErrorStrategy               : loaded 2 times (x 101B)
Class androidx.room.jarjarred.org.antlr.v4.runtime.atn.RuleStartState                 : loaded 2 times (x 78B)
Class androidx.room.compiler.processing.javac.JavacFieldElement$enclosingElement$2    : loaded 2 times (x 75B)
Class androidx.room.compiler.processing.XTypeVariableType                             : loaded 2 times (x 66B)
Class androidx.room.compiler.processing.javac.JavacExecutableElement$jvmDescriptor$2  : loaded 2 times (x 75B)
Class [Landroidx.room.jarjarred.kotlinx.metadata.internal.metadata.ProtoBuf$MemberKind;: loaded 2 times (x 65B)
Class androidx.room.jarjarred.kotlinx.metadata.internal.metadata.ProtoBuf$VersionRequirement$VersionKind$1: loaded 2 times (x 70B)
Class androidx.room.jarjarred.kotlinx.metadata.jvm.JvmFunctionExtensionVisitor$Companion: loaded 2 times (x 67B)
Class androidx.room.jarjarred.kotlinx.metadata.internal.metadata.ProtoBuf$Class       : loaded 2 times (x 176B)
Class androidx.room.jarjarred.kotlinx.metadata.internal.metadata.jvm.JvmProtoBuf$JvmPropertySignature: loaded 2 times (x 110B)
Class androidx.room.jarjarred.kotlinx.metadata.internal.protobuf.FieldSet$FieldDescriptorLite: loaded 2 times (x 66B)
Class androidx.room.compiler.processing.DeclarationCollectorKt                        : loaded 2 times (x 67B)
Class androidx.room.compiler.codegen.XFunSpec$Builder                                 : loaded 2 times (x 66B)
Class androidx.room.vo.FieldGetter$WhenMappings                                       : loaded 2 times (x 67B)
Class androidx.room.ext.RoomRxJava2TypeNames                                          : loaded 2 times (x 67B)
Class androidx.room.compiler.processing.XFilerKt                                      : loaded 2 times (x 67B)
Class kotlin.io.LinesSequence$iterator$1                                              : loaded 2 times (x 75B)
Class kotlin.collections.AbstractIterator                                             : loaded 2 times (x 79B)
Class com.google.common.collect.Range                                                 : loaded 2 times (x 83B)
Class com.google.common.util.concurrent.AbstractFuture$Trusted                        : loaded 2 times (x 66B)
Class com.google.common.base.CharMatcher$RangesMatcher                                : loaded 2 times (x 108B)
Class androidx.room.ext.Xpoet_extKt$CallableTypeSpecBuilder$1$2                       : loaded 2 times (x 74B)
Class androidx.room.processor.OnConflictProcessor                                     : loaded 2 times (x 67B)
Class androidx.room.ext.GuavaTypeNames                                                : loaded 2 times (x 67B)
Class androidx.room.parser.expansion.ExpandableSqlParserKt$ancestors$1                : loaded 2 times (x 74B)
Class androidx.room.jarjarred.org.antlr.v4.runtime.tree.AbstractParseTreeVisitor      : loaded 2 times (x 80B)
Class [Landroidx.room.jarjarred.org.antlr.v4.runtime.dfa.DFAState;                    : loaded 2 times (x 65B)
Class androidx.room.parser.SQLiteParser$Delete_stmtContext                            : loaded 2 times (x 153B)
Class [Landroidx.room.jarjarred.org.antlr.v4.runtime.atn.LexerAction;                 : loaded 2 times (x 65B)
Class androidx.room.vo.Constructor                                                    : loaded 2 times (x 68B)
Class androidx.room.migration.bundle.DatabaseBundle$FtsEntityCreateComparator         : loaded 2 times (x 85B)
Class androidx.room.jarjarred.kotlinx.metadata.ClassKind                              : loaded 2 times (x 75B)
Class com.google.common.cache.LocalCache$Strength$1                                   : loaded 2 times (x 77B)
Class androidx.room.jarjarred.kotlinx.metadata.KmValueParameter                       : loaded 2 times (x 73B)
Class androidx.room.jarjarred.kotlinx.metadata.internal.protobuf.ExtensionRegistryLite: loaded 2 times (x 70B)
Class androidx.room.ext.RoomPagingRx3TypeNames                                        : loaded 2 times (x 67B)
Class org.objectweb.asm.ModuleVisitor                                                 : loaded 2 times (x 77B)
Class androidx.room.solver.types.PrimitiveBooleanToIntConverter                       : loaded 2 times (x 67B)
Class androidx.room.processor.Context$CommonTypes$SET$2                               : loaded 2 times (x 75B)
Class com.google.common.io.ByteSink$AsCharSink                                        : loaded 2 times (x 76B)
Class com.google.common.util.concurrent.UncheckedExecutionException                   : loaded 2 times (x 78B)
Class androidx.room.writer.EntityDeletionAdapterWriter                                : loaded 2 times (x 68B)
Class androidx.room.ext.Xpoet_extKt$CallableTypeSpecBuilder$1$3                       : loaded 2 times (x 74B)
Class androidx.room.parser.Section$NewLine                                            : loaded 2 times (x 68B)
Class androidx.room.vo.QueryParameter                                                 : loaded 2 times (x 68B)
Class androidx.room.Transaction                                                       : loaded 2 times (x 66B)
Class androidx.room.log.RLog$CollectingMessager$writeTo$1                             : loaded 2 times (x 74B)
Class androidx.room.parser.SQLiteParser$Limit_clauseContext                           : loaded 2 times (x 152B)
Class androidx.room.jarjarred.org.antlr.v4.runtime.NoViableAltException               : loaded 2 times (x 87B)
Class androidx.room.jarjarred.org.antlr.v4.runtime.atn.TokensStartState               : loaded 2 times (x 78B)
Class androidx.room.jarjarred.org.antlr.v4.runtime.atn.ATNSimulator                   : loaded 2 times (x 72B)
Class androidx.room.vo.PrimaryKey$Companion                                           : loaded 2 times (x 67B)
Class androidx.room.jarjarred.kotlinx.metadata.internal.protobuf.UninitializedMessageException: loaded 2 times (x 80B)
Class androidx.room.jarjarred.kotlinx.metadata.internal.protobuf.CodedOutputStream$ByteBufferOutputStream: loaded 2 times (x 82B)
Class androidx.room.solver.shortcut.binderprovider.InstantDeleteOrUpdateMethodBinderProvider: loaded 2 times (x 72B)
Class androidx.room.solver.binderprovider.ListenableFuturePagingSourceQueryResultBinderProviderKt: loaded 2 times (x 67B)
Class androidx.room.solver.binderprovider.RxQueryResultBinderProvider                 : loaded 2 times (x 75B)
Class androidx.room.processor.ProcessorErrors$CANNOT_USE_MORE_THAN_ONE_POJO_FIELD_ANNOTATION$1: loaded 2 times (x 74B)
Class androidx.room.solver.types.StringColumnTypeAdapter                              : loaded 2 times (x 81B)
Class kotlin.reflect.jvm.internal.KClassImpl$Data$declaredMembers$2                   : loaded 2 times (x 75B)
Class kotlin.io.FileTreeWalk$FileTreeWalkIterator$WhenMappings                        : loaded 2 times (x 67B)
Class com.google.common.collect.ImmutableSortedSetFauxverideShim                      : loaded 2 times (x 143B)
Class com.google.common.base.CharMatcher$JavaLetterOrDigit                            : loaded 2 times (x 107B)
Class org.gradle.internal.InternalTransformer                                         : loaded 2 times (x 66B)
Class androidx.room.compiler.codegen.XFunSpec$Companion$WhenMappings                  : loaded 2 times (x 67B)
Class androidx.room.compiler.codegen.java.JavaCodeBlock$Builder                       : loaded 2 times (x 84B)
Class androidx.room.compiler.codegen.XTypeSpec$Companion                              : loaded 2 times (x 67B)
Class androidx.room.vo.SchemaIdentityKey$Companion                                    : loaded 2 times (x 67B)
Class androidx.room.solver.query.result.QueryResultBinder                             : loaded 2 times (x 69B)
Class androidx.room.parser.Table                                                      : loaded 2 times (x 68B)
Class androidx.room.jarjarred.org.antlr.v4.runtime.TokenFactory                       : loaded 2 times (x 66B)
Class androidx.room.jarjarred.org.antlr.v4.runtime.Recognizer$1                       : loaded 2 times (x 202B)
Class org.sqlite.SQLiteConfig$HexKeyMode                                              : loaded 2 times (x 78B)
Class androidx.room.solver.types.CompositeTypeConverter                               : loaded 2 times (x 70B)
Class [Landroidx.room.ForeignKey;                                                     : loaded 2 times (x 65B)
Class com.google.common.collect.Sets$4                                                : loaded 2 times (x 135B)
Class androidx.room.jarjarred.kotlinx.metadata.internal.metadata.jvm.deserialization.JvmMemberSignature$Method: loaded 2 times (x 71B)
Class androidx.room.jarjarred.kotlinx.metadata.internal.metadata.jvm.JvmProtoBuf$StringTableTypes$Record$Operation$1: loaded 2 times (x 70B)
Class androidx.room.jarjarred.kotlinx.metadata.internal.metadata.jvm.JvmProtoBuf$StringTableTypes$1: loaded 2 times (x 140B)
Class androidx.room.jarjarred.kotlinx.metadata.internal.metadata.ProtoBuf$Constructor$1: loaded 2 times (x 140B)
Class androidx.room.jarjarred.kotlinx.metadata.jvm.internal.JvmExceptionUtilsKt       : loaded 2 times (x 67B)
Class androidx.room.jarjarred.kotlinx.metadata.KmClassVisitor                         : loaded 2 times (x 88B)
Class kotlin.collections.builders.SetBuilder$Companion                                : loaded 2 times (x 67B)
Class androidx.room.compiler.processing.javac.ElementExtKt                            : loaded 2 times (x 67B)
Class [Landroidx.room.compiler.processing.XNullability;                               : loaded 2 times (x 65B)
Class com.squareup.kotlinpoet.Annotatable                                             : loaded 2 times (x 66B)
Class com.google.common.collect.MapMakerInternalMap$StrongValueEntry                  : loaded 2 times (x 66B)
Class com.google.common.reflect.TypeResolver                                          : loaded 2 times (x 68B)
Class androidx.room.processor.Context$Companion                                       : loaded 2 times (x 67B)
Class com.google.common.reflect.Types$ClassOwnership$2                                : loaded 2 times (x 76B)
Class com.google.common.collect.ImmutableBiMap$Builder                                : loaded 2 times (x 78B)
Class com.google.common.collect.AbstractMapBasedMultimap$KeySet$1                     : loaded 2 times (x 78B)
Class org.objectweb.asm.ClassWriter                                                   : loaded 2 times (x 102B)
Class com.google.common.cache.CacheLoader$UnsupportedLoadingOperationException        : loaded 2 times (x 78B)
Class com.google.common.base.CharMatcher$And                                          : loaded 2 times (x 108B)
Class org.gradle.internal.classloader.ClasspathUtil$1                                 : loaded 2 times (x 72B)
Class com.squareup.javapoet.JavaFile$Builder                                          : loaded 2 times (x 68B)
Class androidx.room.solver.CodeGenScope$Companion                                     : loaded 2 times (x 67B)
Class androidx.room.processor.UpdateMethodProcessor$process$1                         : loaded 2 times (x 75B)
Class androidx.room.parser.SQLiteParser$Drop_index_stmtContext                        : loaded 2 times (x 154B)
Class androidx.room.jarjarred.org.antlr.v4.runtime.tree.Tree                          : loaded 2 times (x 66B)
Class androidx.room.jarjarred.org.antlr.v4.runtime.BufferedTokenStream                : loaded 2 times (x 122B)
Class [Landroidx.room.jarjarred.org.antlr.v4.runtime.atn.RuleStopState;               : loaded 2 times (x 65B)
Class kotlin.jvm.JvmName                                                              : loaded 2 times (x 66B)
Class com.google.common.io.ByteArrayDataInput                                         : loaded 2 times (x 66B)
Class androidx.room.solver.TypeConverterStore$Companion                               : loaded 2 times (x 67B)
Class androidx.room.compiler.processing.javac.JavacAnnotationBoxKt$ANNOTATION_VALUE_STRING_ARR_VISITOR$1: loaded 2 times (x 101B)
Class androidx.room.compiler.processing.javac.JavacAnnotationBoxKt$TO_LIST_OF_TYPES$1 : loaded 2 times (x 101B)
Class [Landroidx.room.solver.prepared.binderprovider.PreparedQueryResultBinderProvider;: loaded 2 times (x 65B)
Class androidx.room.ColumnInfo                                                        : loaded 2 times (x 66B)
Class androidx.room.compiler.processing.XAnnotated                                    : loaded 2 times (x 66B)
Class androidx.room.jarjarred.kotlinx.metadata.internal.metadata.deserialization.Flags$EnumLiteFlagField: loaded 2 times (x 72B)
Class kotlin.reflect.jvm.internal.KCallableImpl$_absentArguments$1                    : loaded 2 times (x 75B)
Class androidx.room.util.SimpleJavaVersion$compareTo$$inlined$compareBy$1             : loaded 2 times (x 85B)
Class [Landroidx.room.compiler.processing.XProcessingEnv$Backend;                     : loaded 2 times (x 65B)
Class com.google.common.collect.FluentIterable$1                                      : loaded 2 times (x 77B)
Class com.google.common.base.Objects                                                  : loaded 2 times (x 67B)
Class org.objectweb.asm.FieldVisitor                                                  : loaded 2 times (x 73B)
Class org.gradle.api.internal.classpath.DefaultModuleRegistry$DefaultModule           : loaded 2 times (x 82B)
Class androidx.room.writer.DaoWriter$PreparedStatementProperty                        : loaded 2 times (x 71B)
Class androidx.room.writer.DaoWriter$PreparedStmtQuery$Companion                      : loaded 2 times (x 67B)
Class org.apache.commons.codec.EncoderException                                       : loaded 2 times (x 78B)
Class androidx.room.solver.shortcut.result.InsertOrUpsertMethodAdapter$InsertMethodInfo: loaded 2 times (x 69B)
Class org.sqlite.core.SafeStmtPtr$SafePtrFunction                                     : loaded 2 times (x 66B)
Class androidx.room.jarjarred.org.antlr.v4.runtime.atn.LexerIndexedCustomAction       : loaded 2 times (x 73B)
Class [Landroidx.room.jarjarred.org.antlr.v4.runtime.atn.PredictionMode;              : loaded 2 times (x 65B)
Class androidx.room.parser.SQLiteParser$Order_clauseContext                           : loaded 2 times (x 153B)
Class androidx.room.parser.SQLiteParser$Indexed_columnContext                         : loaded 2 times (x 153B)
Class androidx.room.jarjarred.org.antlr.v4.runtime.CodePointBuffer                    : loaded 2 times (x 77B)
Class org.sqlite.date.FastDatePrinter$TwoDigitMonthField                              : loaded 2 times (x 76B)
Class org.sqlite.util.ProcessRunner                                                   : loaded 2 times (x 69B)
Class androidx.room.compiler.processing.javac.JavacExecutableElement$thrownTypes$2    : loaded 2 times (x 75B)
Class [Landroidx.room.jarjarred.kotlinx.metadata.ClassKind;                           : loaded 2 times (x 65B)
Class androidx.room.jarjarred.kotlinx.metadata.internal.metadata.ProtoBuf$Expression$ConstantValue: loaded 2 times (x 78B)
Class androidx.room.jarjarred.kotlinx.metadata.internal.metadata.ProtoBuf$Type$Argument$Projection$1: loaded 2 times (x 70B)
Class androidx.room.jarjarred.kotlinx.metadata.internal.extensions.KmClassExtension   : loaded 2 times (x 66B)
Class androidx.room.compiler.processing.DeclarationCollectorKt$collectFieldsIncludingPrivateSupers$1: loaded 2 times (x 91B)
Class androidx.room.processor.PojoProcessor$assignGetter$success$3                    : loaded 2 times (x 75B)
Class androidx.room.compiler.processing.javac.JavacAnnotationBoxKt$ANNOTATION_VALUE_LONG_ARR_VISITOR$1: loaded 2 times (x 101B)
Class org.sqlite.core.SafeStmtPtr$SafePtrIntFunction                                  : loaded 2 times (x 66B)
Class androidx.room.solver.shortcut.binderprovider.GuavaListenableFutureInsertMethodBinderProvider: loaded 2 times (x 72B)
Class androidx.room.solver.shortcut.binderprovider.InsertOrUpsertMethodBinderProvider : loaded 2 times (x 66B)
Class com.google.auto.common.Overrides                                                : loaded 2 times (x 68B)
Class androidx.room.compiler.processing.javac.JavacTypeElement$superInterfaces$2      : loaded 2 times (x 75B)
Class androidx.room.compiler.processing.javac.JavacTypeElement$JavacEnumTypeElement   : loaded 2 times (x 337B)
Class com.google.common.reflect.Reflection                                            : loaded 2 times (x 67B)
Class com.google.common.collect.FluentIterable$2                                      : loaded 2 times (x 77B)
Class com.google.common.primitives.Ints                                               : loaded 2 times (x 67B)
Class com.squareup.javapoet.MethodSpec$Builder                                        : loaded 2 times (x 68B)
Class androidx.room.processor.QueryRewriter                                           : loaded 2 times (x 66B)
Class androidx.room.jarjarred.org.antlr.v4.runtime.LexerNoViableAltException          : loaded 2 times (x 89B)
Class org.sqlite.core.CorePreparedStatement                                           : loaded 2 times (x 202B)
Class androidx.room.parser.SQLiteParser$Foreign_tableContext                          : loaded 2 times (x 148B)
Class androidx.room.parser.SQLiteParser$Savepoint_nameContext                         : loaded 2 times (x 148B)
Class androidx.room.jarjarred.org.antlr.v4.runtime.CommonTokenFactory                 : loaded 2 times (x 75B)
Class androidx.room.jarjarred.org.antlr.v4.runtime.misc.Pair                          : loaded 2 times (x 68B)
Class [Lorg.sqlite.SQLiteConfig$DateClass;                                            : loaded 2 times (x 65B)
Class androidx.room.vo.Pojo$className$2                                               : loaded 2 times (x 75B)
Class androidx.room.processor.cache.Cache$FullKey                                     : loaded 2 times (x 68B)
Class androidx.room.compiler.processing.javac.JavacMethodParameter$jvmName$2          : loaded 2 times (x 75B)
Class androidx.room.compiler.processing.XPackageElement                               : loaded 2 times (x 66B)
Class androidx.room.MapInfo                                                           : loaded 2 times (x 66B)
Class androidx.room.solver.query.parameter.BasicQueryParameterAdapter                 : loaded 2 times (x 70B)
Class androidx.room.ext.RoomPagingRx2TypeNames                                        : loaded 2 times (x 67B)
Class androidx.room.ext.CommonTypeNames                                               : loaded 2 times (x 67B)
Class androidx.room.processor.Context$CommonTypes$STRING$2                            : loaded 2 times (x 75B)
Class androidx.room.compiler.processing.XTypeElement                                  : loaded 2 times (x 66B)
Class kotlin.reflect.jvm.internal.KClassImpl$Data$inheritedStaticMembers$2            : loaded 2 times (x 75B)
Class androidx.room.compiler.codegen.XPropertySpec$Companion                          : loaded 2 times (x 67B)
Class org.gradle.internal.service.UnknownServiceException                             : loaded 2 times (x 79B)
Class com.google.common.collect.FluentIterable$3                                      : loaded 2 times (x 77B)
Class com.google.common.math.MathPreconditions                                        : loaded 2 times (x 67B)
Class com.google.common.collect.Multiset                                              : loaded 2 times (x 66B)
Class com.google.common.collect.ArrayListMultimapGwtSerializationDependencies         : loaded 2 times (x 168B)
Class com.google.common.collect.ObjectArrays                                          : loaded 2 times (x 67B)
Class androidx.room.parser.SQLiteParser$Binary_operatorContext                        : loaded 2 times (x 167B)
Class androidx.room.vo.FtsEntity                                                      : loaded 2 times (x 83B)
Class androidx.room.compiler.processing.javac.JavacPackageElement$qualifiedName$2     : loaded 2 times (x 75B)
Class androidx.room.jarjarred.kotlinx.metadata.internal.metadata.ProtoBuf$MemberKind$1: loaded 2 times (x 70B)
Class androidx.room.jarjarred.kotlinx.metadata.Flag                                   : loaded 2 times (x 68B)
Class androidx.room.jarjarred.kotlinx.metadata.internal.extensions.KmTypeExtension    : loaded 2 times (x 66B)
Class androidx.room.jarjarred.kotlinx.metadata.KmClass                                : loaded 2 times (x 94B)
Class com.google.common.base.AbstractIterator$State                                   : loaded 2 times (x 75B)
Class com.squareup.kotlinpoet.Dynamic                                                 : loaded 2 times (x 82B)
Class com.squareup.javapoet.ParameterizedTypeName                                     : loaded 2 times (x 77B)
Class androidx.room.compiler.processing.javac.JavacTypeElement$className$2            : loaded 2 times (x 75B)
Class com.google.common.cache.LocalCache$LocalLoadingCache                            : loaded 2 times (x 130B)
Class com.google.common.util.concurrent.AbstractFuture$SafeAtomicHelper               : loaded 2 times (x 75B)
Class com.google.common.collect.Sets$3                                                : loaded 2 times (x 135B)
Class androidx.room.compiler.processing.XProcessingEnvConfig$Builder                  : loaded 2 times (x 68B)
Class com.google.common.collect.MapMakerInternalMap$Strength$2                        : loaded 2 times (x 76B)
Class org.apache.commons.io.output.NullOutputStream                                   : loaded 2 times (x 81B)
Class org.gradle.api.internal.classpath.Module                                        : loaded 2 times (x 66B)
Class com.squareup.javapoet.AnnotationSpec$Builder                                    : loaded 2 times (x 68B)
Class androidx.room.vo.DeletionMethod                                                 : loaded 2 times (x 68B)
Class androidx.room.processor.DaoProcessor$process$kotlinDefaultMethodDelegates$allProcessedMethods$1: loaded 2 times (x 74B)
Class androidx.room.parser.SQLiteParser$Sql_stmtContext                               : loaded 2 times (x 177B)
Class [Lorg.sqlite.date.FastDatePrinter$Rule;                                         : loaded 2 times (x 65B)
Class androidx.room.SkipQueryVerification                                             : loaded 2 times (x 66B)
Class [Landroidx.room.jarjarred.kotlinx.metadata.internal.metadata.ProtoBuf$Visibility;: loaded 2 times (x 65B)
Class androidx.room.jarjarred.kotlinx.metadata.internal.ReadersKt$WhenMappings        : loaded 2 times (x 67B)
Class androidx.room.jarjarred.kotlinx.metadata.internal.metadata.jvm.JvmProtoBuf$StringTableTypes$Record$1: loaded 2 times (x 140B)
Class androidx.room.jarjarred.kotlinx.metadata.internal.protobuf.MessageLite          : loaded 2 times (x 66B)
Class androidx.room.processor.Context$codeLanguage$2                                  : loaded 2 times (x 75B)
Class androidx.room.compiler.processing.javac.JavacTypeElement$typeParameters$2       : loaded 2 times (x 75B)
Class androidx.room.compiler.processing.XParameterizable                              : loaded 2 times (x 66B)
Class [Lorg.objectweb.asm.AnnotationVisitor;                                          : loaded 2 times (x 65B)
Class com.google.common.reflect.Types$ClassOwnership$1                                : loaded 2 times (x 76B)
Class [Landroidx.room.parser.SQLTypeAffinity;                                         : loaded 2 times (x 65B)
Class kotlin.io.FileAlreadyExistsException                                            : loaded 2 times (x 78B)
Class com.google.common.cache.Weigher                                                 : loaded 2 times (x 66B)
Class org.gradle.api.internal.classpath.UnknownModuleException                        : loaded 2 times (x 78B)
Class androidx.room.migration.bundle.DatabaseBundle                                   : loaded 2 times (x 79B)
Class androidx.room.vo.ShortcutEntity$primaryKey$2                                    : loaded 2 times (x 75B)
Class androidx.room.parser.SQLiteParser$Column_defContext                             : loaded 2 times (x 151B)
Class androidx.room.jarjarred.org.antlr.v4.runtime.atn.ParserATNSimulator             : loaded 2 times (x 113B)
Class androidx.room.processor.FieldProcessorKt                                        : loaded 2 times (x 67B)
Class androidx.room.ext.String_extKt                                                  : loaded 2 times (x 67B)
Class androidx.room.vo.Constructor$Param$FieldParam                                   : loaded 2 times (x 69B)
Class androidx.room.processor.PojoProcessor$doProcess$allFields$1                     : loaded 2 times (x 74B)
Class androidx.room.compiler.processing.XExecutableParameterElement                   : loaded 2 times (x 66B)
Class androidx.room.jarjarred.kotlinx.metadata.KmFunctionVisitor                      : loaded 2 times (x 77B)
Class androidx.room.jarjarred.kotlinx.metadata.jvm.internal.JvmTypeExtension          : loaded 2 times (x 82B)
Class androidx.room.jarjarred.kotlinx.metadata.internal.metadata.ProtoBuf$VersionRequirementTableOrBuilder: loaded 2 times (x 66B)
Class androidx.room.jarjarred.kotlinx.metadata.internal.metadata.jvm.JvmProtoBuf$JvmMethodSignature$1: loaded 2 times (x 140B)
Class androidx.room.compiler.processing.util.MemoizedSequence$CachedIterator          : loaded 2 times (x 75B)
Class androidx.room.compiler.processing.javac.JavacAnnotationBoxKt$ANNOTATION_VALUE_TO_BYTE_VISITOR$1: loaded 2 times (x 101B)
Class androidx.room.solver.shortcut.binderprovider.RxCallableInsertMethodBinderProvider$Companion: loaded 2 times (x 67B)
Class androidx.room.processor.ProcessorErrors                                         : loaded 2 times (x 67B)
Class com.google.common.base.Stopwatch                                                : loaded 2 times (x 68B)
Class com.google.common.cache.LocalCache$Strength                                     : loaded 2 times (x 77B)
Class com.google.common.cache.Cache                                                   : loaded 2 times (x 66B)
Class androidx.room.writer.DatabaseWriter$addDaoImpls$1$privateDaoProperty$2          : loaded 2 times (x 74B)
Class androidx.room.writer.TypeWriter$addSuppressWarnings$1                           : loaded 2 times (x 74B)
Class androidx.room.compiler.codegen.XTypeSpec$Builder                                : loaded 2 times (x 66B)
Class com.squareup.kotlinpoet.ParameterizedTypeName$Companion                         : loaded 2 times (x 67B)
Class androidx.room.parser.SQLiteParser$Pragma_stmtContext                            : loaded 2 times (x 155B)
Class androidx.room.jarjarred.org.antlr.v4.runtime.dfa.LexerDFASerializer             : loaded 2 times (x 70B)
Class androidx.room.processor.SuspendMethodProcessorDelegate                          : loaded 2 times (x 76B)
Class org.sqlite.util.LibraryLoaderUtil                                               : loaded 2 times (x 67B)
Class androidx.room.vo.Pojo$typeName$2                                                : loaded 2 times (x 75B)
Class androidx.room.compiler.processing.XRawType                                      : loaded 2 times (x 66B)
Class androidx.room.jarjarred.kotlinx.metadata.internal.FlagDelegatesImplKt$constructorBooleanFlag$1: loaded 2 times (x 133B)
Class androidx.room.jarjarred.kotlinx.metadata.internal.metadata.ProtoBuf$Modality$1  : loaded 2 times (x 70B)
Class androidx.room.jarjarred.kotlinx.metadata.internal.metadata.jvm.deserialization.JvmNameResolverKt: loaded 2 times (x 67B)
Class androidx.room.compiler.processing.javac.JavacAnnotationBoxKt$ANNOTATION_VALUE_TO_LONG_VISITOR$1: loaded 2 times (x 101B)
Class androidx.room.jarjarred.kotlinx.metadata.internal.metadata.jvm.deserialization.UtfEncodingKt: loaded 2 times (x 67B)
Class androidx.room.jarjarred.kotlinx.metadata.internal.protobuf.AbstractParser       : loaded 2 times (x 140B)
Class androidx.room.jarjarred.kotlinx.metadata.KmDeclarationContainerVisitor          : loaded 2 times (x 73B)
Class androidx.room.jarjarred.kotlinx.metadata.internal.protobuf.Internal$EnumLite    : loaded 2 times (x 66B)
Class androidx.room.solver.types.CursorValueReader                                    : loaded 2 times (x 66B)
Class kotlin.reflect.jvm.internal.KClassImpl$Data$nestedClasses$2                     : loaded 2 times (x 75B)
Class androidx.room.compiler.processing.XFiler                                        : loaded 2 times (x 66B)
Class build_9f8ztoy626e1nbu9wt71e20xw$_run_closure1                                   : loaded 2 times (x 136B)
Class com.google.common.io.Files$2                                                    : loaded 2 times (x 72B)
Class com.google.common.io.AppendableWriter                                           : loaded 2 times (x 96B)
Class com.google.common.util.concurrent.AbstractFuture$Cancellation                   : loaded 2 times (x 68B)
Class com.google.common.base.NullnessCasts                                            : loaded 2 times (x 67B)
Class androidx.room.writer.DatabaseWriter$addDaoImpls$1$privateDaoProperty$3          : loaded 2 times (x 74B)
Class androidx.room.writer.DatabaseWriter$createCreateInvalidationTracker$body$1$tableNames$1: loaded 2 times (x 74B)
Class androidx.room.writer.TypeWriter$addSuppressWarnings$2                           : loaded 2 times (x 74B)
Class androidx.room.solver.types.PrimitiveBooleanToIntConverter$create$1$WhenMappings : loaded 2 times (x 67B)
Class androidx.room.processor.DeletionMethodProcessor                                 : loaded 2 times (x 68B)
Class androidx.room.verifier.Jdbc_extKt$columnInfo$1                                  : loaded 2 times (x 75B)
Class androidx.room.jarjarred.org.antlr.v4.runtime.atn.LoopEndState                   : loaded 2 times (x 78B)
Class androidx.room.jarjarred.org.antlr.v4.runtime.atn.PredicateTransition            : loaded 2 times (x 72B)
Class androidx.room.jarjarred.org.antlr.v4.runtime.atn.BlockStartState                : loaded 2 times (x 79B)
Class [Landroidx.room.parser.QueryType;                                               : loaded 2 times (x 65B)
Class androidx.room.compiler.processing.XTypeElement$getAllNonPrivateInstanceMethods$1: loaded 2 times (x 74B)
Class androidx.room.compiler.processing.javac.JavacMethodElement$kotlinMetadata$2     : loaded 2 times (x 75B)
Class androidx.room.jarjarred.kotlinx.metadata.internal.metadata.deserialization.Flags$BooleanFlagField: loaded 2 times (x 72B)
Class androidx.room.jarjarred.kotlinx.metadata.internal.metadata.ProtoBuf$Effect$InvocationKind: loaded 2 times (x 78B)
Class androidx.room.jarjarred.kotlinx.metadata.internal.metadata.ProtoBuf$VersionRequirement$VersionKind: loaded 2 times (x 78B)
Class androidx.room.compiler.processing.javac.JavacAnnotationBoxKt$ANNOTATION_VALUE_TO_BOOLEAN_VISITOR$1: loaded 2 times (x 101B)
Class androidx.room.jarjarred.kotlinx.metadata.internal.metadata.jvm.JvmProtoBuf$StringTableTypes$RecordOrBuilder: loaded 2 times (x 66B)
Class androidx.room.processor.SuppressWarningProcessor                                : loaded 2 times (x 67B)
Class androidx.room.solver.binderprovider.QueryResultBinderProviderWithRequiredArtifact: loaded 2 times (x 72B)
Class androidx.room.compiler.processing.CommonProcessorDelegate$processRound$currentElementsDeferredByStep$1$stepDeferredElementsByAnnotation$1: loaded 2 times (x 74B)
Class [Landroidx.room.jarjarred.kotlinx.metadata.internal.metadata.ProtoBuf$Effect$InvocationKind;: loaded 2 times (x 65B)
Class androidx.room.compiler.processing.javac.JavacMethodElement$parameters$2         : loaded 2 times (x 75B)
Class kotlin.reflect.jvm.internal.KClassImpl$Data$annotations$2                       : loaded 2 times (x 75B)
Class androidx.room.processor.PojoProcessor$assignGetter$success$2                    : loaded 2 times (x 75B)
Class androidx.room.jarjarred.org.antlr.v4.runtime.ANTLRErrorListener                 : loaded 2 times (x 66B)
Class com.google.common.collect.AbstractMapBasedMultimap$WrappedCollection$WrappedIterator: loaded 2 times (x 80B)
Class com.google.common.collect.Maps$EntryFunction$1                                  : loaded 2 times (x 87B)
Class com.google.common.cache.RemovalListener                                         : loaded 2 times (x 66B)
Class org.gradle.api.internal.DefaultClassPathRegistry                                : loaded 2 times (x 72B)
Class com.squareup.javapoet.CodeBlock$Builder                                         : loaded 2 times (x 68B)
Class androidx.room.solver.prepared.binder.CallablePreparedQueryResultBinder$Companion: loaded 2 times (x 67B)
Class androidx.room.solver.query.result.ListQueryResultAdapter                        : loaded 2 times (x 69B)
Class androidx.room.parser.expansion.ExpandableSqlParserKt                            : loaded 2 times (x 67B)
Class androidx.room.parser.SQLiteParser$View_nameContext                              : loaded 2 times (x 148B)
Class androidx.room.jarjarred.org.antlr.v4.runtime.atn.WildcardTransition             : loaded 2 times (x 72B)
Class org.sqlite.core.SafeStmtPtr                                                     : loaded 2 times (x 75B)
Class org.sqlite.date.FastDatePrinter$CharacterLiteral                                : loaded 2 times (x 73B)
Class androidx.room.compiler.processing.javac.AnnotationListVisitor                   : loaded 2 times (x 101B)
Class androidx.room.compiler.processing.javac.JavacMethodParameter                    : loaded 2 times (x 221B)
Class com.google.auto.common.Visibility                                               : loaded 2 times (x 75B)
Class androidx.room.jarjarred.kotlinx.metadata.Flag$Common                            : loaded 2 times (x 67B)
Class androidx.room.compiler.processing.javac.JavacAnnotationBoxKt$TO_TYPE$1          : loaded 2 times (x 101B)
Class androidx.room.solver.binderprovider.MultiTypedPagingSourceQueryResultBinderProvider: loaded 2 times (x 72B)
Class androidx.room.solver.binderprovider.DataSourceFactoryQueryResultBinderProvider$dataSourceFactoryType$2: loaded 2 times (x 75B)
Class androidx.room.parser.SQLiteParser$ErrorContext                                  : loaded 2 times (x 148B)
Class org.apache.commons.codec.DecoderException                                       : loaded 2 times (x 78B)
Class androidx.room.compiler.processing.javac.JavacTypeElement$allMethods$1           : loaded 2 times (x 75B)
Class androidx.room.solver.types.CustomTypeConverterWrapper$typeConverter$propertySpec$1: loaded 2 times (x 71B)
Class com.squareup.javapoet.LineWrapper$1                                             : loaded 2 times (x 67B)
Class org.gradle.api.internal.ClassPathProvider                                       : loaded 2 times (x 66B)
Class [Lorg.gradle.api.internal.ClassPathProvider;                                    : loaded 2 times (x 65B)
Class com.google.common.collect.Sets$2                                                : loaded 2 times (x 135B)
Class com.google.common.reflect.Invokable$ConstructorInvokable                        : loaded 2 times (x 103B)
Class com.google.common.collect.Maps$EntryFunction$2                                  : loaded 2 times (x 87B)
Class com.google.common.collect.ImmutableMultimap$Keys                                : loaded 2 times (x 162B)
Class com.google.common.primitives.IntsMethodsForWeb                                  : loaded 2 times (x 67B)
Class org.gradle.api.internal.ClassPathRegistry                                       : loaded 2 times (x 66B)
Class org.gradle.internal.classpath.DefaultClassPath$ImmutableUniqueList              : loaded 2 times (x 195B)
Class androidx.room.compiler.processing.XElementKt                                    : loaded 2 times (x 67B)
Class androidx.room.migration.bundle.EntityBundle                                     : loaded 2 times (x 85B)
Class androidx.room.processor.DefaultMethodProcessorDelegate                          : loaded 2 times (x 76B)
Class androidx.room.solver.query.result.IndexAdapter                                  : loaded 2 times (x 66B)
Class androidx.room.solver.query.result.RowAdapter                                    : loaded 2 times (x 71B)
Class androidx.room.parser.SQLiteParser$Commit_stmtContext                            : loaded 2 times (x 151B)
Class androidx.room.parser.SQLiteParser$Table_nameContext                             : loaded 2 times (x 148B)
Class androidx.room.jarjarred.org.antlr.v4.runtime.misc.IntervalSet                   : loaded 2 times (x 117B)
Class androidx.room.jarjarred.org.antlr.v4.runtime.atn.AbstractPredicateTransition    : loaded 2 times (x 72B)
Class org.sqlite.SQLiteConfig$PragmaValue                                             : loaded 2 times (x 66B)
Class org.sqlite.core.Codes                                                           : loaded 2 times (x 66B)
Class androidx.room.jarjarred.kotlinx.metadata.jvm.JvmTypeParameterExtensionVisitor$Companion: loaded 2 times (x 67B)
Class [Landroidx.room.jarjarred.kotlinx.metadata.internal.metadata.ProtoBuf$Modality; : loaded 2 times (x 65B)
Class [Landroidx.room.solver.shortcut.binderprovider.RxCallableUpsertMethodBinderProvider;: loaded 2 times (x 65B)
Class com.google.common.collect.Maps$ViewCachingAbstractMap                           : loaded 2 times (x 121B)
Class com.google.common.collect.MapMakerInternalMap$Strength$1                        : loaded 2 times (x 76B)
Class [Lcom.google.common.base.Function;                                              : loaded 2 times (x 65B)
Class kotlin.reflect.jvm.internal.KClassImpl$Data$declaredNonStaticMembers$2          : loaded 2 times (x 75B)
Class androidx.room.RoomProcessor$1                                                   : loaded 2 times (x 74B)
Class kotlin.reflect.jvm.internal.impl.builtins.PrimitiveType$arrayTypeFqName$2       : loaded 2 times (x 75B)
Class kotlin.jvm.internal.TypeIntrinsics                                              : loaded 2 times (x 67B)
Class com.google.common.reflect.TypeToken                                             : loaded 2 times (x 69B)
Class com.google.common.collect.NullnessCasts                                         : loaded 2 times (x 67B)
Class com.google.common.collect.MapMakerInternalMap$Segment                           : loaded 2 times (x 138B)
Class com.google.common.base.ExtraObjectsMethodsForWeb                                : loaded 2 times (x 67B)
Class org.apache.commons.io.IOUtils                                                   : loaded 2 times (x 67B)
Class androidx.room.solver.shortcut.binder.CallableDeleteOrUpdateMethodBinder$convertAndReturn$callableImpl$1: loaded 2 times (x 75B)
Class androidx.room.compiler.codegen.XCodeBlock$Builder$Companion$WhenMappings        : loaded 2 times (x 67B)
Class androidx.room.jarjarred.org.antlr.v4.runtime.atn.LL1Analyzer                    : loaded 2 times (x 72B)
Class androidx.room.jarjarred.org.antlr.v4.runtime.misc.MurmurHash                    : loaded 2 times (x 67B)
Class androidx.room.parser.SQLiteParser$Select_stmtContext                            : loaded 2 times (x 154B)
Class androidx.room.jarjarred.org.antlr.v4.runtime.Recognizer                         : loaded 2 times (x 94B)
Class androidx.room.jarjarred.kotlinx.metadata.jvm.KotlinClassMetadata$Companion      : loaded 2 times (x 67B)
Class androidx.room.processor.cache.Cache$Bucket                                      : loaded 2 times (x 68B)
Class androidx.room.compiler.processing.javac.JavacAnnotationBoxKt$ANNOTATION_VALUE_DOUBLE_ARR_VISITOR$1: loaded 2 times (x 101B)
Class androidx.room.solver.shortcut.binderprovider.GuavaListenableFutureUpsertMethodBinderProvider$hasGuavaRoom$2: loaded 2 times (x 75B)
Class androidx.room.solver.binderprovider.RxCallableQueryResultBinderProvider$Companion: loaded 2 times (x 67B)
Class androidx.room.ext.SupportDbTypeNames                                            : loaded 2 times (x 67B)
Class androidx.room.solver.TypeConverterStore                                         : loaded 2 times (x 66B)
Class androidx.room.solver.binderprovider.QueryResultBinderProviderWithRequiredArtifact$hasRequiredArtifact$2: loaded 2 times (x 75B)
Class androidx.room.compiler.processing.DeclarationCollectorKt$collectAllMethods$1    : loaded 2 times (x 91B)
Class com.google.common.cache.RemovalCause                                            : loaded 2 times (x 76B)
Class com.google.common.io.ByteSink                                                   : loaded 2 times (x 72B)
Class com.google.common.cache.CacheBuilder                                            : loaded 2 times (x 68B)
Class org.gradle.internal.classpath.ClassPath                                         : loaded 2 times (x 66B)
Class org.gradle.api.UncheckedIOException                                             : loaded 2 times (x 78B)
Class androidx.room.solver.types.BoxedBooleanToBoxedIntConverter$create$2$WhenMappings: loaded 2 times (x 67B)
Class androidx.room.processor.DaoProcessor$process$kotlinDefaultMethodDelegates$1     : loaded 2 times (x 75B)
Class androidx.room.solver.query.result.CoroutineResultBinder                         : loaded 2 times (x 69B)
Class [Landroidx.room.jarjarred.org.antlr.v4.runtime.atn.PredictionContext;           : loaded 2 times (x 65B)
Class androidx.room.jarjarred.org.antlr.v4.runtime.atn.SemanticContext$OR             : loaded 2 times (x 71B)
Class androidx.room.parser.SQLiteParser$Insert_stmtContext                            : loaded 2 times (x 175B)
Class androidx.room.parser.SQLiteParser$Vacuum_stmtContext                            : loaded 2 times (x 149B)
Class org.sqlite.date.DateParser                                                      : loaded 2 times (x 66B)
Class org.sqlite.core.DB                                                              : loaded 2 times (x 139B)
Class androidx.room.jarjarred.kotlinx.metadata.internal.protobuf.Parser               : loaded 2 times (x 66B)
Class androidx.room.compiler.processing.XMethodElement                                : loaded 2 times (x 66B)
Class androidx.room.jarjarred.kotlinx.metadata.Attributes$visibility$10               : loaded 2 times (x 133B)
Class androidx.room.jarjarred.kotlinx.metadata.internal.protobuf.ByteString$ByteIterator: loaded 2 times (x 66B)
Class androidx.room.jarjarred.kotlinx.metadata.KmType                                 : loaded 2 times (x 79B)
Class androidx.room.jarjarred.kotlinx.metadata.internal.protobuf.GeneratedMessageLite$1: loaded 2 times (x 67B)
Class androidx.room.compiler.processing.XNullability                                  : loaded 2 times (x 75B)
Class androidx.room.log.RLog$CollectingMessager                                       : loaded 2 times (x 69B)
Class androidx.room.jarjarred.kotlinx.metadata.internal.metadata.deserialization.TypeTable: loaded 2 times (x 68B)
Class com.google.auto.common.MoreElements$2                                           : loaded 2 times (x 67B)
Class [Lcom.google.common.reflect.Types$JavaVersion;                                  : loaded 2 times (x 65B)
Class com.google.common.collect.Interners$InternerBuilder                             : loaded 2 times (x 72B)
Class com.google.common.io.Files$FileByteSource                                       : loaded 2 times (x 81B)
Class settings_5acsaopw6thz70csdwelkwycw                                              : loaded 2 times (x 175B)
Class com.squareup.javapoet.ParameterSpec$Builder                                     : loaded 2 times (x 68B)
Class androidx.room.processor.DaoProcessor$process$kotlinDefaultMethodDelegates$2     : loaded 2 times (x 74B)
Class androidx.room.solver.query.parameter.QueryParameterAdapter                      : loaded 2 times (x 69B)
Class androidx.room.vo.RelationCollector$Companion                                    : loaded 2 times (x 67B)
Class androidx.room.parser.ParsedQuery$sections$2                                     : loaded 2 times (x 75B)
Class androidx.room.jarjarred.org.antlr.v4.runtime.CommonTokenStream                  : loaded 2 times (x 123B)
Class androidx.room.jarjarred.org.antlr.v4.runtime.CodePointCharStream$1              : loaded 2 times (x 67B)
Class androidx.room.jarjarred.org.antlr.v4.runtime.CodePointCharStream$CodePoint16BitCharStream: loaded 2 times (x 84B)
Class [Lorg.sqlite.date.FastDateParser$Strategy;                                      : loaded 2 times (x 65B)
Class androidx.room.vo.Entity                                                         : loaded 2 times (x 83B)
Class androidx.room.jarjarred.kotlinx.metadata.internal.metadata.jvm.deserialization.JvmMemberSignature$Field: loaded 2 times (x 71B)
Class androidx.room.compiler.processing.javac.JavacVariableElement$type$2             : loaded 2 times (x 75B)
Class androidx.room.compiler.processing.XExecutableType                               : loaded 2 times (x 66B)
Class androidx.room.compiler.processing.javac.JavacDeclaredType$equalityItems$2       : loaded 2 times (x 75B)
Class androidx.room.solver.types.PrimitiveColumnTypeAdapter$Companion                 : loaded 2 times (x 67B)
Class com.google.auto.common.MoreTypes$TypeEquivalence                                : loaded 2 times (x 78B)
Class androidx.room.compiler.processing.javac.JavacElement$equalityItems$2            : loaded 2 times (x 75B)
Class androidx.room.compiler.processing.CommonProcessorDelegate                       : loaded 2 times (x 68B)
Class kotlin.reflect.jvm.internal.KClassImpl$Data$declaredStaticMembers$2             : loaded 2 times (x 75B)
Class kotlin.reflect.jvm.internal.KProperty1Impl$delegateSource$1                     : loaded 2 times (x 75B)
Class androidx.room.processor.PojoProcessor$assignGetter$success$1                    : loaded 2 times (x 74B)
Class org.sqlite.SQLiteConfig$DatePrecision                                           : loaded 2 times (x 78B)
Class org.sqlite.date.FastDateFormat$1                                                : loaded 2 times (x 75B)
Class com.google.common.io.CharStreams$NullWriter                                     : loaded 2 times (x 95B)
Class org.objectweb.asm.SymbolTable$Entry                                             : loaded 2 times (x 70B)
Class com.google.common.util.concurrent.AbstractFuture$AtomicHelper                   : loaded 2 times (x 74B)
Class androidx.room.writer.DaoWriter$WhenMappings                                     : loaded 2 times (x 67B)
Class androidx.room.parser.SQLiteParser$Error_messageContext                          : loaded 2 times (x 148B)
Class androidx.room.parser.SQLiteParser$Create_virtual_table_stmtContext              : loaded 2 times (x 164B)
Class androidx.room.jarjarred.org.antlr.v4.runtime.misc.Interval                      : loaded 2 times (x 79B)
Class androidx.room.jarjarred.org.antlr.v4.runtime.RuntimeMetaData                    : loaded 2 times (x 67B)
Class [Landroidx.room.AutoMigration;                                                  : loaded 2 times (x 65B)
Class androidx.room.jarjarred.kotlinx.metadata.internal.FlagDelegatesImplKt$propertyBooleanFlag$1: loaded 2 times (x 133B)
Class androidx.room.jarjarred.kotlinx.metadata.internal.metadata.jvm.deserialization.JvmProtoBufUtil: loaded 2 times (x 67B)
Class androidx.room.compiler.processing.javac.JavacTypeElement$JavacEnumTypeElement$entries$2: loaded 2 times (x 75B)
Class androidx.room.parser.SQLTypeAffinity$Companion                                  : loaded 2 times (x 67B)
Class com.squareup.kotlinpoet.TypeName$Companion                                      : loaded 2 times (x 67B)
Class androidx.room.compiler.processing.InternalXAnnotated                            : loaded 2 times (x 66B)
Class org.objectweb.asm.Edge                                                          : loaded 2 times (x 68B)
Class com.google.common.base.Suppliers$SupplierOfInstance                             : loaded 2 times (x 75B)
Class androidx.room.compiler.codegen.PoetExtKt                                        : loaded 2 times (x 67B)
Class androidx.room.writer.DaoWriter                                                  : loaded 2 times (x 69B)
Class [Landroidx.room.jarjarred.org.antlr.v4.runtime.atn.SemanticContext;             : loaded 2 times (x 65B)
Class androidx.room.parser.SQLiteParser$Ordering_termContext                          : loaded 2 times (x 152B)
Class androidx.room.processor.DatabaseProcessor$doProcess$daoMethods$1                : loaded 2 times (x 74B)
Class org.sqlite.SQLiteConfig$LockingMode                                             : loaded 2 times (x 78B)
Class androidx.room.compiler.processing.javac.JavacExecutableElement$Companion        : loaded 2 times (x 67B)
Class androidx.room.compiler.processing.XExecutableElement                            : loaded 2 times (x 66B)
Class androidx.room.jarjarred.kotlinx.metadata.KmClassifier$Class                     : loaded 2 times (x 68B)
Class androidx.room.jarjarred.kotlinx.metadata.jvm.JvmTypeExtensionVisitor            : loaded 2 times (x 76B)
Class androidx.room.jarjarred.kotlinx.metadata.internal.protobuf.AbstractMessageLite  : loaded 2 times (x 94B)
Class androidx.room.jarjarred.org.antlr.v4.runtime.atn.BasicState                     : loaded 2 times (x 78B)
Class androidx.room.parser.SQLiteParser$Join_operatorContext                          : loaded 2 times (x 154B)
Class androidx.room.jarjarred.org.antlr.v4.runtime.ProxyErrorListener                 : loaded 2 times (x 78B)
Class androidx.room.solver.shortcut.binderprovider.GuavaListenableFutureDeleteOrUpdateMethodBinderProvider$hasGuavaRoom$2: loaded 2 times (x 75B)
Class androidx.room.processor.PojoProcessor                                           : loaded 2 times (x 68B)
Class androidx.room.writer.ValidationWriter$CodeBlockWrapper                          : loaded 2 times (x 83B)
Class androidx.room.compiler.processing.javac.JavacTypeElement$type$2                 : loaded 2 times (x 75B)
Class kotlin.comparisons.NaturalOrderComparator                                       : loaded 2 times (x 84B)
Class org.gradle.api.internal.DefaultClassPathProvider                                : loaded 2 times (x 72B)
Class com.google.common.reflect.TypeToken$1                                           : loaded 2 times (x 106B)
Class com.google.common.cache.LocalCache$ComputingValueReference                      : loaded 2 times (x 92B)
Class androidx.room.solver.shortcut.result.DeleteOrUpdateMethodAdapter$Companion      : loaded 2 times (x 67B)
Class androidx.room.jarjarred.org.antlr.v4.runtime.atn.SemanticContext$Predicate      : loaded 2 times (x 69B)
Class androidx.room.parser.SQLiteParser$Pragma_valueContext                           : loaded 2 times (x 151B)
Class androidx.room.jarjarred.org.antlr.v4.runtime.CodePointCharStream                : loaded 2 times (x 84B)
Class com.google.common.base.Splitter                                                 : loaded 2 times (x 68B)
Class androidx.room.processor.DatabaseProcessor$doProcess$daoMethods$2                : loaded 2 times (x 74B)
Class org.sqlite.ProgressHandler                                                      : loaded 2 times (x 68B)
Class androidx.room.compiler.processing.javac.kotlin.KmConstructorContainer$parameters$2: loaded 2 times (x 75B)
Class androidx.room.jarjarred.kotlinx.metadata.Attributes$visibility$14               : loaded 2 times (x 133B)
Class androidx.room.jarjarred.kotlinx.metadata.internal.metadata.ProtoBuf$Visibility$1: loaded 2 times (x 70B)
Class androidx.room.jarjarred.kotlinx.metadata.internal.metadata.deserialization.VersionRequirementTable: loaded 2 times (x 68B)
Class [Landroidx.room.jarjarred.kotlinx.metadata.internal.protobuf.WireFormat$JavaType;: loaded 2 times (x 65B)
Class androidx.room.jarjarred.kotlinx.metadata.internal.protobuf.MessageLite$Builder  : loaded 2 times (x 66B)
Class androidx.room.jarjarred.kotlinx.metadata.internal.protobuf.ByteString$Output    : loaded 2 times (x 82B)
Class androidx.room.solver.binderprovider.CoroutineFlowResultBinderProviderKt         : loaded 2 times (x 67B)
Class com.squareup.kotlinpoet.WildcardTypeName                                        : loaded 2 times (x 82B)
Class com.squareup.kotlinpoet.ClassName                                               : loaded 2 times (x 85B)
Class [Landroidx.room.BuiltInTypeConverters$State;                                    : loaded 2 times (x 65B)
Class androidx.room.processor.CustomConverterProcessor$ProcessResult                  : loaded 2 times (x 68B)
Class com.google.auto.common.MoreTypes$1                                              : loaded 2 times (x 67B)
Class androidx.room.compiler.processing.javac.JavacTypeElement$xClassName$2           : loaded 2 times (x 75B)
Class kotlin.reflect.jvm.internal.KClassImpl$Data$supertypes$2                        : loaded 2 times (x 75B)
Class org.objectweb.asm.AnnotationVisitor                                             : loaded 2 times (x 74B)
Class com.google.common.reflect.TypeToken$2                                           : loaded 2 times (x 106B)
Class com.google.common.collect.AbstractMapBasedMultimap$AsMap$AsMapEntries           : loaded 2 times (x 134B)
Class com.google.common.cache.LocalCache$Segment                                      : loaded 2 times (x 150B)
Class androidx.room.writer.QueryWriter                                                : loaded 2 times (x 68B)
Class androidx.room.solver.prepared.binder.CallablePreparedQueryResultBinder          : loaded 2 times (x 69B)
Class androidx.room.jarjarred.org.antlr.v4.runtime.atn.ATNConfigSet$ConfigHashSet     : loaded 2 times (x 136B)
Class androidx.room.ext.LifecyclesTypeNames                                           : loaded 2 times (x 67B)
Class androidx.room.processor.DatabaseProcessor$doProcess$daoMethods$3                : loaded 2 times (x 75B)
Class org.sqlite.date.FastDateParser$Strategy                                         : loaded 2 times (x 70B)
Class [Lorg.sqlite.SQLiteConfig$DatePrecision;                                        : loaded 2 times (x 65B)
Class org.sqlite.util.OSInfo                                                          : loaded 2 times (x 67B)
Class androidx.room.jarjarred.kotlinx.metadata.Attributes$hasAnnotations$22           : loaded 2 times (x 133B)
Class com.google.common.collect.Sets$1                                                : loaded 2 times (x 135B)
Class com.google.common.collect.Iterators$EmptyModifiableIterator                     : loaded 2 times (x 82B)
Class androidx.room.solver.types.StatementValueBinder                                 : loaded 2 times (x 66B)
Class com.google.auto.common.Overrides$ExplicitOverrides                              : loaded 2 times (x 72B)
Class com.google.common.collect.ImmutableSet$SerializedForm                           : loaded 2 times (x 69B)
Class androidx.room.compiler.processing.javac.JavacProcessingEnv$messager$2           : loaded 2 times (x 75B)
Class [Lcom.google.common.base.Supplier;                                              : loaded 2 times (x 65B)
Class com.google.common.collect.SortedIterable                                        : loaded 2 times (x 66B)
Class [Lorg.objectweb.asm.SymbolTable$Entry;                                          : loaded 2 times (x 65B)
Class com.google.common.cache.CacheLoader                                             : loaded 2 times (x 70B)
Class com.google.common.collect.AbstractListMultimap                                  : loaded 2 times (x 168B)
Class org.gradle.internal.installation.GradleInstallation$1                           : loaded 2 times (x 71B)
Class org.gradle.api.internal.classpath.ModuleRegistry                                : loaded 2 times (x 66B)
Class androidx.room.compiler.processing.javac.JavacType$WhenMappings                  : loaded 2 times (x 67B)
Class androidx.room.writer.FieldReadWriteWriter$Node                                  : loaded 2 times (x 68B)
Class androidx.room.solver.shortcut.binder.CallableDeleteOrUpdateMethodBinder         : loaded 2 times (x 69B)
Class androidx.room.parser.SQLiteParser$Conflict_clauseContext                        : loaded 2 times (x 154B)
Class org.sqlite.jdbc3.JDBC3ResultSet                                                 : loaded 2 times (x 160B)
Class androidx.room.processor.PojoProcessor$chooseConstructor$goodConstructors$1$params$1$matches$1: loaded 2 times (x 75B)
Class androidx.room.compiler.processing.javac.kotlin.KmClassContainer$primaryConstructorSignature$2: loaded 2 times (x 75B)
Class androidx.room.jarjarred.kotlinx.metadata.internal.protobuf.GeneratedMessageLite$ExtensionDescriptor: loaded 2 times (x 80B)
Class androidx.room.jarjarred.kotlinx.metadata.internal.protobuf.GeneratedMessageLite$GeneratedExtension: loaded 2 times (x 75B)
Class androidx.room.compiler.processing.javac.JavacTypeElement$qualifiedName$2        : loaded 2 times (x 75B)
Class androidx.room.DatabaseProcessingStep$process$databases$1$1                      : loaded 2 times (x 75B)
Class com.google.auto.common.Overrides$NativeOverrides                                : loaded 2 times (x 70B)
Class org.apache.commons.io.output.NullWriter                                         : loaded 2 times (x 95B)
Class com.google.common.util.concurrent.internal.InternalFutureFailureAccess          : loaded 2 times (x 68B)
Class com.google.common.collect.ImmutableSet$JdkBackedSetBuilderImpl                  : loaded 2 times (x 72B)
Class com.google.common.base.Splitter$SplittingIterator                               : loaded 2 times (x 80B)
Class com.squareup.javapoet.JavaFile$1                                                : loaded 2 times (x 75B)
Class androidx.room.solver.query.result.CoroutineFlowResultBinder$convertAndReturn$callableImpl$1: loaded 2 times (x 75B)
Class androidx.room.writer.PreparedStatementWriter                                    : loaded 2 times (x 68B)
Class androidx.room.solver.query.result.QueryResultAdapter                            : loaded 2 times (x 69B)
Class androidx.room.parser.SQLiteParser$Create_view_stmtContext                       : loaded 2 times (x 163B)
Class androidx.room.jarjarred.org.antlr.v4.runtime.atn.LexerATNConfig                 : loaded 2 times (x 71B)
Class androidx.room.jarjarred.org.antlr.v4.runtime.atn.RuleStopState                  : loaded 2 times (x 78B)
Class androidx.room.Dao                                                               : loaded 2 times (x 66B)
Class org.sqlite.date.FormatCache$MultipartKey                                        : loaded 2 times (x 68B)
Class [Lorg.sqlite.SQLiteConfig$Pragma;                                               : loaded 2 times (x 65B)
Class androidx.room.parser.SqlParser$Companion                                        : loaded 2 times (x 67B)
Class androidx.room.vo.CustomTypeConverter$toTypeName$2                               : loaded 2 times (x 75B)
Class androidx.room.compiler.processing.JavaPoetExtKt                                 : loaded 2 times (x 67B)
Class androidx.room.jarjarred.kotlinx.metadata.internal.FlagDelegatesImplKt$valueParameterBooleanFlag$1: loaded 2 times (x 133B)
Class androidx.room.jarjarred.kotlinx.metadata.Attributes$isReified$2                 : loaded 2 times (x 133B)
Class [Landroidx.room.jarjarred.kotlinx.metadata.internal.metadata.ProtoBuf$Effect$EffectType;: loaded 2 times (x 65B)
Class androidx.room.jarjarred.kotlinx.metadata.internal.metadata.jvm.deserialization.JvmMemberSignature: loaded 2 times (x 70B)
Class androidx.room.jarjarred.kotlinx.metadata.jvm.JvmClassExtensionVisitor$Companion : loaded 2 times (x 67B)
Class androidx.room.solver.types.PrimitiveColumnTypeAdapter$Companion$Primitive       : loaded 2 times (x 75B)
Class androidx.room.processor.PojoProcessor$Companion                                 : loaded 2 times (x 67B)
Class androidx.room.solver.ObservableQueryResultBinderProvider                        : loaded 2 times (x 75B)
Class androidx.room.compiler.processing.javac.JavacTypeElement$enclosingTypeElement$2 : loaded 2 times (x 75B)
Class androidx.room.compiler.processing.javac.DefaultJavacType$equalityItems$2        : loaded 2 times (x 75B)
Class com.google.common.collect.Iterators$6                                           : loaded 2 times (x 77B)
Class com.google.common.collect.HashBiMap$Inverse                                     : loaded 2 times (x 138B)
Class com.google.common.io.Closer$SuppressingSuppressor                               : loaded 2 times (x 71B)
Class com.google.common.collect.ImmutableMultimap$Values                              : loaded 2 times (x 122B)
Class com.google.common.util.concurrent.AbstractFuture$UnsafeAtomicHelper             : loaded 2 times (x 74B)
Class com.google.common.cache.LocalCache$LocalManualCache$1                           : loaded 2 times (x 71B)
Class com.google.common.base.CharMatcher$ForPredicate                                 : loaded 2 times (x 108B)
Class androidx.room.vo.FieldWithIndex$Companion                                       : loaded 2 times (x 67B)
Class androidx.room.vo.Database$legacyIdentityHash$2                                  : loaded 2 times (x 75B)
Class androidx.room.vo.Database$implTypeName$2                                        : loaded 2 times (x 75B)
Class androidx.room.vo.UpdateMethod                                                   : loaded 2 times (x 68B)
Class androidx.room.parser.SQLiteParser$Create_trigger_stmtContext                    : loaded 2 times (x 190B)
Class [[Landroidx.room.jarjarred.org.antlr.v4.runtime.atn.ATNConfig;                  : loaded 2 times (x 65B)
Class androidx.room.processor.InternalQueryProcessor                                  : loaded 2 times (x 68B)
Class androidx.room.processor.FieldProcessor$WhenMappings                             : loaded 2 times (x 67B)
Class androidx.room.jarjarred.kotlinx.metadata.jvm.JvmFieldSignature                  : loaded 2 times (x 70B)
Class androidx.room.AutoMigration                                                     : loaded 2 times (x 66B)
Class androidx.room.jarjarred.kotlinx.metadata.Attributes$visibility$18               : loaded 2 times (x 133B)
Class androidx.room.jarjarred.kotlinx.metadata.jvm.internal.JvmExtensionNodesKt       : loaded 2 times (x 67B)
Class androidx.room.jarjarred.kotlinx.metadata.jvm.internal.JvmFunctionExtension      : loaded 2 times (x 81B)
Class androidx.room.jarjarred.kotlinx.metadata.internal.protobuf.SmallSortedMap$Entry : loaded 2 times (x 84B)
Class androidx.room.jarjarred.kotlinx.metadata.internal.metadata.ProtoBuf$Package$1   : loaded 2 times (x 140B)
Class androidx.room.jarjarred.kotlinx.metadata.internal.metadata.ProtoBuf$TypeParameter: loaded 2 times (x 126B)
Class androidx.room.compiler.processing.javac.JavacClassGetter                        : loaded 2 times (x 66B)
Class androidx.room.ext.RoomCoroutinesTypeNames                                       : loaded 2 times (x 67B)
Class androidx.room.compiler.processing.javac.JavacAnnotationBoxKt$ANNOTATION_VALUE_CHAR_ARR_VISITOR$1: loaded 2 times (x 101B)
Class [Landroidx.room.compiler.codegen.XTypeName;                                     : loaded 2 times (x 65B)
Class [Landroidx.room.solver.RxVersion;                                               : loaded 2 times (x 65B)
Class androidx.room.solver.shortcut.binderprovider.RxCallableUpsertMethodBinderProvider$Companion: loaded 2 times (x 67B)
Class kotlin.io.FilesKt__UtilsKt                                                      : loaded 2 times (x 67B)
Class com.google.common.collect.Multimaps$CustomSetMultimap                           : loaded 2 times (x 174B)
Class com.google.common.base.CharMatcher$AnyOf                                        : loaded 2 times (x 108B)
Class build_6o6atbvbdam6o8eighuhmrhnn                                                 : loaded 2 times (x 176B)
Class org.gradle.api.internal.classpath.DefaultModuleRegistry                         : loaded 2 times (x 82B)
Class androidx.room.compiler.codegen.XFunSpec$Builder$Companion$WhenMappings          : loaded 2 times (x 67B)
Class androidx.room.solver.shortcut.binder.CallableInsertMethodBinder$convertAndReturn$callableImpl$1: loaded 2 times (x 75B)
Class androidx.room.jarjarred.org.antlr.v4.runtime.atn.PredictionMode$AltAndContextMap: loaded 2 times (x 121B)
Class androidx.room.jarjarred.org.antlr.v4.runtime.atn.SemanticContext                : loaded 2 times (x 69B)
Class androidx.room.parser.SQLiteParser$KeywordContext                                : loaded 2 times (x 271B)
Class [Lorg.sqlite.SQLiteConfig$SynchronousMode;                                      : loaded 2 times (x 65B)
Class androidx.room.jarjarred.kotlinx.metadata.jvm.internal.JvmTypeParameterExtension : loaded 2 times (x 80B)
Class androidx.room.jarjarred.kotlinx.metadata.jvm.internal.JvmClassExtension         : loaded 2 times (x 89B)
Class androidx.room.jarjarred.kotlinx.metadata.internal.protobuf.CodedOutputStream    : loaded 2 times (x 68B)
Class androidx.room.jarjarred.kotlinx.metadata.Attributes$hasAnnotations$10           : loaded 2 times (x 133B)
Class androidx.room.jarjarred.kotlinx.metadata.internal.FlagDelegatesImplKt$classBooleanFlag$1: loaded 2 times (x 133B)
Class [Landroidx.room.jarjarred.kotlinx.metadata.Modality;                            : loaded 2 times (x 65B)
Class androidx.room.jarjarred.kotlinx.metadata.Attributes$hasAnnotations$26           : loaded 2 times (x 133B)
Class androidx.room.jarjarred.kotlinx.metadata.internal.metadata.ProtoBuf$Effect$InvocationKind$1: loaded 2 times (x 70B)
Class androidx.room.jarjarred.kotlinx.metadata.KmConstructorExtensionVisitor          : loaded 2 times (x 66B)
Class androidx.room.jarjarred.kotlinx.metadata.internal.protobuf.CodedInputStream     : loaded 2 times (x 68B)
Class androidx.room.parser.SQLiteParser$Attach_stmtContext                            : loaded 2 times (x 152B)
Class androidx.room.jarjarred.kotlinx.metadata.internal.metadata.ProtoBuf$ClassOrBuilder: loaded 2 times (x 66B)
Class androidx.room.jarjarred.kotlinx.metadata.internal.metadata.ProtoBuf$TypeParameter$1: loaded 2 times (x 140B)
Class androidx.room.jarjarred.kotlinx.metadata.internal.metadata.ProtoBuf$ValueParameter: loaded 2 times (x 124B)
Class [Lcom.squareup.kotlinpoet.Taggable;                                             : loaded 2 times (x 65B)
Class androidx.room.solver.binderprovider.RxQueryResultBinderProvider$rawRxType$2     : loaded 2 times (x 75B)
Class androidx.room.ext.RxJava3TypeNames                                              : loaded 2 times (x 67B)
Class androidx.room.compiler.codegen.VisibilityModifier                               : loaded 2 times (x 75B)
Class com.squareup.javapoet.TypeName                                                  : loaded 2 times (x 77B)
Class androidx.room.writer.EntityUpdateAdapterWriter$Companion                        : loaded 2 times (x 67B)
Class androidx.room.util.SimpleJavaVersion                                            : loaded 2 times (x 71B)
Class com.google.common.collect.ListMultimap                                          : loaded 2 times (x 66B)
Class com.google.common.util.concurrent.ListenableFuture                              : loaded 2 times (x 66B)
Class com.google.common.cache.ReferenceEntry                                          : loaded 2 times (x 66B)
Class com.google.common.base.CharMatcher$Any                                          : loaded 2 times (x 108B)
Class com.squareup.javapoet.ParameterSpec                                             : loaded 2 times (x 68B)
Class com.squareup.javapoet.FieldSpec$Builder                                         : loaded 2 times (x 68B)
Class androidx.room.jarjarred.org.antlr.v4.runtime.misc.FlexibleHashMap$Entry         : loaded 2 times (x 68B)
Class androidx.room.parser.SQLiteParser$Create_table_stmtContext                      : loaded 2 times (x 168B)
Class androidx.room.jarjarred.org.antlr.v4.runtime.atn.PrecedencePredicateTransition  : loaded 2 times (x 72B)
Class androidx.room.compiler.processing.XEnumTypeElement                              : loaded 2 times (x 66B)
Class [Lorg.sqlite.SQLiteOpenMode;                                                    : loaded 2 times (x 65B)
Class androidx.room.jarjarred.kotlinx.metadata.internal.metadata.ProtoBuf$Modality    : loaded 2 times (x 78B)
Class androidx.room.compiler.processing.javac.kotlin.KmClassContainer$constructorList$2: loaded 2 times (x 75B)
Class androidx.room.jarjarred.kotlinx.metadata.internal.extensions.KmFunctionExtension: loaded 2 times (x 66B)
Class androidx.room.jarjarred.kotlinx.metadata.internal.protobuf.SmallSortedMap       : loaded 2 times (x 126B)
Class com.google.common.collect.ImmutableRangeSet                                     : loaded 2 times (x 111B)
Class org.apache.commons.io.output.StringBuilderWriter                                : loaded 2 times (x 96B)
Class [Lorg.apache.commons.io.StandardLineSeparator;                                  : loaded 2 times (x 65B)
Class com.google.common.collect.AbstractIterator$1                                    : loaded 2 times (x 67B)
Class com.google.auto.common.MoreTypes$ArrayTypeVisitor                               : loaded 2 times (x 98B)
Class kotlin.reflect.jvm.internal.KClassImpl$Data$allMembers$2                        : loaded 2 times (x 75B)
Class com.google.common.collect.CollectSpliterators$1WithCharacteristics              : loaded 2 times (x 86B)
Class androidx.room.compiler.processing.javac.JavacBasicAnnotationProcessor           : loaded 2 times (x 94B)
Class com.google.common.collect.ImmutableMapValues                                    : loaded 2 times (x 122B)
Class com.google.common.util.concurrent.AbstractFuture                                : loaded 2 times (x 102B)
Class com.google.common.collect.AbstractMapBasedMultimap                              : loaded 2 times (x 135B)
Class androidx.room.writer.FieldReadWriteWriter$Companion$construct$args$1            : loaded 2 times (x 74B)
Class org.apache.commons.codec.Decoder                                                : loaded 2 times (x 66B)
Class androidx.room.solver.prepared.result.PreparedQueryResultAdapter                 : loaded 2 times (x 68B)
Class androidx.room.parser.SQLiteParser$NameContext                                   : loaded 2 times (x 148B)
Class androidx.room.jarjarred.org.antlr.v4.runtime.atn.ATNConfigSet$AbstractConfigHashSet: loaded 2 times (x 136B)
Class androidx.room.jarjarred.org.antlr.v4.runtime.atn.BlockEndState                  : loaded 2 times (x 78B)
Class androidx.room.jarjarred.org.antlr.v4.runtime.atn.SingletonPredictionContext     : loaded 2 times (x 76B)
Class androidx.room.compiler.processing.javac.JavacConstructorElement$parameters$2    : loaded 2 times (x 75B)
Class androidx.room.compiler.processing.javac.kotlin.KmClassContainer$propertyList$2  : loaded 2 times (x 75B)
Class androidx.room.compiler.processing.javac.kotlin.KmClassContainer$superType$2     : loaded 2 times (x 75B)
Class [Landroidx.room.jarjarred.kotlinx.metadata.internal.metadata.ProtoBuf$Type$Argument$Projection;: loaded 2 times (x 65B)
Class androidx.room.jarjarred.kotlinx.metadata.internal.metadata.jvm.JvmProtoBuf$JvmFieldSignature$1: loaded 2 times (x 140B)
Class androidx.room.jarjarred.kotlinx.metadata.internal.protobuf.WireFormat$FieldType$1: loaded 2 times (x 79B)
Class kotlin.reflect.jvm.internal.CachesKt$K_CLASS_CACHE$1                            : loaded 2 times (x 74B)
Class androidx.room.solver.types.ByteArrayColumnTypeAdapter                           : loaded 2 times (x 81B)
Class kotlin.reflect.jvm.internal.CachesKt$CACHE_FOR_NULLABLE_BASE_CLASSIFIERS$1      : loaded 2 times (x 74B)
Class com.google.auto.common.MoreElements$TypeElementVisitor                          : loaded 2 times (x 89B)
Class kotlin.io.FileTreeWalk$FileTreeWalkIterator$SingleFileState                     : loaded 2 times (x 70B)
Class com.google.common.reflect.TypeResolver$TypeTable                                : loaded 2 times (x 69B)
Class com.google.common.io.CharStreams                                                : loaded 2 times (x 67B)
Class com.google.common.collect.ImmutableMultiset                                     : loaded 2 times (x 159B)
Class org.objectweb.asm.RecordComponentVisitor                                        : loaded 2 times (x 73B)
Class com.google.common.cache.CacheLoader$SupplierToCacheLoader                       : loaded 2 times (x 71B)
Class androidx.room.writer.DaoWriter$createDeletionMethods$1                          : loaded 2 times (x 75B)
Class androidx.room.processor.DeletionMethodProcessor$process$1                       : loaded 2 times (x 74B)
Class androidx.room.jarjarred.org.antlr.v4.runtime.misc.IntSet                        : loaded 2 times (x 66B)
Class androidx.room.solver.binderprovider.RxCallableQueryResultBinderProvider         : loaded 2 times (x 72B)
Class org.sqlite.core.CoreStatement                                                   : loaded 2 times (x 77B)
Class com.google.auto.common.MoreTypes$AsElementVisitor                               : loaded 2 times (x 97B)
Class androidx.room.jarjarred.kotlinx.metadata.internal.metadata.jvm.JvmProtoBuf$JvmPropertySignature$Builder: loaded 2 times (x 137B)
Class androidx.room.compiler.processing.XTypeKt                                       : loaded 2 times (x 67B)
Class androidx.room.compiler.processing.javac.JavacPackageElement$name$2              : loaded 2 times (x 75B)
Class androidx.room.jarjarred.kotlinx.metadata.internal.metadata.ProtoBuf$Effect$EffectType$1: loaded 2 times (x 70B)
Class androidx.room.jarjarred.kotlinx.metadata.internal.metadata.jvm.deserialization.BitEncoding: loaded 2 times (x 67B)
Class androidx.room.jarjarred.kotlinx.metadata.internal.protobuf.ExtensionRegistryLite$ObjectIntPair: loaded 2 times (x 68B)
Class androidx.room.jarjarred.kotlinx.metadata.internal.protobuf.WireFormat$FieldType$2: loaded 2 times (x 79B)
Class androidx.room.jarjarred.kotlinx.metadata.jvm.JvmDeclarationContainerExtensionVisitor: loaded 2 times (x 77B)
Class androidx.room.compiler.processing.javac.JavacAnnotationBoxKt$getAsEnum$1        : loaded 2 times (x 101B)
Class androidx.room.processor.CustomConverterProcessor$Companion                      : loaded 2 times (x 67B)
Class [Landroidx.room.solver.shortcut.binderprovider.DeleteOrUpdateMethodBinderProvider;: loaded 2 times (x 65B)
Class androidx.room.solver.prepared.binderprovider.GuavaListenableFuturePreparedQueryResultBinderProvider$hasGuavaRoom$2: loaded 2 times (x 75B)
Class [Landroidx.room.compiler.codegen.XClassName;                                    : loaded 2 times (x 65B)
Class androidx.room.RewriteQueriesToDropUnusedColumns                                 : loaded 2 times (x 66B)
Class androidx.room.Upsert                                                            : loaded 2 times (x 66B)
Class com.squareup.kotlinpoet.UtilKt                                                  : loaded 2 times (x 67B)
Class androidx.room.jarjarred.kotlinx.metadata.jvm.KotlinClassMetadata$Class          : loaded 2 times (x 68B)
Class androidx.room.RoomProcessor                                                     : loaded 2 times (x 94B)
Class kotlin.io.FilesKt__FileReadWriteKt                                              : loaded 2 times (x 67B)
Class [Lkotlin.Pair;                                                                  : loaded 2 times (x 65B)
Class com.google.common.reflect.TypeResolver$TypeTable$1                              : loaded 2 times (x 69B)
Class org.gradle.internal.service.ServiceLookupException                              : loaded 2 times (x 78B)
Class androidx.room.vo.ColumnIndexVar                                                 : loaded 2 times (x 68B)
Class androidx.room.processor.InternalQueryProcessor$getQueryMethod$resultBinder$1    : loaded 2 times (x 75B)
Class androidx.room.jarjarred.org.antlr.v4.runtime.atn.LexerActionExecutor            : loaded 2 times (x 71B)
Class androidx.room.jarjarred.kotlinx.metadata.internal.protobuf.SmallSortedMap$EmptySet$2: loaded 2 times (x 74B)
Class org.sqlite.core.DB$ProgressObserver                                             : loaded 2 times (x 66B)
Class androidx.room.compiler.processing.javac.JavacConstructorElement$kotlinMetadata$2: loaded 2 times (x 75B)
Class androidx.room.jarjarred.kotlinx.metadata.internal.metadata.ProtoBuf$Type        : loaded 2 times (x 141B)
Class [Landroidx.room.jarjarred.kotlinx.metadata.internal.metadata.ProtoBuf$TypeParameter$Variance;: loaded 2 times (x 65B)
Class androidx.room.jarjarred.kotlinx.metadata.internal.protobuf.WireFormat$FieldType$3: loaded 2 times (x 79B)
Class androidx.room.jarjarred.kotlinx.metadata.internal.protobuf.SmallSortedMap$EmptySet: loaded 2 times (x 67B)
Class androidx.room.jarjarred.kotlinx.metadata.KmExtensionVisitor                     : loaded 2 times (x 66B)
Class androidx.room.jarjarred.kotlinx.metadata.KmDeclarationContainer                 : loaded 2 times (x 66B)
Class androidx.room.solver.types.ColumnTypeAdapter$outTypeName$2                      : loaded 2 times (x 75B)
Class com.squareup.javapoet.LineWrapper                                               : loaded 2 times (x 68B)
Class com.squareup.kotlinpoet.TypeName$cachedString$2                                 : loaded 2 times (x 75B)
Class androidx.room.compiler.processing.javac.JavacTypeElement$enclosingElement$2     : loaded 2 times (x 75B)
Class com.google.common.collect.Lists$ReverseList                                     : loaded 2 times (x 196B)
Class com.google.common.collect.ImmutableSortedSet                                    : loaded 2 times (x 295B)
Class [Lcom.google.common.cache.LocalCache$EntryFactory;                              : loaded 2 times (x 65B)
Class com.google.common.base.CharMatcher$JavaLetter                                   : loaded 2 times (x 107B)
Class org.gradle.internal.classloader.ClassLoaderFactory                              : loaded 2 times (x 66B)
Class org.apache.commons.codec.digest.DigestUtils                                     : loaded 2 times (x 81B)
Class androidx.room.parser.QueryVisitor$Companion                                     : loaded 2 times (x 67B)
Class androidx.room.parser.SQLiteParser$With_clauseContext                            : loaded 2 times (x 153B)
Class [Landroidx.room.jarjarred.org.antlr.v4.runtime.misc.Interval;                   : loaded 2 times (x 65B)
Class androidx.room.jarjarred.org.antlr.v4.runtime.atn.LexerAction                    : loaded 2 times (x 66B)
Class androidx.room.processor.QueryMethodProcessor$process$1                          : loaded 2 times (x 75B)
Class org.sqlite.date.FastDateParser$TimeZoneStrategy                                 : loaded 2 times (x 73B)
Class org.sqlite.date.FastDateParser$NumberStrategy                                   : loaded 2 times (x 74B)
Class androidx.room.jarjarred.kotlinx.metadata.internal.metadata.ProtoBuf$PackageOrBuilder: loaded 2 times (x 66B)
Class [Landroidx.room.jarjarred.kotlinx.metadata.internal.metadata.ProtoBuf$Expression$ConstantValue;: loaded 2 times (x 65B)
Class androidx.room.jarjarred.kotlinx.metadata.internal.protobuf.WireFormat$FieldType$4: loaded 2 times (x 79B)
Class androidx.room.compiler.processing.KClassExtKt                                   : loaded 2 times (x 67B)
Class androidx.room.ext.RxJava2TypeNames                                              : loaded 2 times (x 67B)
Class androidx.room.processor.Context$useNullAwareConverter$2                         : loaded 2 times (x 75B)
Class androidx.room.jarjarred.kotlinx.metadata.internal.ReadUtilsKt                   : loaded 2 times (x 67B)
Class [Landroidx.room.processor.Context$ProcessorOptions;                             : loaded 2 times (x 65B)
Class com.google.common.collect.ImmutableMap$SerializedForm                           : loaded 2 times (x 69B)
Class org.apache.commons.io.CloseableURLConnection                                    : loaded 2 times (x 113B)
Class com.google.common.cache.LocalCache$LocalManualCache                             : loaded 2 times (x 95B)
Class com.google.common.base.CharMatcher$IsNot                                        : loaded 2 times (x 107B)
Class org.gradle.internal.service.CachingServiceLocator                               : loaded 2 times (x 78B)
Class androidx.room.compiler.processing.MethodSpecHelper                              : loaded 2 times (x 67B)
Class androidx.room.processor.DaoProcessor$process$transactionMethods$1               : loaded 2 times (x 74B)
Class androidx.room.solver.prepared.result.PreparedQueryResultAdapter$Companion       : loaded 2 times (x 67B)
Class androidx.room.jarjarred.org.antlr.v4.runtime.atn.PredictionMode$AltAndContextConfigEqualityComparator: loaded 2 times (x 73B)
Class androidx.room.parser.SQLiteParser$Column_aliasContext                           : loaded 2 times (x 149B)
Class androidx.room.compiler.processing.javac.JavacMethodType$SuspendMethodType       : loaded 2 times (x 90B)
Class org.sqlite.core.NativeDB                                                        : loaded 2 times (x 139B)
Class androidx.room.jarjarred.kotlinx.metadata.internal.extensions.KmTypeParameterExtension: loaded 2 times (x 66B)
Class androidx.room.compiler.processing.javac.JavacRawType                            : loaded 2 times (x 75B)
Class androidx.room.compiler.processing.ksp.KSTypeJavaPoetExtKt                       : loaded 2 times (x 67B)
Class androidx.room.jarjarred.kotlinx.metadata.KmTypeProjection                       : loaded 2 times (x 68B)
Class androidx.room.jarjarred.kotlinx.metadata.KmClassifier                           : loaded 2 times (x 67B)
Class androidx.room.jarjarred.kotlinx.metadata.internal.metadata.ProtoBuf$Package     : loaded 2 times (x 125B)
Class androidx.room.jarjarred.kotlinx.metadata.KmClassExtensionVisitor                : loaded 2 times (x 66B)
Class androidx.room.solver.binderprovider.GuavaListenableFutureQueryResultBinderProviderImpl: loaded 2 times (x 72B)
Class com.squareup.javapoet.WildcardTypeName                                          : loaded 2 times (x 77B)
Class com.google.auto.common.SuperficialValidation                                    : loaded 2 times (x 67B)
Class androidx.room.compiler.processing.javac.JavacTypeElement$_declaredFields$2      : loaded 2 times (x 75B)
Class kotlin.reflect.jvm.internal.CachesKt$CACHE_FOR_GENERIC_CLASSIFIERS$1            : loaded 2 times (x 74B)
Class androidx.room.Index                                                             : loaded 2 times (x 66B)
Class androidx.room.compiler.processing.javac.JavacBasicAnnotationProcessor$steps$2   : loaded 2 times (x 75B)
Class com.google.common.collect.AbstractMapBasedMultimap$KeySet                       : loaded 2 times (x 133B)
Class com.google.common.collect.RegularImmutableSortedSet                             : loaded 2 times (x 295B)
Class com.google.common.math.IntMath                                                  : loaded 2 times (x 67B)
Class com.google.auto.common.GeneratedAnnotations                                     : loaded 2 times (x 67B)
Class androidx.room.compiler.codegen.java.JavaPropertySpec$Builder                    : loaded 2 times (x 77B)
Class androidx.room.processor.DaoProcessor$process$transactionMethods$2               : loaded 2 times (x 75B)
Class androidx.room.solver.shortcut.result.InsertOrUpsertMethodAdapter$Companion      : loaded 2 times (x 67B)
Class androidx.room.processor.ShortcutMethodProcessor                                 : loaded 2 times (x 68B)
Class androidx.room.parser.SQLiteParser$Drop_view_stmtContext                         : loaded 2 times (x 154B)
Class androidx.room.jarjarred.org.antlr.v4.runtime.tree.SyntaxTree                    : loaded 2 times (x 66B)
Class com.google.auto.common.Overrides$ExplicitOverrides$TypeSubstVisitor             : loaded 2 times (x 102B)
Class androidx.room.compiler.processing.javac.kotlin.JvmAbi                           : loaded 2 times (x 67B)
Class androidx.room.processor.PojoProcessor$Delegate                                  : loaded 2 times (x 66B)
Class androidx.room.jarjarred.kotlinx.metadata.internal.FlagImplKt                    : loaded 2 times (x 67B)
Class androidx.room.processor.MethodProcessorDelegate                                 : loaded 2 times (x 76B)
Class androidx.room.processor.SuspendMethodProcessorDelegate$continuationParam$2      : loaded 2 times (x 75B)
Class androidx.room.jarjarred.org.antlr.v4.runtime.atn.SetTransition                  : loaded 2 times (x 72B)
Class [Landroidx.room.solver.shortcut.binderprovider.InsertOrUpsertMethodBinderProvider;: loaded 2 times (x 65B)
Class androidx.room.compiler.processing.javac.DefaultJavacType                        : loaded 2 times (x 183B)
Class [Landroidx.room.jarjarred.org.antlr.v4.runtime.atn.ATNConfig;                   : loaded 2 times (x 65B)
Class androidx.room.parser.SQLiteParser$Upsert_clauseContext                          : loaded 2 times (x 168B)
Class com.google.common.reflect.Types$TypeVariableInvocationHandler                   : loaded 2 times (x 71B)
Class [Lcom.google.common.collect.HashBiMap$BiEntry;                                  : loaded 2 times (x 65B)
Class com.google.common.collect.MapMakerInternalMap$InternalEntry                     : loaded 2 times (x 66B)
Class com.google.common.base.CharMatcher$JavaDigit                                    : loaded 2 times (x 107B)
Class androidx.room.parser.ParsedQuery$Companion                                      : loaded 2 times (x 67B)
Class androidx.room.parser.SQLiteParser$Drop_table_stmtContext                        : loaded 2 times (x 154B)
Class androidx.room.parser.SQLiteParser$Common_table_expressionContext                : loaded 2 times (x 158B)
Class androidx.room.jarjarred.org.antlr.v4.runtime.tree.TerminalNode                  : loaded 2 times (x 66B)
Class androidx.room.jarjarred.org.antlr.v4.runtime.atn.EmptyPredictionContext         : loaded 2 times (x 76B)
Class org.sqlite.jdbc4.JDBC4Connection                                                : loaded 2 times (x 219B)
Class androidx.room.solver.types.CompositeAdapter                                     : loaded 2 times (x 81B)
Class androidx.room.parser.SQLiteParser$Rollback_stmtContext                          : loaded 2 times (x 153B)
Class androidx.room.jarjarred.kotlinx.metadata.KmPropertyAccessorAttributes           : loaded 2 times (x 67B)
Class androidx.room.processor.PojoProcessor$DefaultDelegate                           : loaded 2 times (x 73B)
Class androidx.room.processor.EntityProcessorKt                                       : loaded 2 times (x 67B)
Class androidx.room.jarjarred.kotlinx.metadata.internal.metadata.ProtoBuf$Type$Argument$Projection: loaded 2 times (x 78B)
Class androidx.room.parser.QueryVisitor$createParsedQuery$$inlined$sortedBy$1         : loaded 2 times (x 85B)
Class androidx.room.solver.prepared.binderprovider.RxPreparedQueryResultBinderProvider$Companion: loaded 2 times (x 67B)
Class androidx.room.ext.RoomGuavaTypeNames                                            : loaded 2 times (x 67B)
Class androidx.room.vo.ShortcutEntity                                                 : loaded 2 times (x 68B)
Class androidx.room.processor.SuspendMethodProcessorDelegate$findDeleteOrUpdateMethodBinder$1: loaded 2 times (x 75B)
Class com.google.common.base.Predicates                                               : loaded 2 times (x 67B)
Class com.google.common.collect.ImmutableMultimap                                     : loaded 2 times (x 143B)
Class androidx.room.writer.DatabaseWriter                                             : loaded 2 times (x 69B)
Class [Landroidx.room.compiler.codegen.TargetLanguage;                                : loaded 2 times (x 65B)
Class androidx.room.writer.FieldReadWriteWriter                                       : loaded 2 times (x 68B)
Class androidx.room.compiler.codegen.XCodeBlock$Companion$WhenMappings                : loaded 2 times (x 67B)
Class androidx.room.parser.ParsedQuery$errors$2                                       : loaded 2 times (x 75B)
Class androidx.room.parser.SQLiteParser$Join_clauseContext                            : loaded 2 times (x 153B)
Class androidx.room.jarjarred.org.antlr.v4.runtime.atn.StarBlockStartState            : loaded 2 times (x 79B)
Class kotlin.jvm.internal.markers.KMutableListIterator                                : loaded 2 times (x 66B)
Class org.sqlite.date.FastDateParser$CopyQuotedStrategy                               : loaded 2 times (x 73B)
Class androidx.room.jarjarred.kotlinx.metadata.KmTypeParameterExtensionVisitor        : loaded 2 times (x 66B)
Class androidx.room.compiler.processing.javac.JavacRawType$xTypeName$2                : loaded 2 times (x 75B)
Class androidx.room.vo.Field$Companion                                                : loaded 2 times (x 67B)
Class androidx.room.jarjarred.kotlinx.metadata.internal.protobuf.WireFormat           : loaded 2 times (x 67B)
Class androidx.room.jarjarred.kotlinx.metadata.internal.metadata.deserialization.NameResolver: loaded 2 times (x 66B)
Class androidx.room.writer.EntityUpdateAdapterWriter$createAnonymous$1$1$pojoCols$1   : loaded 2 times (x 74B)
Class androidx.room.compiler.processing.javac.JavacProcessingEnvMessager$Companion    : loaded 2 times (x 67B)
Class kotlin.reflect.jvm.internal.KCallableImpl$_returnType$1                         : loaded 2 times (x 75B)
Class com.google.common.collect.IndexedImmutableSet$1                                 : loaded 2 times (x 208B)
Class org.apache.commons.io.output.AbstractByteArrayOutputStream                      : loaded 2 times (x 98B)
Class com.google.common.cache.CacheBuilder$OneWeigher                                 : loaded 2 times (x 78B)
Class androidx.room.solver.query.result.SingleColumnRowAdapter$getDefaultIndexAdapter$1: loaded 2 times (x 71B)
Class androidx.room.migration.bundle.EntityBundle$fieldsByColumnName$2                : loaded 2 times (x 75B)
Class androidx.room.vo.Database$identityHash$2                                        : loaded 2 times (x 75B)
Class androidx.room.vo.ReadQueryMethod                                                : loaded 2 times (x 69B)
Class androidx.room.parser.SQLiteParser$Delete_stmt_limitedContext                    : loaded 2 times (x 155B)
Class androidx.room.vo.Constructor$Param                                              : loaded 2 times (x 68B)
Class androidx.room.compiler.processing.javac.kotlin.KmPropertyFunctionContainerImpl  : loaded 2 times (x 105B)
Class androidx.room.compiler.processing.javac.JavacMethodType$typeVariables$2         : loaded 2 times (x 75B)
Class androidx.room.compiler.processing.javac.kotlin.JvmDescriptorUtilsKt             : loaded 2 times (x 67B)
Class androidx.room.compiler.processing.util.NamingUtilsKt                            : loaded 2 times (x 67B)
Class androidx.room.jarjarred.kotlinx.metadata.Attributes$visibility$2                : loaded 2 times (x 133B)
Class androidx.room.jarjarred.kotlinx.metadata.internal.metadata.ProtoBuf$Expression$ConstantValue$1: loaded 2 times (x 70B)
Class androidx.room.jarjarred.kotlinx.metadata.jvm.JvmMemberSignatureKt               : loaded 2 times (x 67B)
Class org.gradle.api.internal.classpath.EffectiveClassPath                            : loaded 2 times (x 86B)
Class [Landroidx.room.solver.prepared.binderprovider.RxPreparedQueryResultBinderProvider;: loaded 2 times (x 65B)
Class androidx.room.solver.prepared.binderprovider.PreparedQueryResultBinderProvider  : loaded 2 times (x 66B)
Class androidx.room.compiler.processing.javac.JavacTypeElement$Companion              : loaded 2 times (x 67B)
Class kotlin.io.FileTreeWalk$FileTreeWalkIterator                                     : loaded 2 times (x 79B)
Class com.google.common.reflect.Types$ClassOwnership$1LocalClass                      : loaded 2 times (x 67B)
Class com.google.common.collect.Maps$EntryFunction                                    : loaded 2 times (x 87B)
Class org.gradle.internal.classloader.ClasspathUtil                                   : loaded 2 times (x 67B)
Class [Landroidx.room.compiler.processing.XFiler$Mode;                                : loaded 2 times (x 65B)
Class androidx.room.vo.SchemaIdentityKey                                              : loaded 2 times (x 68B)
Class androidx.room.vo.InsertionMethod                                                : loaded 2 times (x 68B)
Class androidx.room.jarjarred.org.antlr.v4.runtime.atn.LexerActionType                : loaded 2 times (x 75B)
Class androidx.room.jarjarred.org.antlr.v4.runtime.CharStreams                        : loaded 2 times (x 67B)
Class androidx.room.compiler.processing.javac.JavacFieldElement$getter$2              : loaded 2 times (x 75B)
Class androidx.room.jarjarred.kotlinx.metadata.internal.ReadContext                   : loaded 2 times (x 68B)
Class androidx.room.jarjarred.kotlinx.metadata.internal.extensions.MetadataExtensions$Companion: loaded 2 times (x 67B)
Class kotlin.collections.builders.SetBuilder                                          : loaded 2 times (x 139B)
Class androidx.room.compiler.processing.XArrayType                                    : loaded 2 times (x 66B)
Class androidx.room.compiler.processing.util.MemoizedSequence                         : loaded 2 times (x 71B)
Class kotlin.reflect.jvm.internal.KClassImpl$Data$objectInstance$2                    : loaded 2 times (x 75B)
Class androidx.room.processor.Context                                                 : loaded 2 times (x 68B)
Class kotlin.io.FileSystemException                                                   : loaded 2 times (x 78B)
Class com.google.common.base.Charsets                                                 : loaded 2 times (x 67B)
Class com.google.common.util.concurrent.Uninterruptibles                              : loaded 2 times (x 67B)
Class androidx.room.migration.bundle.BundleUtil                                       : loaded 2 times (x 67B)
Class androidx.room.compiler.codegen.XFunSpec                                         : loaded 2 times (x 66B)
Class androidx.room.processor.SuspendMethodProcessorDelegate$findInsertMethodBinder$1 : loaded 2 times (x 75B)
Class androidx.room.parser.SingleQuerySqlParser$parse$1                               : loaded 2 times (x 78B)
Class androidx.room.parser.SQLiteParser$ExprContext                                   : loaded 2 times (x 193B)
Class androidx.room.jarjarred.kotlinx.metadata.KmTypeParameterVisitor                 : loaded 2 times (x 71B)
Class androidx.room.log.RLog$Companion$MissingTypeErrorFilter$1                       : loaded 2 times (x 74B)
Class androidx.room.jarjarred.kotlinx.metadata.Attributes$modality$10                 : loaded 2 times (x 133B)
Class androidx.room.compiler.processing.javac.kotlin.KotlinClassMetadataUtilsKt       : loaded 2 times (x 67B)
Class androidx.room.jarjarred.kotlinx.metadata.internal.protobuf.RopeByteString       : loaded 2 times (x 106B)
Class androidx.room.processor.DaoProcessor                                            : loaded 2 times (x 68B)
Class com.squareup.kotlinpoet.ClassName$special$$inlined$compareBy$1                  : loaded 2 times (x 85B)
Class com.squareup.javapoet.TypeVariableName                                          : loaded 2 times (x 77B)
Class androidx.room.compiler.processing.XElement                                      : loaded 2 times (x 66B)
Class com.squareup.kotlinpoet.TypeName                                                : loaded 2 times (x 82B)
Class com.squareup.javapoet.LineWrapper$RecordingAppendable                           : loaded 2 times (x 73B)
Class androidx.room.solver.shortcut.binderprovider.RxCompletableInsertMethodBinderProvider$completableType$2: loaded 2 times (x 75B)
Class com.google.common.collect.AbstractMapBasedMultimap$WrappedSet                   : loaded 2 times (x 138B)
Class com.google.common.io.CharSource                                                 : loaded 2 times (x 81B)
Class com.google.common.base.CharMatcher$JavaUpperCase                                : loaded 2 times (x 107B)
Class org.gradle.api.specs.Spec                                                       : loaded 2 times (x 66B)
Class com.squareup.kotlinpoet.MemberName$Companion                                    : loaded 2 times (x 67B)
Class androidx.room.migration.bundle.EntityBundle$Companion                           : loaded 2 times (x 67B)
Class org.apache.commons.codec.binary.StringUtils                                     : loaded 2 times (x 67B)
Class androidx.room.parser.SQLiteParser$Transaction_nameContext                       : loaded 2 times (x 148B)
Class androidx.room.parser.SQLiteParser$Reindex_stmtContext                           : loaded 2 times (x 153B)
Class androidx.room.jarjarred.org.antlr.v4.runtime.CodePointBuffer$Type               : loaded 2 times (x 75B)
Class androidx.room.jarjarred.org.antlr.v4.runtime.IntStream                          : loaded 2 times (x 66B)
Class androidx.room.processor.TableEntityProcessor                                    : loaded 2 times (x 74B)
Class androidx.room.vo.CustomTypeConverter$fromTypeName$2                             : loaded 2 times (x 75B)
Class androidx.room.jarjarred.kotlinx.metadata.jvm.JvmMemberSignature                 : loaded 2 times (x 69B)
Class androidx.room.jarjarred.kotlinx.metadata.internal.protobuf.FieldSet             : loaded 2 times (x 68B)
Class androidx.room.jarjarred.kotlinx.metadata.internal.protobuf.LazyField            : loaded 2 times (x 79B)
Class androidx.room.TypeConverters                                                    : loaded 2 times (x 66B)
Class [Landroidx.room.solver.RxType;                                                  : loaded 2 times (x 65B)
Class androidx.room.jarjarred.kotlinx.metadata.internal.protobuf.SmallSortedMap$EmptySet$1: loaded 2 times (x 74B)
Class androidx.room.solver.QueryResultBinderProvider                                  : loaded 2 times (x 66B)
Class androidx.room.jarjarred.kotlinx.metadata.internal.protobuf.WireFormat$FieldType : loaded 2 times (x 79B)
Class androidx.room.jarjarred.kotlinx.metadata.internal.metadata.ProtoBuf$TypeTable$1 : loaded 2 times (x 140B)
Class androidx.room.jarjarred.kotlinx.metadata.internal.metadata.ProtoBuf$Class$Kind$1: loaded 2 times (x 70B)
Class com.google.common.reflect.Types$JavaVersion                                     : loaded 2 times (x 79B)
Class com.google.common.collect.MapMaker                                              : loaded 2 times (x 68B)
Class androidx.room.compiler.codegen.XCodeBlock                                       : loaded 2 times (x 66B)
Class androidx.room.compiler.codegen.java.JavaLang                                    : loaded 2 times (x 72B)
Class androidx.room.parser.Section                                                    : loaded 2 times (x 68B)
Class androidx.room.parser.SQLiteParser$Raise_functionContext                         : loaded 2 times (x 156B)
Class androidx.room.parser.SQLiteParser$Qualified_table_nameContext                   : loaded 2 times (x 156B)
Class androidx.room.jarjarred.org.antlr.v4.runtime.ParserRuleContext                  : loaded 2 times (x 147B)
Class androidx.room.jarjarred.org.antlr.v4.runtime.atn.ATNConfigSet                   : loaded 2 times (x 144B)
Class androidx.room.jarjarred.org.antlr.v4.runtime.atn.EpsilonTransition              : loaded 2 times (x 72B)
Class androidx.room.jarjarred.org.antlr.v4.runtime.CodePointCharStream$CodePoint32BitCharStream: loaded 2 times (x 84B)
Class org.sqlite.date.FastDatePrinter$Rule                                            : loaded 2 times (x 66B)
Class androidx.room.jarjarred.kotlinx.metadata.jvm.internal.JvmPropertyExtension      : loaded 2 times (x 84B)
Class androidx.room.vo.CustomTypeConverter$isStatic$2                                 : loaded 2 times (x 75B)
Class androidx.room.jarjarred.kotlinx.metadata.Attributes$visibility$6                : loaded 2 times (x 133B)
Class androidx.room.jarjarred.kotlinx.metadata.internal.metadata.ProtoBuf$MemberKind  : loaded 2 times (x 78B)
Class [Landroidx.room.jarjarred.kotlinx.metadata.internal.metadata.ProtoBuf$Class$Kind;: loaded 2 times (x 65B)
Class androidx.room.jarjarred.kotlinx.metadata.internal.metadata.jvm.JvmProtoBuf$StringTableTypes: loaded 2 times (x 106B)
Class androidx.room.compiler.processing.javac.JavacAnnotationBoxKt$ANNOTATION_VALUE_TO_DOUBLE_VISITOR$1: loaded 2 times (x 101B)
Class androidx.room.solver.binderprovider.CoroutineFlowResultBinderProviderImpl       : loaded 2 times (x 72B)
Class androidx.room.compiler.processing.javac.JavacType$typeElement$2                 : loaded 2 times (x 75B)
Class androidx.room.preconditions.Checks                                              : loaded 2 times (x 68B)
Class com.google.auto.common.MoreElements                                             : loaded 2 times (x 67B)
Class com.google.auto.common.MoreTypes                                                : loaded 2 times (x 67B)
Class androidx.room.compiler.processing.javac.JavacFieldElement$syntheticMethodForAnnotations$2: loaded 2 times (x 75B)
Class kotlin.reflect.jvm.internal.KClassImpl$Data$constructors$2                      : loaded 2 times (x 75B)
Class [Landroidx.room.compiler.codegen.CodeLanguage;                                  : loaded 2 times (x 65B)
Class androidx.room.jarjarred.org.antlr.v4.runtime.atn.NotSetTransition               : loaded 2 times (x 72B)
Class androidx.room.DatabaseProcessingStep$Companion                                  : loaded 2 times (x 67B)
Class com.google.common.collect.Sets$3$1                                              : loaded 2 times (x 78B)
Class com.google.common.cache.LocalCache$LoadingValueReference                        : loaded 2 times (x 92B)
Class androidx.room.writer.EntityUpdateAdapterWriter                                  : loaded 2 times (x 68B)
Class androidx.room.solver.prepared.binder.CallablePreparedQueryResultBinder$executeAndReturn$callableImpl$1: loaded 2 times (x 75B)
Class androidx.room.compiler.codegen.XMemberName                                      : loaded 2 times (x 68B)
Class androidx.room.processor.PojoProcessor$chooseConstructor$failureMsg$1            : loaded 2 times (x 74B)
Class androidx.room.solver.query.result.BaseObservableQueryResultBinder               : loaded 2 times (x 69B)
Class androidx.room.parser.SQLiteParser$Module_nameContext                            : loaded 2 times (x 148B)
Class androidx.room.parser.SQLiteParser$Alter_table_stmtContext                       : loaded 2 times (x 158B)
Class androidx.room.jarjarred.org.antlr.v4.runtime.misc.ObjectEqualityComparator      : loaded 2 times (x 73B)
Class [Landroidx.room.jarjarred.org.antlr.v4.runtime.atn.LexerActionType;             : loaded 2 times (x 65B)
Class androidx.room.jarjarred.org.antlr.v4.runtime.atn.StarLoopbackState              : loaded 2 times (x 78B)
Class androidx.room.jarjarred.org.antlr.v4.runtime.atn.BasicBlockStartState           : loaded 2 times (x 79B)
Class org.sqlite.jdbc4.JDBC4ResultSet                                                 : loaded 2 times (x 522B)
Class androidx.room.parser.SQLiteParser$Type_nameContext                              : loaded 2 times (x 154B)
Class androidx.room.compiler.processing.javac.JavacMethodType                         : loaded 2 times (x 87B)
Class androidx.room.ProvidedTypeConverter                                             : loaded 2 times (x 66B)
Class androidx.room.compiler.processing.javac.JavacMethodElement$typeParameters$2     : loaded 2 times (x 75B)
Class com.google.auto.common.AnnotationMirrors                                        : loaded 2 times (x 67B)
Class androidx.room.solver.binderprovider.MultiTypedPagingSourceQueryResultBinderProvider$pagingSourceType$2: loaded 2 times (x 75B)
Class androidx.room.solver.binderprovider.DataSourceFactoryQueryResultBinderProvider  : loaded 2 times (x 72B)
Class androidx.room.Delete                                                            : loaded 2 times (x 66B)
Class androidx.room.parser.SQLiteParser$Index_nameContext                             : loaded 2 times (x 148B)
Class com.squareup.javapoet.ArrayTypeName                                             : loaded 2 times (x 77B)
Class androidx.room.parser.SQLiteParser$Compound_operatorContext                      : loaded 2 times (x 151B)
Class kotlin.collections.MapWithDefaultImpl                                           : loaded 2 times (x 122B)
Class androidx.room.processor.QueryParameterProcessor                                 : loaded 2 times (x 68B)
Class androidx.room.solver.query.result.CoroutineFlowResultBinder                     : loaded 2 times (x 69B)
Class com.google.common.reflect.Invokable$MethodInvokable                             : loaded 2 times (x 103B)
Class com.google.common.collect.MapMakerInternalMap$StrongKeyDummyValueEntry          : loaded 2 times (x 78B)
Class com.google.common.io.LineReader$1                                               : loaded 2 times (x 71B)
Class com.google.common.collect.CollectSpliterators                                   : loaded 2 times (x 67B)
Class com.google.common.collect.AbstractMapBasedMultimap$AsMap                        : loaded 2 times (x 124B)
Class androidx.room.parser.SQLiteParser$Collation_nameContext                         : loaded 2 times (x 148B)
Class androidx.room.ext.GuavaUtilConcurrentTypeNames                                  : loaded 2 times (x 67B)
Class androidx.room.compiler.processing.javac.TypeMirrorExtKt                         : loaded 2 times (x 67B)
Class androidx.room.compiler.codegen.java.JavaFunSpec$Builder                         : loaded 2 times (x 82B)
Class androidx.room.jarjarred.kotlinx.metadata.internal.extensions.KmPropertyExtension: loaded 2 times (x 66B)
Class androidx.room.compiler.processing.javac.JavacVariableElement                    : loaded 2 times (x 196B)
Class androidx.room.jarjarred.kotlinx.metadata.Attributes$modality$14                 : loaded 2 times (x 133B)
Class androidx.room.jarjarred.kotlinx.metadata.internal.protobuf.RopeByteString$RopeInputStream: loaded 2 times (x 88B)
Class androidx.room.jarjarred.kotlinx.metadata.internal.metadata.ProtoBuf$Annotation$1: loaded 2 times (x 140B)
Class androidx.room.jarjarred.kotlinx.metadata.internal.metadata.jvm.JvmProtoBuf$JvmMethodSignature: loaded 2 times (x 104B)
Class androidx.room.writer.DaoWriter$PreparedStmtQuery                                : loaded 2 times (x 68B)
Class org.gradle.internal.classloader.ClassLoaderVisitor                              : loaded 2 times (x 72B)
Class androidx.room.ext.Package_extKt                                                 : loaded 2 times (x 67B)
Class androidx.room.compiler.processing.javac.JavacRoundEnv$rootElements$2            : loaded 2 times (x 75B)
Class com.google.common.base.CharMatcher$None                                         : loaded 2 times (x 108B)
Class [Lcom.google.common.collect.AbstractIterator$State;                             : loaded 2 times (x 65B)
Class kotlin.reflect.jvm.internal.CachesKt$K_PACKAGE_CACHE$1                          : loaded 2 times (x 74B)
Class kotlin.io.FilePathComponents                                                    : loaded 2 times (x 68B)
Class [Lorg.objectweb.asm.AnnotationWriter;                                           : loaded 2 times (x 65B)
Class com.google.common.collect.AbstractMapBasedMultimap$WrappedList                  : loaded 2 times (x 201B)
Class com.google.common.primitives.Ints$IntConverter                                  : loaded 2 times (x 86B)
Class com.squareup.kotlinpoet.MemberName                                              : loaded 2 times (x 68B)
Class androidx.room.compiler.codegen.XCodeBlock$Builder$Companion                     : loaded 2 times (x 67B)
Class org.apache.commons.codec.BinaryDecoder                                          : loaded 2 times (x 66B)
Class androidx.room.vo.Database$implClassName$2                                       : loaded 2 times (x 75B)
Class androidx.room.processor.DatabaseProcessor$validateUniqueDaoClasses$check$1      : loaded 2 times (x 75B)
Class androidx.room.solver.TypeAdapterExtras                                          : loaded 2 times (x 68B)
Class androidx.room.jarjarred.org.antlr.v4.runtime.atn.OrderedATNConfigSet$LexerConfigHashSet: loaded 2 times (x 136B)
Class androidx.room.jarjarred.org.antlr.v4.runtime.atn.ATNDeserializer                : loaded 2 times (x 77B)
Class com.google.common.io.ByteSource$ConcatenatedByteSource                          : loaded 2 times (x 81B)
Class androidx.room.vo.Entity$createPrimaryKeyDefinition$keys$1                       : loaded 2 times (x 74B)
Class androidx.room.jarjarred.kotlinx.metadata.jvm.JvmTypeParameterExtensionVisitor   : loaded 2 times (x 75B)
Class kotlin.reflect.jvm.internal.KDeclarationContainerImpl$Data$moduleData$2         : loaded 2 times (x 75B)
Class androidx.room.compiler.processing.javac.JavacMethodType$returnType$2            : loaded 2 times (x 75B)
Class androidx.room.jarjarred.kotlinx.metadata.KmValueParameterVisitor                : loaded 2 times (x 72B)
Class androidx.room.jarjarred.kotlinx.metadata.internal.protobuf.BoundedByteString    : loaded 2 times (x 108B)
Class kotlin.sequences.SequencesKt__SequenceBuilderKt$sequence$$inlined$Sequence$1    : loaded 2 times (x 71B)
Class androidx.room.compiler.processing.javac.JavacAnnotationBoxKt$ANNOTATION_VALUE_BYTE_ARR_VISITOR$1: loaded 2 times (x 101B)
Class [Landroidx.room.solver.shortcut.binderprovider.RxCallableDeleteOrUpdateMethodBinderProvider;: loaded 2 times (x 65B)
Class [Landroidx.room.solver.types.PrimitiveColumnTypeAdapter$Companion$Primitive;    : loaded 2 times (x 65B)
Class androidx.room.processor.Context$CommonTypes$VOID$2                              : loaded 2 times (x 75B)
Class androidx.room.compiler.processing.javac.JavacTypeElement$kotlinMetadata$2       : loaded 2 times (x 75B)
Class androidx.room.processor.Context$schemaInFolderPath$2                            : loaded 2 times (x 75B)
Class androidx.room.compiler.processing.javac.kotlin.KmVisibility                     : loaded 2 times (x 66B)
Class com.google.common.base.Predicates$CompositionPredicate                          : loaded 2 times (x 84B)
Class [Lcom.google.common.collect.Iterators$EmptyModifiableIterator;                  : loaded 2 times (x 65B)
Class com.google.common.collect.Lists$ReverseList$1                                   : loaded 2 times (x 95B)
Class com.google.common.collect.ImmutableRangeSet$Builder                             : loaded 2 times (x 73B)
Class com.google.common.collect.Sets$SetView                                          : loaded 2 times (x 134B)
Class com.google.common.cache.LocalCache$StrongValueReference                         : loaded 2 times (x 86B)
Class com.google.common.util.concurrent.AbstractFuture$SynchronizedHelper             : loaded 2 times (x 74B)
Class com.google.common.base.CharMatcher$Invisible                                    : loaded 2 times (x 108B)
Class [Lcom.squareup.javapoet.LineWrapper$FlushType;                                  : loaded 2 times (x 65B)
Class androidx.room.compiler.codegen.java.JavaFunSpec                                 : loaded 2 times (x 75B)
Class androidx.room.jarjarred.org.antlr.v4.runtime.misc.AbstractEqualityComparator    : loaded 2 times (x 73B)
Class androidx.room.jarjarred.kotlinx.metadata.KmTypeParameter                        : loaded 2 times (x 72B)
Class androidx.room.vo.PrimaryKey                                                     : loaded 2 times (x 74B)
Class androidx.room.vo.HasFields                                                      : loaded 2 times (x 66B)
Class androidx.room.jarjarred.kotlinx.metadata.internal.protobuf.GeneratedMessageLite$Builder: loaded 2 times (x 124B)
Class androidx.room.jarjarred.kotlinx.metadata.internal.metadata.ProtoBuf$ConstructorOrBuilder: loaded 2 times (x 66B)
Class androidx.room.solver.prepared.binderprovider.RxCompletablePreparedQueryResultBinderProvider$completableType$2: loaded 2 times (x 75B)
Class androidx.room.compiler.processing.javac.JavacType$superTypes$2                  : loaded 2 times (x 75B)
Class androidx.room.solver.binderprovider.LiveDataQueryResultBinderProvider$liveDataType$2: loaded 2 times (x 75B)
Class androidx.room.ext.KotlinTypeNames                                               : loaded 2 times (x 67B)
Class com.google.common.graph.SuccessorsFunction                                      : loaded 2 times (x 66B)
Class org.objectweb.asm.Type                                                          : loaded 2 times (x 68B)
Class org.gradle.internal.classloader.VisitableURLClassLoader$InstrumentingVisitableURLClassLoader: loaded 2 times (x 119B)
Class androidx.room.ext.Xpoet_extKt$WhenMappings                                      : loaded 2 times (x 67B)
Class androidx.room.solver.query.result.SingleColumnRowAdapter                        : loaded 2 times (x 71B)
Class androidx.room.parser.SQLiteParser$Update_stmtContext                            : loaded 2 times (x 168B)
Class androidx.room.parser.SQLiteParser$Begin_stmtContext                             : loaded 2 times (x 153B)
Class androidx.room.jarjarred.org.antlr.v4.runtime.tree.ParseTree                     : loaded 2 times (x 66B)
Class androidx.room.jarjarred.org.antlr.v4.runtime.atn.Transition$1                   : loaded 2 times (x 130B)
Class [Landroidx.room.parser.Collate;                                                 : loaded 2 times (x 65B)
Class androidx.room.processor.EntityProcessor                                         : loaded 2 times (x 66B)
Class androidx.room.compiler.processing.javac.JavacMethodType$Companion               : loaded 2 times (x 67B)
Class androidx.room.compiler.processing.javac.JavacMethodElement                      : loaded 2 times (x 265B)
Class androidx.room.jarjarred.kotlinx.metadata.KmTypeVisitor                          : loaded 2 times (x 78B)
Class androidx.room.jarjarred.kotlinx.metadata.internal.extensions.MetadataExtensions : loaded 2 times (x 66B)
Class androidx.room.solver.shortcut.binderprovider.RxSingleOrMaybeDeleteOrUpdateMethodBinderProvider: loaded 2 times (x 75B)
Class androidx.room.compiler.processing.javac.JavacAnnotationBoxKt$ANNOTATION_VALUE_TO_SHORT_VISITOR$1: loaded 2 times (x 101B)
Class androidx.room.solver.shortcut.binderprovider.RxCompletableUpsertMethodBinderProvider$completableType$2: loaded 2 times (x 75B)
Class androidx.room.solver.shortcut.binderprovider.GuavaListenableFutureDeleteOrUpdateMethodBinderProvider: loaded 2 times (x 72B)
Class androidx.room.solver.RxType                                                     : loaded 2 times (x 76B)
Class androidx.room.jarjarred.kotlinx.metadata.internal.protobuf.MessageLiteOrBuilder : loaded 2 times (x 66B)
Class androidx.room.solver.types.BoxedBooleanToBoxedIntConverter$create$1             : loaded 2 times (x 71B)
Class androidx.room.solver.types.PrimitiveColumnTypeAdapter$Companion$WhenMappings    : loaded 2 times (x 67B)
Class androidx.room.processor.Context$typeAdapterStore$2                              : loaded 2 times (x 75B)
Class androidx.room.compiler.processing.javac.JavacExecutableElement$enclosingElement$2: loaded 2 times (x 75B)
Class com.google.auto.common.MoreTypes$ExecutableTypeVisitor                          : loaded 2 times (x 98B)
Class androidx.room.compiler.processing.javac.JavacMethodParameter$closestMemberContainer$2: loaded 2 times (x 75B)
Class androidx.room.compiler.processing.javac.JavacConstructorElement$parameters$2$1$1: loaded 2 times (x 75B)
Class androidx.room.processor.Context$BooleanProcessorOptions                         : loaded 2 times (x 76B)
Class androidx.room.vo.FieldSetter                                                    : loaded 2 times (x 68B)
Class com.google.common.collect.MapMakerInternalMap$StrongKeyDummyValueEntry$Helper   : loaded 2 times (x 75B)
Class com.google.common.io.Files$FileByteSink                                         : loaded 2 times (x 73B)
Class org.objectweb.asm.ByteVector                                                    : loaded 2 times (x 75B)
Class [Lcom.google.common.cache.CacheBuilder$NullListener;                            : loaded 2 times (x 65B)
Class com.google.common.math.IntMath$1                                                : loaded 2 times (x 67B)
Class org.gradle.internal.classloader.VisitableURLClassLoader$Spec                    : loaded 2 times (x 70B)
Class org.gradle.internal.classpath.DefaultClassPath                                  : loaded 2 times (x 86B)
Class com.squareup.javapoet.TypeSpec                                                  : loaded 2 times (x 68B)
Class androidx.room.vo.ShortcutQueryParameter                                         : loaded 2 times (x 68B)
Class androidx.room.parser.SQLiteParser$Table_functionContext                         : loaded 2 times (x 148B)
Class androidx.room.jarjarred.org.antlr.v4.runtime.atn.LexerATNSimulator              : loaded 2 times (x 98B)
Class androidx.room.ext.Xpoet_extKt                                                   : loaded 2 times (x 67B)
Class androidx.room.vo.CustomTypeConverter                                            : loaded 2 times (x 68B)
Class kotlin.reflect.jvm.internal.KMutableProperty1Impl$_setter$1                     : loaded 2 times (x 75B)
Class androidx.room.jarjarred.kotlinx.metadata.jvm.JvmFunctionExtensionVisitor        : loaded 2 times (x 76B)
Class org.sqlite.SQLiteJDBCLoader$VersionHolder                                       : loaded 2 times (x 67B)
Class androidx.room.jarjarred.org.antlr.v4.runtime.CharStream                         : loaded 2 times (x 66B)
Class androidx.room.ext.RoomPagingGuavaTypeNames                                      : loaded 2 times (x 67B)
Class androidx.room.solver.binderprovider.QueryResultBinderProviderWithRequiredArtifactKt: loaded 2 times (x 67B)
Class androidx.room.RawQuery                                                          : loaded 2 times (x 66B)
Class androidx.room.solver.types.BoxedBooleanToBoxedIntConverter$create$2             : loaded 2 times (x 71B)
Class androidx.room.jarjarred.org.antlr.v4.runtime.tree.ErrorNode                     : loaded 2 times (x 66B)
Class androidx.room.compiler.processing.javac.JavacTypeVariableType$equalityItems$2   : loaded 2 times (x 75B)
Class androidx.room.solver.prepared.binder.PreparedQueryResultBinder                  : loaded 2 times (x 69B)
Class androidx.room.vo.Database$legacyIdentityHash$2$invoke$$inlined$sortedBy$2       : loaded 2 times (x 85B)
Class com.google.common.reflect.Types$ClassOwnership                                  : loaded 2 times (x 76B)
Class org.objectweb.asm.Symbol                                                        : loaded 2 times (x 69B)
Class com.google.common.base.AbstractIterator                                         : loaded 2 times (x 76B)
Class androidx.room.writer.TableInfoValidationWriter$Companion                        : loaded 2 times (x 67B)
Class com.squareup.javapoet.JavaFile                                                  : loaded 2 times (x 68B)
Class androidx.room.writer.FieldReadWriteWriter$Companion                             : loaded 2 times (x 67B)
Class androidx.room.writer.EntityInsertionAdapterWriter                               : loaded 2 times (x 68B)
Class androidx.room.solver.query.result.PojoIndexAdapter                              : loaded 2 times (x 72B)
Class androidx.room.vo.CallType                                                       : loaded 2 times (x 75B)
Class androidx.room.processor.PojoProcessor$doProcess$methods$1                       : loaded 2 times (x 74B)
Class androidx.room.jarjarred.kotlinx.metadata.KmPropertyExtensionVisitor             : loaded 2 times (x 66B)
Class com.squareup.javapoet.ClassName$1                                               : loaded 2 times (x 93B)
Class androidx.room.jarjarred.kotlinx.metadata.MemberKind                             : loaded 2 times (x 75B)
Class androidx.room.jarjarred.kotlinx.metadata.Attributes$modality$2                  : loaded 2 times (x 133B)
Class androidx.room.compiler.processing.javac.kotlin.KmClassContainer$functionByDescriptor$2: loaded 2 times (x 75B)
Class org.gradle.internal.classloader.DefaultClassLoaderFactory                       : loaded 2 times (x 78B)
Class com.google.common.base.Suppliers                                                : loaded 2 times (x 67B)
Class androidx.room.solver.shortcut.binderprovider.DeleteOrUpdateMethodBinderProvider : loaded 2 times (x 66B)
Class [Landroidx.room.solver.types.SingleStatementTypeConverter;                      : loaded 2 times (x 65B)
Class androidx.room.compiler.processing.javac.JavacType$xTypeName$2                   : loaded 2 times (x 75B)
Class androidx.room.compiler.codegen.XClassName                                       : loaded 2 times (x 71B)
Class [Lcom.google.common.cache.CacheBuilder$OneWeigher;                              : loaded 2 times (x 65B)
Class androidx.room.compiler.processing.XBasicAnnotationProcessor                     : loaded 2 times (x 66B)
Class com.google.common.collect.Sets$FilteredSet                                      : loaded 2 times (x 133B)
Class com.google.common.io.Closer                                                     : loaded 2 times (x 74B)
Class com.google.common.io.Java8Compatibility                                         : loaded 2 times (x 67B)
Class com.google.common.base.CharMatcher$BitSetMatcher                                : loaded 2 times (x 108B)
Class com.google.common.base.CharMatcher$Ascii                                        : loaded 2 times (x 108B)
Class org.gradle.internal.classloader.ClassLoaderSpec                                 : loaded 2 times (x 67B)
Class androidx.room.compiler.codegen.XCodeBlock$Companion                             : loaded 2 times (x 67B)
Class androidx.room.vo.Dao$implTypeName$2                                             : loaded 2 times (x 75B)
Class org.objectweb.asm.MethodTooLargeException                                       : loaded 2 times (x 79B)
Class androidx.room.jarjarred.org.antlr.v4.runtime.atn.LexerATNSimulator$SimState     : loaded 2 times (x 69B)
Class androidx.room.jarjarred.org.antlr.v4.runtime.atn.LexerChannelAction             : loaded 2 times (x 72B)
Class androidx.room.jarjarred.org.antlr.v4.runtime.RecognitionException               : loaded 2 times (x 85B)
Class androidx.room.jarjarred.org.antlr.v4.runtime.CodePointBuffer$1                  : loaded 2 times (x 67B)
Class androidx.room.vo.PojoMethod                                                     : loaded 2 times (x 68B)
Class androidx.room.processor.PojoProcessor$doProcess$methods$2                       : loaded 2 times (x 75B)
Class androidx.room.jarjarred.kotlinx.metadata.internal.protobuf.FieldSet$1           : loaded 2 times (x 67B)
Class androidx.room.solver.shortcut.binderprovider.RxSingleOrMaybeInsertMethodBinderProvider: loaded 2 times (x 75B)
Class com.google.common.collect.MapMakerInternalMap$Strength                          : loaded 2 times (x 76B)
Class androidx.room.compiler.processing.javac.JavacDeclaredType$typeArguments$2       : loaded 2 times (x 75B)
Class androidx.room.compiler.processing.javac.JavacType                               : loaded 2 times (x 183B)
Class com.squareup.kotlinpoet.TagMap$Companion                                        : loaded 2 times (x 67B)
Class com.google.common.collect.MapMakerInternalMap$StrongKeyDummyValueEntry$LinkedStrongKeyDummyValueEntry: loaded 2 times (x 78B)
Class kotlin.io.LinesSequence                                                         : loaded 2 times (x 71B)
Class com.google.common.io.ByteSource$EmptyByteSource                                 : loaded 2 times (x 81B)
Class org.objectweb.asm.AnnotationWriter                                              : loaded 2 times (x 75B)
Class com.google.common.cache.CacheStats                                              : loaded 2 times (x 67B)
Class androidx.room.compiler.codegen.XMemberName$Companion                            : loaded 2 times (x 67B)
Class androidx.room.writer.DaoWriter$InsertionMethodProperty                          : loaded 2 times (x 71B)
Class androidx.room.compiler.codegen.TargetLanguage                                   : loaded 2 times (x 66B)
Class androidx.room.vo.Database$typeName$2                                            : loaded 2 times (x 75B)
Class androidx.room.vo.DeleteOrUpdateShortcutMethod                                   : loaded 2 times (x 68B)
Class androidx.room.solver.shortcut.result.InsertOrUpsertMethodAdapter                : loaded 2 times (x 68B)
Class androidx.room.processor.ShortcutParameterProcessor                              : loaded 2 times (x 68B)
Class androidx.room.processor.PojoProcessor$FailedConstructor                         : loaded 2 times (x 68B)
Class androidx.room.parser.SQLiteParser$Table_constraintContext                       : loaded 2 times (x 165B)
Class androidx.room.jarjarred.org.antlr.v4.runtime.dfa.DFAState                       : loaded 2 times (x 69B)
Class androidx.room.jarjarred.org.antlr.v4.runtime.atn.PlusLoopbackState              : loaded 2 times (x 78B)
Class [Lorg.sqlite.SQLiteConfig$PragmaValue;                                          : loaded 2 times (x 65B)
Class androidx.room.parser.Collate$Companion                                          : loaded 2 times (x 67B)
Class androidx.room.compiler.processing.XMethodType                                   : loaded 2 times (x 66B)
Class androidx.room.jarjarred.kotlinx.metadata.internal.metadata.deserialization.VersionRequirementTable$Companion: loaded 2 times (x 67B)
Class androidx.room.jarjarred.kotlinx.metadata.internal.metadata.jvm.JvmProtoBuf$JvmMethodSignature$Builder: loaded 2 times (x 130B)
Class androidx.room.jarjarred.kotlinx.metadata.internal.protobuf.Internal$EnumLiteMap : loaded 2 times (x 66B)
Class androidx.room.jarjarred.kotlinx.metadata.internal.metadata.jvm.JvmProtoBuf$JvmFieldSignatureOrBuilder: loaded 2 times (x 66B)
Class androidx.room.jarjarred.kotlinx.metadata.internal.protobuf.WireFormat$JavaType  : loaded 2 times (x 75B)
Class androidx.room.jarjarred.kotlinx.metadata.internal.protobuf.LiteralByteString    : loaded 2 times (x 108B)
Class androidx.room.jarjarred.kotlinx.metadata.internal.protobuf.GeneratedMessageLite : loaded 2 times (x 97B)
Class androidx.room.jarjarred.kotlinx.metadata.internal.metadata.deserialization.BinaryVersion$Companion: loaded 2 times (x 67B)
Class androidx.room.util.SimpleJavaVersion$compareTo$$inlined$thenBy$2                : loaded 2 times (x 86B)
Class androidx.room.compiler.processing.javac.JavacAnnotationBoxKt$ANNOTATION_VALUE_BOOLEAN_ARR_VISITOR$1: loaded 2 times (x 101B)
Class androidx.room.solver.binderprovider.InstantQueryResultBinderProvider            : loaded 2 times (x 72B)
Class androidx.room.solver.shortcut.binderprovider.RxSingleMaybeUpsertMethodBinderProvider: loaded 2 times (x 75B)
Class [Landroidx.room.solver.shortcut.binderprovider.RxCallableInsertMethodBinderProvider;: loaded 2 times (x 65B)
Class androidx.room.compiler.processing.XMemberContainer                              : loaded 2 times (x 66B)
Class androidx.room.jarjarred.kotlinx.metadata.internal.protobuf.AbstractMessageLite$Builder$LimitedInputStream: loaded 2 times (x 88B)
Class com.google.common.collect.Interners                                             : loaded 2 times (x 67B)
Class com.google.common.io.Closer$Suppressor                                          : loaded 2 times (x 66B)
Class com.google.common.io.LineProcessor                                              : loaded 2 times (x 66B)
Class com.google.common.collect.ImmutableMultisetGwtSerializationDependencies         : loaded 2 times (x 121B)
Class org.objectweb.asm.RecordComponentWriter                                         : loaded 2 times (x 74B)
Class com.google.common.util.concurrent.AbstractFuture$Listener                       : loaded 2 times (x 68B)
Class com.google.common.base.CharMatcher$Or                                           : loaded 2 times (x 108B)
Class androidx.room.writer.DaoWriter$createConstructor$body$1$1                       : loaded 2 times (x 74B)
Class androidx.room.compiler.codegen.XTypeSpec$Companion$WhenMappings                 : loaded 2 times (x 67B)
Class androidx.room.compiler.codegen.java.JavaPropertySpec                            : loaded 2 times (x 75B)
Class androidx.room.compiler.codegen.java.JavaFunSpecKt$WhenMappings                  : loaded 2 times (x 67B)
Class androidx.room.processor.UpdateMethodProcessor                                   : loaded 2 times (x 68B)
Class androidx.room.log.RLog$DiagnosticMessage                                        : loaded 2 times (x 68B)
Class androidx.room.compiler.processing.javac.JavacTypeVariableType                   : loaded 2 times (x 207B)
Class androidx.room.parser.Section$BindVar$varName$2                                  : loaded 2 times (x 75B)
Class androidx.room.jarjarred.org.antlr.v4.runtime.tree.TerminalNodeImpl              : loaded 2 times (x 119B)
Class androidx.room.parser.SingleQuerySqlParser                                       : loaded 2 times (x 67B)
Class androidx.room.vo.HasSchemaIdentity                                              : loaded 2 times (x 66B)
Class androidx.room.processor.FieldProcessor                                          : loaded 2 times (x 68B)
Class androidx.room.compiler.processing.XMethodElementKt                              : loaded 2 times (x 67B)
Class androidx.room.jarjarred.kotlinx.metadata.Attributes$visibility$22               : loaded 2 times (x 133B)
Class androidx.room.compiler.processing.javac.kotlin.KmBaseTypeContainer              : loaded 2 times (x 66B)
Class androidx.room.jarjarred.kotlinx.metadata.jvm.JvmConstructorExtensionVisitor$Companion: loaded 2 times (x 67B)
Class androidx.room.jarjarred.kotlinx.metadata.internal.metadata.ProtoBuf$VersionRequirementTable: loaded 2 times (x 103B)
Class kotlin.io.FileTreeWalk$DirectoryState                                           : loaded 2 times (x 69B)
Class org.objectweb.asm.Attribute                                                     : loaded 2 times (x 73B)
Class com.google.common.base.Supplier                                                 : loaded 2 times (x 66B)
Class org.gradle.internal.classloader.VisitableURLClassLoader                         : loaded 2 times (x 113B)
Class androidx.room.compiler.processing.javac.JavacMethodElement$kotlinDefaultImplClass$2: loaded 2 times (x 75B)
Class androidx.room.writer.DaoWriter$createConstructor$body$1$2                       : loaded 2 times (x 74B)
Class androidx.room.solver.shortcut.binder.CallableDeleteOrUpdateMethodBinder$Companion: loaded 2 times (x 67B)
Class [Landroidx.room.solver.shortcut.result.InsertOrUpsertMethodAdapter$ReturnInfo;  : loaded 2 times (x 65B)
Class androidx.room.compiler.processing.javac.kotlin.JvmDescriptorTypeVisitor$visitExecutable$parameterDescriptors$1: loaded 2 times (x 75B)
Class androidx.room.parser.SQLiteParser$Boolean_literalContext                        : loaded 2 times (x 149B)
Class androidx.room.parser.SQLiteParser$Detach_stmtContext                            : loaded 2 times (x 150B)
Class androidx.room.jarjarred.org.antlr.v4.runtime.CodePointCharStream$CodePoint8BitCharStream: loaded 2 times (x 84B)
Class org.sqlite.jdbc3.JDBC3Statement$SQLCallable                                     : loaded 2 times (x 66B)
Class org.sqlite.Function$Aggregate                                                   : loaded 2 times (x 71B)
Class [Lorg.sqlite.SQLiteConfig$Encoding;                                             : loaded 2 times (x 65B)
Class androidx.room.processor.cache.Cache$PojoKey                                     : loaded 2 times (x 68B)
Class androidx.room.jarjarred.kotlinx.metadata.Attributes$modality$6                  : loaded 2 times (x 133B)
Class androidx.room.parser.QueryType                                                  : loaded 2 times (x 75B)
Class androidx.room.solver.prepared.binderprovider.RxSingleOrMaybePreparedQueryResultBinderProvider: loaded 2 times (x 75B)
Class androidx.room.parser.BindParameterNode                                          : loaded 2 times (x 105B)
Class androidx.room.vo.CustomTypeConverter$WhenMappings                               : loaded 2 times (x 67B)
Class androidx.room.compiler.processing.javac.JavacBasicAnnotationProcessor$commonDelegate$2: loaded 2 times (x 75B)
Class androidx.room.writer.DaoWriter$DeleteOrUpdateAdapterProperty                    : loaded 2 times (x 71B)
Class com.google.common.collect.ImmutableList$SerializedForm                          : loaded 2 times (x 69B)
Class com.google.common.util.concurrent.AbstractFuture$Waiter                         : loaded 2 times (x 68B)
Class org.gradle.internal.Cast                                                        : loaded 2 times (x 67B)
Class org.gradle.api.Action                                                           : loaded 2 times (x 66B)
Class androidx.room.writer.DatabaseWriter$WhenMappings                                : loaded 2 times (x 67B)
Class com.squareup.javapoet.LineWrapper$FlushType                                     : loaded 2 times (x 75B)
Class com.squareup.javapoet.FieldSpec                                                 : loaded 2 times (x 68B)
Class androidx.room.processor.InsertionMethodProcessor                                : loaded 2 times (x 68B)
Class androidx.room.jarjarred.org.antlr.v4.runtime.atn.ProfilingATNSimulator          : loaded 2 times (x 116B)
Class androidx.room.parser.SQLiteParser                                               : loaded 2 times (x 149B)
Class androidx.room.jarjarred.org.antlr.v4.runtime.atn.RuleTransition                 : loaded 2 times (x 73B)
Class androidx.room.vo.Database$legacyIdentityHash$2$invoke$$inlined$sortedBy$1       : loaded 2 times (x 85B)
Class androidx.room.vo.Fields$columnNames$2                                           : loaded 2 times (x 75B)
Class androidx.room.compiler.processing.javac.JavacFieldElement                       : loaded 2 times (x 223B)
Class androidx.room.jarjarred.kotlinx.metadata.internal.FlagImpl                      : loaded 2 times (x 68B)
Class androidx.room.jarjarred.kotlinx.metadata.jvm.JvmExtensionsKt                    : loaded 2 times (x 67B)
Class androidx.room.jarjarred.kotlinx.metadata.internal.metadata.ProtoBuf$ContractOrBuilder: loaded 2 times (x 66B)
Class androidx.room.solver.TypeConverterStoreImpl                                     : loaded 2 times (x 76B)
Class androidx.room.compiler.processing.util.MemoizedSequence$delegateIterator$2      : loaded 2 times (x 75B)
Class org.objectweb.asm.ClassVisitor                                                  : loaded 2 times (x 84B)
Class com.google.common.collect.HashBiMap                                             : loaded 2 times (x 139B)
Class com.google.common.collect.MapMakerInternalMap                                   : loaded 2 times (x 157B)
Class com.google.common.collect.Sets                                                  : loaded 2 times (x 67B)
Class org.objectweb.asm.Handler                                                       : loaded 2 times (x 68B)
Class com.google.common.base.Ticker                                                   : loaded 2 times (x 68B)
Class com.google.common.base.Strings                                                  : loaded 2 times (x 67B)
Class com.google.common.base.CharMatcher$FastMatcher                                  : loaded 2 times (x 107B)
Class androidx.room.writer.EntityDeleteComparator                                     : loaded 2 times (x 85B)
Class androidx.room.jarjarred.org.antlr.v4.runtime.Token                              : loaded 2 times (x 66B)
Class org.sqlite.SQLiteOpenMode                                                       : loaded 2 times (x 75B)
Class [Lorg.objectweb.asm.Symbol;                                                     : loaded 2 times (x 65B)
Class androidx.room.compiler.processing.javac.JavacMethodType$NormalMethodType        : loaded 2 times (x 87B)
Class androidx.room.jarjarred.kotlinx.metadata.internal.metadata.deserialization.Flags: loaded 2 times (x 67B)
Class [Landroidx.room.jarjarred.kotlinx.metadata.internal.metadata.ProtoBuf$VersionRequirement$VersionKind;: loaded 2 times (x 65B)
Class androidx.room.jarjarred.kotlinx.metadata.internal.extensions.KmConstructorExtension: loaded 2 times (x 66B)
Class androidx.room.jarjarred.kotlinx.metadata.jvm.internal.JvmMetadataExtensions     : loaded 2 times (x 99B)
Class androidx.room.jarjarred.kotlinx.metadata.internal.metadata.deserialization.BinaryVersion: loaded 2 times (x 70B)
Class com.google.common.cache.LocalCache$Values                                       : loaded 2 times (x 114B)
Class com.google.common.reflect.TypeCapture                                           : loaded 2 times (x 67B)
Class androidx.room.compiler.processing.XRoundEnv                                     : loaded 2 times (x 66B)
Class kotlin.reflect.jvm.internal.KCallableImpl$_typeParameters$1                     : loaded 2 times (x 75B)
Class androidx.room.compiler.processing.XProcessingEnv$Backend                        : loaded 2 times (x 75B)
Class androidx.room.Database                                                          : loaded 2 times (x 66B)
Class com.google.common.cache.RemovalCause$1                                          : loaded 2 times (x 76B)
Class [Lcom.google.common.cache.LocalCache$Segment;                                   : loaded 2 times (x 65B)
Class [Lcom.google.common.cache.LocalCache$Strength;                                  : loaded 2 times (x 65B)
Class com.google.common.cache.CacheBuilder$1                                          : loaded 2 times (x 81B)
Class org.gradle.internal.classpath.DefaultClassPath$ImmutableUniqueList$Builder      : loaded 2 times (x 71B)
Class androidx.room.compiler.processing.XFilerKt$WhenMappings                         : loaded 2 times (x 67B)
Class androidx.room.compiler.codegen.java.JavaTypeSpec$Builder                        : loaded 2 times (x 84B)
Class androidx.room.migration.bundle.DatabaseBundle$entitiesByTableName$2             : loaded 2 times (x 75B)
Class androidx.room.migration.bundle.FieldBundle                                      : loaded 2 times (x 78B)
Class androidx.room.vo.Database$bundle$2                                              : loaded 2 times (x 75B)
Class androidx.room.vo.Dao$deleteOrUpdateShortcutMethods$2                            : loaded 2 times (x 75B)
Class androidx.room.vo.QueryMethod                                                    : loaded 2 times (x 68B)
Class androidx.room.verifier.ColumnInfo                                               : loaded 2 times (x 68B)
Class androidx.room.parser.SQLiteParser$Update_stmt_limitedContext                    : loaded 2 times (x 170B)
Class androidx.room.jarjarred.org.antlr.v4.runtime.tree.RuleNode                      : loaded 2 times (x 66B)
Class androidx.room.jarjarred.org.antlr.v4.runtime.Vocabulary                         : loaded 2 times (x 66B)
Class androidx.room.compiler.processing.XMethodTypeKt                                 : loaded 2 times (x 67B)
Class org.sqlite.jdbc4.JDBC4DatabaseMetaData                                          : loaded 2 times (x 437B)
Class androidx.room.ext.Xtype_extKt                                                   : loaded 2 times (x 67B)
Class androidx.room.compiler.processing.javac.JavacConstructorElement$typeParameters$2: loaded 2 times (x 75B)
Class androidx.room.jarjarred.kotlinx.metadata.Modality                               : loaded 2 times (x 75B)
Class androidx.room.jarjarred.kotlinx.metadata.internal.metadata.ProtoBuf$TypeTableOrBuilder: loaded 2 times (x 66B)
Class androidx.room.solver.prepared.binderprovider.RxPreparedQueryResultBinderProvider: loaded 2 times (x 75B)
Class androidx.room.compiler.processing.javac.JavacArrayType$componentType$2          : loaded 2 times (x 75B)
Class androidx.room.compiler.processing.javac.JavacDeclaredType                       : loaded 2 times (x 183B)
Class androidx.room.log.RLog$Companion                                                : loaded 2 times (x 67B)
Class androidx.room.compiler.processing.javac.XTypeElementStore                       : loaded 2 times (x 68B)
Class kotlin.reflect.jvm.internal.KProperty1Impl$_getter$1                            : loaded 2 times (x 75B)
Class androidx.room.util.SimpleJavaVersion$compareTo$$inlined$thenBy$1                : loaded 2 times (x 86B)
Class com.squareup.kotlinpoet.TagMap                                                  : loaded 2 times (x 75B)
Class kotlin.io.FileTreeWalk$WalkState                                                : loaded 2 times (x 69B)
Class com.google.common.cache.RemovalCause$2                                          : loaded 2 times (x 76B)
Class com.google.common.collect.MapMakerInternalMap$WeakValueReference                : loaded 2 times (x 66B)
Class com.google.common.collect.AbstractRangeSet                                      : loaded 2 times (x 110B)
Class com.google.common.cache.LocalCache                                              : loaded 2 times (x 183B)
Class com.google.common.cache.CacheBuilder$2                                          : loaded 2 times (x 68B)
Class com.google.common.base.CharMatcher$NegatedFastMatcher                           : loaded 2 times (x 109B)
Class androidx.room.writer.TypeWriter$SharedPropertySpec                              : loaded 2 times (x 71B)
Class androidx.room.RoomMasterTable                                                   : loaded 2 times (x 67B)
Class androidx.room.solver.shortcut.binder.InsertOrUpsertMethodBinder                 : loaded 2 times (x 69B)
Class androidx.room.jarjarred.org.antlr.v4.runtime.atn.ATNDeserializationOptions      : loaded 2 times (x 68B)
Class androidx.room.verifier.DatabaseVerifier$Companion                               : loaded 2 times (x 67B)
Class androidx.room.compiler.processing.javac.kotlin.KmConstructorContainer           : loaded 2 times (x 96B)
Class androidx.room.vo.Field                                                          : loaded 2 times (x 71B)
Class androidx.room.vo.BuiltInConverterFlagsKt$WhenMappings                           : loaded 2 times (x 67B)
Class com.squareup.javapoet.TypeName$1                                                : loaded 2 times (x 105B)
Class androidx.room.compiler.processing.javac.JavacMethodElement$returnType$2         : loaded 2 times (x 75B)
Class androidx.room.compiler.processing.javac.kotlin.KmTypeContainer                  : loaded 2 times (x 72B)
Class androidx.room.compiler.processing.javac.kotlin.KmClassContainer$functionList$2  : loaded 2 times (x 75B)
Class androidx.room.compiler.processing.javac.kotlin.KmClassContainer$type$2          : loaded 2 times (x 75B)
Class androidx.room.jarjarred.kotlinx.metadata.internal.metadata.jvm.JvmProtoBuf$JvmPropertySignature$1: loaded 2 times (x 140B)
Class androidx.room.solver.types.BoxedBooleanToBoxedIntConverter                      : loaded 2 times (x 67B)
Class androidx.room.solver.binderprovider.CursorQueryResultBinderProvider             : loaded 2 times (x 72B)
Class androidx.room.jarjarred.kotlinx.metadata.internal.metadata.ProtoBuf$Constructor : loaded 2 times (x 120B)
Class androidx.room.compiler.processing.XProcessingEnv$WhenMappings                   : loaded 2 times (x 67B)
Class androidx.room.parser.SQLTypeAffinity                                            : loaded 2 times (x 75B)
Class androidx.room.compiler.processing.javac.JavacTypeElement$Companion$WhenMappings : loaded 2 times (x 67B)
Class androidx.room.jarjarred.kotlinx.metadata.internal.metadata.ProtoBuf$TypeOrBuilder: loaded 2 times (x 66B)
Class androidx.room.jarjarred.kotlinx.metadata.internal.metadata.jvm.deserialization.ClassMapperLite: loaded 2 times (x 67B)
Class androidx.room.jarjarred.kotlinx.metadata.Attributes$hasAnnotations$6            : loaded 2 times (x 133B)
Class kotlin.reflect.jvm.internal.KClassImpl$Data$typeParameters$2                    : loaded 2 times (x 75B)
Class androidx.room.compiler.processing.javac.JavacExecutableElement                  : loaded 2 times (x 219B)
Class kotlin.reflect.jvm.internal.ReflectProperties$LazyVal                           : loaded 2 times (x 71B)
Class [Landroidx.room.processor.Context$BooleanProcessorOptions;                      : loaded 2 times (x 65B)
Class androidx.room.compiler.processing.XConstructorElement                           : loaded 2 times (x 66B)
Class com.google.common.cache.RemovalCause$3                                          : loaded 2 times (x 76B)
Class com.google.common.collect.ArrayListMultimap                                     : loaded 2 times (x 168B)
Class com.google.common.base.AbstractIterator$1                                       : loaded 2 times (x 67B)
Class com.google.common.base.CharMatcher$Digit                                        : loaded 2 times (x 108B)
Class org.gradle.api.GradleException                                                  : loaded 2 times (x 78B)
Class androidx.room.writer.EntityDeletionAdapterWriter$Companion                      : loaded 2 times (x 67B)
Class androidx.room.compiler.codegen.XTypeSpec$Builder$Companion                      : loaded 2 times (x 67B)
Class androidx.room.parser.SQLiteParser$Table_or_index_nameContext                    : loaded 2 times (x 148B)
Class androidx.room.jarjarred.org.antlr.v4.runtime.atn.ATNDeserializer$1              : loaded 2 times (x 67B)
Class androidx.room.solver.types.NoOpConverter                                        : loaded 2 times (x 70B)
Class com.squareup.javapoet.TypeName$2                                                : loaded 2 times (x 67B)
Class androidx.room.processor.cache.Cache$EntityKey                                   : loaded 2 times (x 68B)
Class androidx.room.vo.BuiltInConverterFlagsKt                                        : loaded 2 times (x 67B)
Class androidx.room.jarjarred.kotlinx.metadata.KmVariance                             : loaded 2 times (x 75B)
Class androidx.room.processor.PojoProcessor$process$1                                 : loaded 2 times (x 75B)
Class androidx.room.solver.binderprovider.RxQueryResultBinderProvider$Companion       : loaded 2 times (x 67B)
Class androidx.room.compiler.processing.javac.kotlin.KmPropertyContainer              : loaded 2 times (x 75B)
Class androidx.room.compiler.processing.CommonProcessorDelegate$processRound$currentElementsDeferredByStep$1$previousRoundDeferredElementsByAnnotation$1: loaded 2 times (x 74B)
Class androidx.room.vo.Field$nameWithVariations$2                                     : loaded 2 times (x 75B)
Class org.sqlite.SQLiteConfig$JournalMode                                             : loaded 2 times (x 78B)
Class [Lorg.sqlite.SQLiteConfig$LockingMode;                                          : loaded 2 times (x 65B)
Class com.google.common.cache.RemovalCause$4                                          : loaded 2 times (x 76B)
Class com.google.common.base.Suppliers$MemoizingSupplier                              : loaded 2 times (x 75B)
Class org.apache.commons.io.StandardLineSeparator                                     : loaded 2 times (x 75B)
Class com.google.common.base.CharMatcher$JavaIsoControl                               : loaded 2 times (x 108B)
Class androidx.room.migration.bundle.SchemaEquality                                   : loaded 2 times (x 66B)
Class androidx.room.solver.shortcut.result.InsertOrUpsertMethodAdapter$Companion$createInsert$1: loaded 2 times (x 121B)
Class androidx.room.vo.QueryMethod$sectionToParamMapping$2                            : loaded 2 times (x 75B)
Class androidx.room.parser.SQLiteParser$Any_nameContext                               : loaded 2 times (x 153B)
Class [Lorg.sqlite.SQLiteLimits;                                                      : loaded 2 times (x 65B)
Class androidx.room.compiler.processing.javac.JavacMethodElement$propertyName$2       : loaded 2 times (x 75B)
Class androidx.room.jarjarred.kotlinx.metadata.internal.metadata.ProtoBuf$TypeParameter$Variance$1: loaded 2 times (x 70B)
Class androidx.room.jarjarred.kotlinx.metadata.KmDeclarationContainerExtensionVisitor : loaded 2 times (x 66B)
Class androidx.room.compiler.processing.javac.JavacAnnotationBoxKt$ANNOTATION_VALUE_TO_CHAR_VISITOR$1: loaded 2 times (x 101B)
Class androidx.room.solver.RxVersion                                                  : loaded 2 times (x 75B)
Class com.google.auto.common.MoreTypes$CastingTypeVisitor                             : loaded 2 times (x 98B)
Class com.google.auto.common.SuperficialValidation$1                                  : loaded 2 times (x 93B)
Class androidx.room.compiler.processing.javac.JavacRoundEnv                           : loaded 2 times (x 74B)
Class kotlin.collections.builders.ListBuilder$Itr                                     : loaded 2 times (x 90B)
Class kotlin.reflect.jvm.internal.KPropertyImpl$_descriptor$1                         : loaded 2 times (x 75B)
Class androidx.room.compiler.processing.javac.TypeMirrorExtKt$extendsBound$1          : loaded 2 times (x 97B)
Class androidx.room.parser.SQLiteParser$Drop_trigger_stmtContext                      : loaded 2 times (x 154B)
Class androidx.room.jarjarred.org.antlr.v4.runtime.misc.DoubleKeyMap                  : loaded 2 times (x 74B)
Class kotlin.io.FilesKt                                                               : loaded 2 times (x 67B)
Class com.google.common.cache.RemovalCause$5                                          : loaded 2 times (x 76B)
Class com.google.common.collect.Maps$AbstractFilteredMap                              : loaded 2 times (x 123B)
Class [Lcom.google.common.collect.MapMakerInternalMap$Strength;                       : loaded 2 times (x 65B)
Class [Lcom.google.common.io.FileWriteMode;                                           : loaded 2 times (x 65B)
Class com.google.common.base.CharMatcher$JavaLowerCase                                : loaded 2 times (x 107B)
Class androidx.room.solver.query.result.CoroutineResultBinder$convertAndReturn$callableImpl$1: loaded 2 times (x 75B)
Class org.apache.commons.codec.binary.Hex                                             : loaded 2 times (x 88B)
Class androidx.room.solver.query.result.QueryMappedRowAdapter                         : loaded 2 times (x 72B)
Class org.sqlite.jdbc4.JDBC4PreparedStatement                                         : loaded 2 times (x 386B)
Class androidx.room.parser.SQLiteParser$Column_name_listContext                       : loaded 2 times (x 153B)
Class androidx.room.jarjarred.org.antlr.v4.runtime.atn.ATNType                        : loaded 2 times (x 75B)
Class org.sqlite.SQLiteConfig$SynchronousMode                                         : loaded 2 times (x 78B)
Class androidx.room.compiler.processing.DeclarationCollectorKt$collectFieldsIncludingPrivateSupers$1$yieldAllFields$1: loaded 2 times (x 84B)
Class androidx.room.processor.PojoProcessor$DefaultDelegate$onPreProcess$1            : loaded 2 times (x 74B)
Class com.google.auto.value.AutoValue                                                 : loaded 2 times (x 66B)
Class kotlin.collections.builders.MapBuilder$KeysItr                                  : loaded 2 times (x 77B)
Class androidx.room.jarjarred.kotlinx.metadata.internal.metadata.ProtoBuf$ValueParameterOrBuilder: loaded 2 times (x 66B)
Class androidx.room.jarjarred.kotlinx.metadata.internal.metadata.ProtoBuf$FunctionOrBuilder: loaded 2 times (x 66B)
Class androidx.room.Query                                                             : loaded 2 times (x 66B)
Class com.google.auto.common.SuperficialValidation$2                                  : loaded 2 times (x 104B)
Class com.google.auto.common.MoreTypes$TypeVariableVisitor                            : loaded 2 times (x 98B)
Class androidx.room.compiler.processing.XEnumTypeElementKt                            : loaded 2 times (x 67B)
Class androidx.room.solver.shortcut.result.InsertOrUpsertMethodAdapter$Companion$MULTIPLE_ITEM_SET$2: loaded 2 times (x 74B)
Class androidx.room.writer.TypeWriter$addGeneratedAnnotationIfAvailable$1$2           : loaded 2 times (x 75B)
Class com.google.common.cache.LocalCache$HashIterator                                 : loaded 2 times (x 82B)
Class com.google.common.collect.MapMakerInternalMap$StrongKeyDummyValueSegment        : loaded 2 times (x 138B)
Class com.google.common.collect.Iterables$4                                           : loaded 2 times (x 77B)
Class com.google.common.io.Files                                                      : loaded 2 times (x 67B)
Class com.google.common.cache.LocalCache$EntryFactory                                 : loaded 2 times (x 79B)
Class build_6o6atbvbdam6o8eighuhmrhnn$_run_closure1                                   : loaded 2 times (x 135B)
Class androidx.room.writer.QueryWriter$bindArgs$1$1$1                                 : loaded 2 times (x 74B)
Class androidx.room.writer.EntityInsertionAdapterWriter$Companion                     : loaded 2 times (x 67B)
Class androidx.room.compiler.codegen.XPropertySpec$Builder                            : loaded 2 times (x 66B)
Class androidx.room.parser.ParsedQuery$bindSections$2                                 : loaded 2 times (x 75B)
Class androidx.room.parser.SQLiteParser$Signed_numberContext                          : loaded 2 times (x 150B)
Class androidx.room.parser.SQLiteParser$Savepoint_stmtContext                         : loaded 2 times (x 149B)
Class androidx.room.parser.SQLiteParser$Unary_operatorContext                         : loaded 2 times (x 151B)
Class androidx.room.jarjarred.org.antlr.v4.runtime.atn.RangeTransition                : loaded 2 times (x 72B)
Class org.sqlite.SQLiteException                                                      : loaded 2 times (x 92B)
Class androidx.room.verifier.DatabaseVerifier                                         : loaded 2 times (x 68B)
Class androidx.room.solver.types.RequireNotNullTypeConverter                          : loaded 2 times (x 70B)
Class androidx.room.vo.CustomTypeConverter$className$2                                : loaded 2 times (x 75B)
Class androidx.room.jarjarred.kotlinx.metadata.internal.FlagDelegatesImplKt           : loaded 2 times (x 67B)
Class androidx.room.jarjarred.kotlinx.metadata.internal.metadata.ProtoBuf$AnnotationOrBuilder: loaded 2 times (x 66B)
Class com.google.common.io.ByteArrayDataOutput                                        : loaded 2 times (x 66B)
Class kotlin.reflect.jvm.internal.impl.builtins.PrimitiveType$typeFqName$2            : loaded 2 times (x 75B)
Class androidx.room.compiler.processing.javac.JavacProcessingEnv$WhenMappings         : loaded 2 times (x 67B)
Class com.squareup.javapoet.Util                                                      : loaded 2 times (x 67B)
Class androidx.room.vo.BuiltInConverterFlags                                          : loaded 2 times (x 68B)
Class com.google.auto.common.SuperficialValidation$3                                  : loaded 2 times (x 115B)
Class androidx.room.compiler.processing.javac.JavacElement$docComment$2               : loaded 2 times (x 75B)
Class androidx.room.compiler.processing.javac.JavacTypeElement$packageName$2          : loaded 2 times (x 75B)
Class androidx.room.processor.Context$CommonTypes                                     : loaded 2 times (x 68B)
Class androidx.room.processor.Context$ProcessorOptions                                : loaded 2 times (x 75B)
Class androidx.room.jarjarred.kotlinx.metadata.internal.metadata.ProtoBuf$Class$1     : loaded 2 times (x 140B)
Class androidx.room.jarjarred.kotlinx.metadata.internal.metadata.ProtoBuf$Type$ArgumentOrBuilder: loaded 2 times (x 66B)
Class com.google.common.reflect.Types$NativeTypeVariableEquals                        : loaded 2 times (x 67B)
Class com.google.common.reflect.TypeParameter                                         : loaded 2 times (x 68B)
Class com.google.common.collect.Iterables$5                                           : loaded 2 times (x 77B)
Class [Lcom.google.common.collect.MapMaker$Dummy;                                     : loaded 2 times (x 65B)
Class com.google.common.cache.LocalCache$AbstractReferenceEntry                       : loaded 2 times (x 103B)
Class com.google.common.base.Splitter$1$1                                             : loaded 2 times (x 82B)
Class com.google.common.base.CharMatcher$Whitespace                                   : loaded 2 times (x 108B)
Class org.gradle.internal.IoActions                                                   : loaded 2 times (x 67B)
Class androidx.room.writer.DaoWriter$Companion                                        : loaded 2 times (x 67B)
Class com.squareup.kotlinpoet.ParameterizedTypeName                                   : loaded 2 times (x 82B)
Class androidx.room.solver.query.parameter.CollectionQueryParameterAdapter            : loaded 2 times (x 70B)
Class androidx.room.processor.QueryRewriter$Companion                                 : loaded 2 times (x 67B)
Class androidx.room.parser.SQLiteBaseVisitor                                          : loaded 2 times (x 252B)
Class androidx.room.parser.SQLiteParser$New_table_nameContext                         : loaded 2 times (x 148B)
Class androidx.room.parser.SQLiteParser$Select_or_valuesContext                       : loaded 2 times (x 171B)
Class androidx.room.jarjarred.org.antlr.v4.runtime.dfa.DFA                            : loaded 2 times (x 72B)
Class androidx.room.jarjarred.kotlinx.metadata.KmFunction                             : loaded 2 times (x 78B)
Class androidx.room.vo.Field$getterNameWithVariations$2                               : loaded 2 times (x 75B)
Class androidx.room.Fts3                                                              : loaded 2 times (x 66B)
Class androidx.room.solver.types.CustomTypeConverterWrapper                           : loaded 2 times (x 71B)
Class androidx.room.jarjarred.kotlinx.metadata.internal.FlagDelegatesImplKt$propertyAccessorBooleanFlag$1: loaded 2 times (x 133B)
Class androidx.room.jarjarred.kotlinx.metadata.internal.metadata.ProtoBuf$Effect$EffectType: loaded 2 times (x 78B)
Class androidx.room.jarjarred.kotlinx.metadata.internal.metadata.jvm.JvmProtoBuf$StringTableTypesOrBuilder: loaded 2 times (x 66B)
Class androidx.room.jarjarred.kotlinx.metadata.internal.metadata.jvm.deserialization.JvmNameResolverBase: loaded 2 times (x 76B)
Class androidx.room.jarjarred.kotlinx.metadata.internal.protobuf.SmallSortedMap$1     : loaded 2 times (x 126B)
Class androidx.room.jarjarred.kotlinx.metadata.jvm.JvmClassExtensionVisitor           : loaded 2 times (x 83B)
Class org.sqlite.date.FormatCache                                                     : loaded 2 times (x 74B)
Class androidx.room.jarjarred.org.antlr.v4.runtime.BaseErrorListener                  : loaded 2 times (x 77B)
Class androidx.room.compiler.processing.javac.JavacType$rawType$2                     : loaded 2 times (x 75B)
Class com.squareup.kotlinpoet.TypeNames                                               : loaded 2 times (x 67B)
Class androidx.room.solver.types.TypeConverter                                        : loaded 2 times (x 70B)
Class androidx.room.compiler.processing.XEquality$Companion                           : loaded 2 times (x 67B)
Class androidx.room.solver.query.result.SingleItemQueryResultAdapter                  : loaded 2 times (x 69B)
Class org.apache.commons.codec.BinaryEncoder                                          : loaded 2 times (x 66B)
Class androidx.room.writer.QueryWriter$createSqlQueryAndArgs$1$2                      : loaded 2 times (x 74B)
Class kotlin.reflect.jvm.internal.KClassImpl$Data$allNonStaticMembers$2               : loaded 2 times (x 75B)
Class androidx.room.writer.TypeWriter$addGeneratedAnnotationIfAvailable$1$1           : loaded 2 times (x 75B)
Class org.gradle.api.internal.classpath.ManifestUtil                                  : loaded 2 times (x 67B)
Class com.google.common.util.concurrent.ExecutionError                                : loaded 2 times (x 78B)
Class androidx.room.processor.Context$Companion$ARG_OPTIONS$2                         : loaded 2 times (x 74B)
Class com.google.common.collect.ImmutableMapKeySet                                    : loaded 2 times (x 146B)
Class com.google.common.collect.ImmutableRangeSet$ComplementRanges                    : loaded 2 times (x 203B)
Class org.objectweb.asm.SymbolTable                                                   : loaded 2 times (x 68B)
Class com.google.common.cache.CacheLoader$InvalidCacheLoadException                   : loaded 2 times (x 78B)
Class com.google.common.base.CharMatcher$SingleWidth                                  : loaded 2 times (x 108B)
Class org.gradle.internal.classloader.SystemClassLoaderSpec                           : loaded 2 times (x 67B)
Class androidx.room.writer.ValidationWriter                                           : loaded 2 times (x 69B)
Class androidx.room.compiler.codegen.java.ClassNamesKt                                : loaded 2 times (x 67B)
Class androidx.room.compiler.codegen.java.JavaFunSpecKt                               : loaded 2 times (x 67B)
Class androidx.room.solver.shortcut.binder.CallableInsertMethodBinder$Companion       : loaded 2 times (x 67B)
Class androidx.room.jarjarred.org.antlr.v4.runtime.atn.AtomTransition                 : loaded 2 times (x 72B)
Class androidx.room.jarjarred.org.antlr.v4.runtime.atn.PredictionContext              : loaded 2 times (x 75B)
Class [Landroidx.room.jarjarred.org.antlr.v4.runtime.CodePointBuffer$Type;            : loaded 2 times (x 65B)
Class androidx.room.compiler.processing.XSuspendMethodType                            : loaded 2 times (x 66B)
Class androidx.room.vo.HasFieldsKt                                                    : loaded 2 times (x 67B)
Class org.sqlite.BusyHandler                                                          : loaded 2 times (x 68B)
Class androidx.room.parser.Collate                                                    : loaded 2 times (x 75B)
Class androidx.room.ForeignKey                                                        : loaded 2 times (x 66B)
Class androidx.room.Fts4                                                              : loaded 2 times (x 66B)
Class com.google.common.collect.ImmutableEnumSet                                      : loaded 2 times (x 142B)
Class com.google.common.collect.AbstractMapBasedMultimap$WrappedCollection            : loaded 2 times (x 120B)
Class com.squareup.kotlinpoet.WildcardTypeName$Companion                              : loaded 2 times (x 67B)
Class com.google.common.collect.ImmutableBiMap$SerializedForm                         : loaded 2 times (x 71B)
Class [Lcom.google.common.cache.RemovalCause;                                         : loaded 2 times (x 65B)
Class kotlin.reflect.jvm.internal.KClassImpl$Data$sealedSubclasses$2                  : loaded 2 times (x 75B)
Class com.google.auto.common.MoreTypes$DeclaredTypeVisitor                            : loaded 2 times (x 98B)
Class androidx.room.solver.shortcut.binderprovider.GuavaListenableFutureInsertMethodBinderProvider$hasGuavaRoom$2: loaded 2 times (x 75B)
Class androidx.room.solver.shortcut.binderprovider.InstantInsertMethodBinderProvider  : loaded 2 times (x 72B)
Class com.google.common.collect.FluentIterable                                        : loaded 2 times (x 77B)
Class com.google.common.cache.LocalCache$StrongEntry                                  : loaded 2 times (x 104B)
Class com.google.common.util.concurrent.AbstractFuture$TrustedFuture                  : loaded 2 times (x 110B)
Class com.google.common.cache.LoadingCache                                            : loaded 2 times (x 66B)
Class androidx.room.writer.DaoWriter$createUpdateMethods$1                            : loaded 2 times (x 75B)
Class androidx.room.vo.Database                                                       : loaded 2 times (x 68B)
Class androidx.room.processor.SuspendMethodProcessorDelegate$findPreparedResultBinder$1: loaded 2 times (x 75B)
Class androidx.room.processor.PojoProcessor$assignSetter$success$1                    : loaded 2 times (x 74B)
Class androidx.room.jarjarred.org.antlr.v4.runtime.atn.ATNConfig                      : loaded 2 times (x 70B)
Class androidx.room.compiler.processing.javac.JavacFieldElement$kotlinMetadata$2      : loaded 2 times (x 75B)
Class androidx.room.jarjarred.kotlinx.metadata.Attributes$kind$2                      : loaded 2 times (x 133B)
Class androidx.room.jarjarred.kotlinx.metadata.jvm.JvmConstructorExtensionVisitor     : loaded 2 times (x 74B)
Class androidx.room.jarjarred.kotlinx.metadata.internal.metadata.ProtoBuf$VersionRequirementTable$1: loaded 2 times (x 140B)
Class androidx.room.jarjarred.kotlinx.metadata.internal.metadata.ProtoBuf$TypeTable   : loaded 2 times (x 105B)
Class androidx.room.jarjarred.kotlinx.metadata.Attributes$isNullCheckPredicate$2      : loaded 2 times (x 133B)
Class androidx.room.compiler.codegen.XTypeNameKt                                      : loaded 2 times (x 67B)
Class androidx.room.compiler.processing.javac.JavacElement                            : loaded 2 times (x 175B)
Class androidx.room.solver.TypeConverterStoreImpl$getAllTypeConverters$$inlined$sortedByDescending$1: loaded 2 times (x 86B)
Class androidx.room.util.SimpleJavaVersion$Companion                                  : loaded 2 times (x 67B)
Class androidx.room.compiler.processing.XProcessingEnvConfig$Companion                : loaded 2 times (x 67B)
Class androidx.room.compiler.processing.XProcessingEnvConfig                          : loaded 2 times (x 67B)
Class org.sqlite.SQLiteJDBCLoader                                                     : loaded 2 times (x 67B)
Class org.sqlite.SQLiteConfig$Pragma                                                  : loaded 2 times (x 75B)
Class kotlin.io.FileTreeWalk$FileTreeWalkIterator$TopDownDirectoryState               : loaded 2 times (x 70B)
Class com.google.common.io.ByteStreams$LimitedInputStream                             : loaded 2 times (x 88B)
Class com.google.common.base.Suppliers$NonSerializableMemoizingSupplier               : loaded 2 times (x 75B)
Class org.objectweb.asm.MethodWriter                                                  : loaded 2 times (x 102B)
Class [Lcom.google.common.cache.Weigher;                                              : loaded 2 times (x 65B)
Class org.sqlite.ExtendedCommand                                                      : loaded 2 times (x 67B)
Class androidx.room.processor.SuspendMethodProcessorDelegate$WhenMappings             : loaded 2 times (x 67B)
Class androidx.room.processor.PojoProcessor$assignSetter$success$2                    : loaded 2 times (x 75B)
Class androidx.room.parser.SQLiteLexer                                                : loaded 2 times (x 138B)
Class androidx.room.processor.QueryMethodProcessor                                    : loaded 2 times (x 68B)
Class org.sqlite.JDBC                                                                 : loaded 2 times (x 83B)
Class androidx.room.jarjarred.kotlinx.metadata.jvm.internal.JvmConstructorExtension   : loaded 2 times (x 79B)
Class [Landroidx.room.jarjarred.kotlinx.metadata.internal.protobuf.Internal$EnumLite; : loaded 2 times (x 65B)
Class androidx.room.jarjarred.kotlinx.metadata.internal.metadata.jvm.deserialization.JvmMetadataVersion$Companion: loaded 2 times (x 67B)
Class androidx.room.jarjarred.org.antlr.v4.runtime.ANTLRErrorStrategy                 : loaded 2 times (x 66B)
Class androidx.room.compiler.processing.javac.JavacType$typeName$2                    : loaded 2 times (x 75B)
Class androidx.room.compiler.codegen.XClassName$Companion                             : loaded 2 times (x 67B)
Class androidx.room.parser.SQLiteParser$Comma_separated_exprContext                   : loaded 2 times (x 151B)
Class androidx.room.ext.Xelement_extKt                                                : loaded 2 times (x 67B)
Class androidx.room.ext.AndroidTypeNames                                              : loaded 2 times (x 67B)
Class kotlin.text.Charsets                                                            : loaded 2 times (x 67B)
Class com.google.common.collect.ImmutableMultimap$1                                   : loaded 2 times (x 78B)
Class com.google.common.collect.AbstractMapBasedMultimap$RandomAccessWrappedList      : loaded 2 times (x 201B)
Class androidx.room.ext.RoomMemberNames                                               : loaded 2 times (x 67B)
Class [Lcom.squareup.javapoet.TypeName;                                               : loaded 2 times (x 65B)
Class androidx.room.processor.InsertionMethodProcessor$process$1                      : loaded 2 times (x 75B)
Class androidx.room.processor.PojoProcessor$assignSetter$success$3                    : loaded 2 times (x 75B)
Class androidx.room.solver.query.result.QueryMappedRowAdapter$Mapping                 : loaded 2 times (x 68B)
Class org.sqlite.jdbc3.JDBC3PreparedStatement                                         : loaded 2 times (x 251B)
Class androidx.room.parser.SQLiteParser$Analyze_stmtContext                           : loaded 2 times (x 151B)
Class [Landroidx.room.jarjarred.org.antlr.v4.runtime.atn.ATNType;                     : loaded 2 times (x 65B)
Class androidx.room.jarjarred.org.antlr.v4.runtime.atn.Transition                     : loaded 2 times (x 72B)
Class org.sqlite.Function                                                             : loaded 2 times (x 69B)
Class org.gradle.internal.classloader.ClassLoaderHierarchy                            : loaded 2 times (x 66B)
Class androidx.room.compiler.processing.javac.JavacPackageElement                     : loaded 2 times (x 189B)
Class androidx.room.jarjarred.kotlinx.metadata.internal.metadata.ProtoBuf$Property$1  : loaded 2 times (x 140B)
Class androidx.room.compiler.processing.javac.JavacAnnotationBoxKt$ANNOTATION_VALUE_TO_INT_VISITOR$1: loaded 2 times (x 101B)
Class androidx.room.solver.prepared.binderprovider.GuavaListenableFuturePreparedQueryResultBinderProvider: loaded 2 times (x 72B)
Class androidx.room.solver.binderprovider.PagingSourceQueryResultBinderProviderKt     : loaded 2 times (x 67B)
Class androidx.room.solver.binderprovider.DataSourceQueryResultBinderProvider$dataSourceType$2: loaded 2 times (x 75B)
Class androidx.room.ext.RoomTypeNames                                                 : loaded 2 times (x 67B)
Class androidx.room.compiler.processing.javac.JavacArrayType$xTypeName$2              : loaded 2 times (x 75B)
Class com.squareup.kotlinpoet.ClassName$special$$inlined$thenBy$1                     : loaded 2 times (x 86B)
Class com.google.common.base.CharMatcher$IsEither                                     : loaded 2 times (x 107B)
Class androidx.room.compiler.processing.javac.JavacProcessingEnv$typeElementStore$1   : loaded 2 times (x 75B)
Class androidx.room.DatabaseProcessingStep                                            : loaded 2 times (x 75B)
Class [Lcom.google.common.base.AbstractIterator$State;                                : loaded 2 times (x 65B)
Class androidx.room.compiler.processing.XProcessingEnv$Companion                      : loaded 2 times (x 67B)
Class com.google.common.reflect.Types$JavaVersion$1                                   : loaded 2 times (x 79B)
Class com.google.common.collect.AbstractIterator$State                                : loaded 2 times (x 75B)
Class com.google.common.collect.ImmutableMultimap$2                                   : loaded 2 times (x 77B)
Class com.google.common.cache.LocalCache$ValueReference                               : loaded 2 times (x 66B)
Class com.google.common.base.CharMatcher$Negated                                      : loaded 2 times (x 109B)
Class com.google.common.base.CharMatcher$Is                                           : loaded 2 times (x 107B)
Class androidx.room.processor.PojoProcessor$assignSetter$success$4                    : loaded 2 times (x 75B)
Class androidx.room.verifier.QueryResultInfo                                          : loaded 2 times (x 68B)
Class androidx.room.jarjarred.org.antlr.v4.runtime.atn.PredictionMode                 : loaded 2 times (x 75B)
Class androidx.room.parser.SQLiteParser$Pragma_nameContext                            : loaded 2 times (x 148B)
Class androidx.room.parser.SQLiteParser$Trigger_nameContext                           : loaded 2 times (x 148B)
Class androidx.room.jarjarred.org.antlr.v4.runtime.TokenStream                        : loaded 2 times (x 66B)
Class androidx.room.jarjarred.org.antlr.v4.runtime.atn.PredictionContextCache         : loaded 2 times (x 71B)
Class androidx.room.compiler.codegen.CodeLanguage                                     : loaded 2 times (x 75B)
Class com.google.common.io.FileWriteMode                                              : loaded 2 times (x 75B)
Class androidx.room.processor.FieldProcessor$BindingScope                             : loaded 2 times (x 75B)
Class androidx.room.compiler.processing.javac.kotlin.KmFunctionContainerImpl          : loaded 2 times (x 96B)
Class androidx.room.jarjarred.kotlinx.metadata.internal.metadata.deserialization.ProtoTypeTableUtilKt: loaded 2 times (x 67B)
Class [Lcom.google.common.collect.MapMakerInternalMap$Segment;                        : loaded 2 times (x 65B)
Class com.google.common.cache.LocalCache$ValueIterator                                : loaded 2 times (x 82B)
Class androidx.room.compiler.processing.javac.JavacAnnotationBoxKt$ANNOTATION_VALUE_SHORT_ARR_VISITOR$1: loaded 2 times (x 101B)
Class androidx.room.processor.DatabaseProcessor                                       : loaded 2 times (x 68B)
Class androidx.room.solver.types.SingleStatementTypeConverter                         : loaded 2 times (x 71B)
Class com.squareup.kotlinpoet.ClassName$special$$inlined$thenBy$2                     : loaded 2 times (x 86B)
Class com.squareup.kotlinpoet.Taggable                                                : loaded 2 times (x 66B)
Class androidx.room.solver.TypeAdapterStore$Companion                                 : loaded 2 times (x 67B)
Class com.google.auto.common.MoreElements$CastingElementVisitor                       : loaded 2 times (x 89B)
Class com.google.common.collect.SortedSetMultimap                                     : loaded 2 times (x 66B)
Class [Lkotlin.reflect.jvm.internal.impl.builtins.functions.FunctionClassKind;        : loaded 2 times (x 65B)
Class kotlin.io.FilesKt__FileTreeWalkKt                                               : loaded 2 times (x 67B)
Class kotlin.reflect.jvm.internal.KCallableImpl$_annotations$1                        : loaded 2 times (x 75B)
Class androidx.room.compiler.processing.javac.JavacProcessingEnv$typeElementStore$2   : loaded 2 times (x 74B)
Class kotlin.reflect.jvm.internal.KClassImpl$Data$inheritedNonStaticMembers$2         : loaded 2 times (x 75B)
Class com.google.common.reflect.Types$JavaVersion$2                                   : loaded 2 times (x 79B)
Class com.google.common.reflect.Types                                                 : loaded 2 times (x 67B)
Class com.google.common.hash.PrimitiveSink                                            : loaded 2 times (x 66B)
Class com.google.common.util.concurrent.AbstractFuture$Failure                        : loaded 2 times (x 68B)
Class [Lcom.squareup.javapoet.TypeSpec$Kind;                                          : loaded 2 times (x 65B)
Class androidx.room.writer.TypeWriter                                                 : loaded 2 times (x 69B)
Class androidx.room.jarjarred.org.antlr.v4.runtime.CommonToken                        : loaded 2 times (x 107B)
Class androidx.room.parser.SQLiteParser$Schema_nameContext                            : loaded 2 times (x 148B)
Class androidx.room.jarjarred.org.antlr.v4.runtime.misc.EqualityComparator            : loaded 2 times (x 66B)
Class androidx.room.jarjarred.org.antlr.v4.runtime.atn.ActionTransition               : loaded 2 times (x 72B)
Class [Lcom.google.auto.common.Visibility;                                            : loaded 2 times (x 65B)
Class androidx.room.compiler.processing.XVariableElement                              : loaded 2 times (x 66B)
Class androidx.room.jarjarred.kotlinx.metadata.internal.metadata.ProtoBuf$Class$Kind  : loaded 2 times (x 78B)
Class androidx.room.processor.Context$queryRewriter$2                                 : loaded 2 times (x 75B)
Class androidx.room.compiler.processing.XAnnotationBox                                : loaded 2 times (x 66B)
Class androidx.room.solver.TypeAdapterStore                                           : loaded 2 times (x 68B)
Class com.google.auto.common.AnnotationMirrors$1                                      : loaded 2 times (x 80B)
Class kotlin.Suppress                                                                 : loaded 2 times (x 66B)
Class androidx.room.compiler.processing.javac.kotlin.KmData                           : loaded 2 times (x 66B)
Class androidx.room.solver.types.ColumnTypeAdapter                                    : loaded 2 times (x 81B)
Class androidx.room.compiler.processing.javac.kotlin.KmClassContainer                 : loaded 2 times (x 75B)
Class androidx.room.compiler.processing.javac.JavacArrayType                          : loaded 2 times (x 207B)
Class androidx.room.compiler.processing.javac.JavacProcessingEnv$typeElementStore$3   : loaded 2 times (x 75B)
Class androidx.room.solver.types.TypeConverter$Cost$Companion                         : loaded 2 times (x 67B)
Class com.google.common.collect.ImmutableSetMultimap                                  : loaded 2 times (x 176B)
Class com.google.common.reflect.Types$JavaVersion$3                                   : loaded 2 times (x 79B)
Class com.google.common.io.CharSink                                                   : loaded 2 times (x 75B)
Class com.google.common.base.Joiner$1                                                 : loaded 2 times (x 76B)
Class org.objectweb.asm.Label                                                         : loaded 2 times (x 69B)
Class org.objectweb.asm.CurrentFrame                                                  : loaded 2 times (x 69B)
Class org.objectweb.asm.ClassTooLargeException                                        : loaded 2 times (x 79B)
Class com.google.common.base.CharMatcher                                              : loaded 2 times (x 107B)
Class androidx.room.writer.ValidationWriter$CountingCodeGenScope                      : loaded 2 times (x 68B)
Class androidx.room.writer.TableInfoValidationWriter                                  : loaded 2 times (x 69B)
Class androidx.room.compiler.codegen.java.JavaTypeSpec                                : loaded 2 times (x 75B)
Class androidx.room.compiler.codegen.XCodeBlock$Builder                               : loaded 2 times (x 66B)
Class androidx.room.vo.Dao                                                            : loaded 2 times (x 68B)
Class androidx.room.jarjarred.org.antlr.v4.runtime.dfa.DFAState$PredPrediction        : loaded 2 times (x 68B)
Class androidx.room.jarjarred.org.antlr.v4.runtime.InputMismatchException             : loaded 2 times (x 85B)
Class org.sqlite.SQLiteConfig$TransactionMode                                         : loaded 2 times (x 78B)
Class androidx.room.processor.PojoMethodProcessor                                     : loaded 2 times (x 68B)
Class androidx.room.vo.Field$setterNameWithVariations$2                               : loaded 2 times (x 75B)
Class androidx.room.jarjarred.kotlinx.metadata.Attributes$kind$7                      : loaded 2 times (x 133B)
Class androidx.room.jarjarred.kotlinx.metadata.internal.metadata.jvm.JvmProtoBuf$JvmFieldSignature: loaded 2 times (x 104B)
Class androidx.room.solver.shortcut.binderprovider.RxCompletableUpsertMethodBinderProvider: loaded 2 times (x 75B)
Class androidx.room.ext.PagingTypeNames                                               : loaded 2 times (x 67B)
Class androidx.room.PrimaryKey                                                        : loaded 2 times (x 66B)
Class androidx.room.Update                                                            : loaded 2 times (x 66B)
Class com.google.auto.common.MoreTypes$IsTypeOf                                       : loaded 2 times (x 97B)
Class androidx.room.compiler.processing.javac.JavacAnnotationBoxKt$ANNOTATION_VALUE_TO_FLOAT_VISITOR$1: loaded 2 times (x 101B)
Class androidx.room.jarjarred.kotlinx.metadata.internal.protobuf.LazyFieldLite        : loaded 2 times (x 78B)
Class com.google.common.io.ByteSource$AsCharSource                                    : loaded 2 times (x 82B)
Class com.google.common.reflect.Types$JavaVersion$4                                   : loaded 2 times (x 79B)
Class com.google.common.collect.Maps$IteratorBasedAbstractMap                         : loaded 2 times (x 121B)
Class com.google.common.collect.Table                                                 : loaded 2 times (x 66B)
Class com.google.common.collect.MapMakerInternalMap$InternalEntryHelper               : loaded 2 times (x 66B)
Class com.google.common.collect.RangeGwtSerializationDependencies                     : loaded 2 times (x 67B)
Class com.google.common.base.Joiner$2                                                 : loaded 2 times (x 75B)
Class org.objectweb.asm.Frame                                                         : loaded 2 times (x 69B)
Class org.objectweb.asm.MethodVisitor                                                 : loaded 2 times (x 101B)
Class com.google.common.cache.LocalCache$EntryFactory$1                               : loaded 2 times (x 79B)
Class [Lcom.google.common.cache.RemovalListener;                                      : loaded 2 times (x 65B)
Class com.google.common.base.CharMatcher$1                                            : loaded 2 times (x 109B)
Class com.google.common.base.CharMatcher$NamedFastMatcher                             : loaded 2 times (x 108B)
Class org.apache.commons.codec.Encoder                                                : loaded 2 times (x 66B)
Class androidx.room.jarjarred.org.antlr.v4.runtime.atn.ParserATNSimulator$1           : loaded 2 times (x 73B)
Class androidx.room.jarjarred.org.antlr.v4.runtime.atn.ATN                            : loaded 2 times (x 76B)
Class androidx.room.jarjarred.org.antlr.v4.runtime.atn.StarLoopEntryState             : loaded 2 times (x 79B)
Class org.sqlite.core.CoreDatabaseMetaData                                            : loaded 2 times (x 436B)
Class androidx.room.vo.Field$typeName$2                                               : loaded 2 times (x 75B)
Class androidx.room.Ignore                                                            : loaded 2 times (x 66B)
Class [Landroidx.room.compiler.processing.javac.JavacAnnotationBox;                   : loaded 2 times (x 65B)
Class androidx.room.TypeConverter                                                     : loaded 2 times (x 66B)
Class androidx.room.jarjarred.kotlinx.metadata.internal.metadata.jvm.JvmProtoBuf$StringTableTypes$Record$Operation: loaded 2 times (x 78B)
Class androidx.room.Embedded                                                          : loaded 2 times (x 66B)
Class androidx.room.compiler.processing.XType                                         : loaded 2 times (x 66B)
Class androidx.room.jarjarred.kotlinx.metadata.internal.metadata.jvm.JvmProtoBuf$StringTableTypes$Record: loaded 2 times (x 115B)
Class androidx.room.jarjarred.kotlinx.metadata.internal.ReadersKt                     : loaded 2 times (x 67B)
Class androidx.room.compiler.processing.javac.kotlin.KmClassContainer$typeParameters$2: loaded 2 times (x 75B)
Class androidx.room.jarjarred.kotlinx.metadata.internal.BooleanFlagDelegate           : loaded 2 times (x 68B)
Class androidx.room.compiler.processing.javac.JavacBasicAnnotationProcessor$xEnv$2    : loaded 2 times (x 75B)
Class com.google.common.reflect.Types$JavaVersion$5                                   : loaded 2 times (x 67B)
Class [Lcom.google.common.reflect.Types$ClassOwnership;                               : loaded 2 times (x 65B)
Class com.google.common.collect.RangeSet                                              : loaded 2 times (x 66B)
Class com.google.common.cache.LocalCache$EntryFactory$2                               : loaded 2 times (x 79B)
Class org.gradle.api.internal.classpath.GlobalCacheRootsProvider                      : loaded 2 times (x 66B)
Class androidx.room.solver.types.PrimitiveColumnTypeAdapter$WhenMappings              : loaded 2 times (x 67B)
Class androidx.room.vo.InsertOrUpsertShortcutMethod                                   : loaded 2 times (x 68B)
Class androidx.room.parser.SQLiteVisitor                                              : loaded 2 times (x 66B)
Class androidx.room.parser.SQLiteParser$Column_constraintContext                      : loaded 2 times (x 168B)
Class org.sqlite.date.FastDatePrinter$NumberRule                                      : loaded 2 times (x 66B)
Class org.sqlite.date.FastDateFormat                                                  : loaded 2 times (x 110B)
Class androidx.room.vo.Field$pathWithDotNotation$2                                    : loaded 2 times (x 75B)
Class org.sqlite.SQLiteConfig$Encoding                                                : loaded 2 times (x 78B)
Class androidx.room.compiler.processing.javac.kotlin.KmFunctionContainer              : loaded 2 times (x 66B)
Class [Landroidx.room.jarjarred.kotlinx.metadata.MemberKind;                          : loaded 2 times (x 65B)
Class [Lorg.sqlite.SQLiteConfig$HexKeyMode;                                           : loaded 2 times (x 65B)
Class androidx.room.jarjarred.kotlinx.metadata.internal.metadata.ProtoBuf$Type$Argument: loaded 2 times (x 106B)
Class androidx.room.jarjarred.kotlinx.metadata.internal.metadata.ProtoBuf$Contract$1  : loaded 2 times (x 140B)
Class androidx.room.jarjarred.kotlinx.metadata.internal.metadata.ProtoBuf$Type$1      : loaded 2 times (x 140B)
Class org.sqlite.date.FastDateParser$4                                                : loaded 2 times (x 75B)
Class androidx.room.solver.shortcut.binderprovider.RxCallableUpsertMethodBinderProvider: loaded 2 times (x 75B)
Class androidx.room.solver.shortcut.binderprovider.RxCallableDeleteOrUpdateMethodBinderProvider$Companion: loaded 2 times (x 67B)
Class androidx.room.solver.shortcut.binderprovider.RxCallableDeleteOrUpdateMethodBinderProvider: loaded 2 times (x 75B)
Class androidx.room.solver.prepared.binderprovider.InstantPreparedQueryResultBinderProvider: loaded 2 times (x 72B)
Class androidx.room.compiler.processing.XMessager                                     : loaded 2 times (x 69B)
Class androidx.room.compiler.processing.javac.JavacTypeElement$allFieldsIncludingPrivateSupers$1: loaded 2 times (x 75B)
Class androidx.room.parser.SQLiteParser$Function_nameContext                          : loaded 2 times (x 148B)
Class kotlin.reflect.jvm.internal.KClassImpl$Data$allStaticMembers$2                  : loaded 2 times (x 75B)
Class androidx.room.compiler.processing.XProcessingStep                               : loaded 2 times (x 66B)
Class androidx.room.jarjarred.org.antlr.v4.runtime.WritableToken                      : loaded 2 times (x 66B)
Class androidx.room.jarjarred.org.antlr.v4.runtime.misc.FlexibleHashMap               : loaded 2 times (x 121B)
Class com.google.common.collect.Multimaps                                             : loaded 2 times (x 67B)
Class com.google.common.collect.CollectCollectors                                     : loaded 2 times (x 67B)
Class org.objectweb.asm.ModuleWriter                                                  : loaded 2 times (x 78B)
Class com.google.common.cache.LocalCache$EntryFactory$3                               : loaded 2 times (x 79B)
Class com.google.common.base.Ticker$1                                                 : loaded 2 times (x 68B)
Class androidx.room.compiler.codegen.XFunSpec$Companion                               : loaded 2 times (x 67B)
Class androidx.room.vo.Dao$insertOrUpsertShortcutMethods$2                            : loaded 2 times (x 75B)
Class androidx.room.processor.PojoProcessor$FailedConstructor$log$logPerParam$1       : loaded 2 times (x 75B)
Class androidx.room.parser.Section$BindVar                                            : loaded 2 times (x 69B)
Class androidx.room.vo.RelationCollector$LongSparseArrayKeyQueryParameterAdapter      : loaded 2 times (x 69B)
Class androidx.room.jarjarred.org.antlr.v4.runtime.atn.ATNConfigSet$ConfigEqualityComparator: loaded 2 times (x 73B)
Class androidx.room.jarjarred.org.antlr.v4.runtime.misc.IntegerList                   : loaded 2 times (x 68B)
Class androidx.room.jarjarred.org.antlr.v4.runtime.atn.DecisionState                  : loaded 2 times (x 78B)
Class androidx.room.compiler.processing.javac.kotlin.JvmDescriptorTypeVisitor         : loaded 2 times (x 95B)
Class androidx.room.jarjarred.kotlinx.metadata.internal.metadata.ProtoBuf$Type$Argument$1: loaded 2 times (x 140B)
Class androidx.room.jarjarred.kotlinx.metadata.internal.metadata.jvm.JvmProtoBuf$JvmMethodSignatureOrBuilder: loaded 2 times (x 66B)
Class androidx.room.processor.ProcessorErrors$INVALID_ANNOTATION_COUNT_IN_DAO_METHOD$1: loaded 2 times (x 74B)
Class androidx.room.processor.DaoProcessor$Companion                                  : loaded 2 times (x 67B)
Class androidx.room.solver.types.PrimitiveColumnTypeAdapter                           : loaded 2 times (x 81B)
Class androidx.room.log.RLog                                                          : loaded 2 times (x 68B)
Class androidx.room.processor.QueryRewriter$Companion$NoOpRewriter$1                  : loaded 2 times (x 70B)
Class com.google.common.collect.CollectSpliterators$1                                 : loaded 2 times (x 86B)
Class com.google.common.cache.LocalCache$EntryFactory$4                               : loaded 2 times (x 79B)
Class com.google.common.collect.ImmutableSet$Builder                                  : loaded 2 times (x 81B)
Class com.google.common.base.CharMatcher$InRange                                      : loaded 2 times (x 107B)
Class com.squareup.javapoet.AnnotationSpec                                            : loaded 2 times (x 68B)
Class com.squareup.javapoet.CodeBlock                                                 : loaded 2 times (x 68B)
Class [Lcom.squareup.kotlinpoet.TypeName;                                             : loaded 2 times (x 65B)
Class androidx.room.jarjarred.org.antlr.v4.runtime.atn.SemanticContext$Empty          : loaded 2 times (x 69B)
Class androidx.room.parser.SQLiteParser$Column_nameContext                            : loaded 2 times (x 148B)
Class androidx.room.jarjarred.org.antlr.v4.runtime.Parser                             : loaded 2 times (x 149B)
Class androidx.room.jarjarred.org.antlr.v4.runtime.misc.Array2DHashSet                : loaded 2 times (x 136B)
Class androidx.room.jarjarred.org.antlr.v4.runtime.atn.PlusBlockStartState            : loaded 2 times (x 79B)
Class androidx.room.processor.TableEntityProcessor$process$1                          : loaded 2 times (x 75B)
Class androidx.room.jarjarred.kotlinx.metadata.KmConstructorVisitor                   : loaded 2 times (x 72B)
Class androidx.room.jarjarred.kotlinx.metadata.internal.metadata.ProtoBuf$Property    : loaded 2 times (x 144B)
Class androidx.room.jarjarred.kotlinx.metadata.internal.metadata.ProtoBuf$Function$1  : loaded 2 times (x 140B)
Class androidx.room.BuiltInTypeConverters$State                                       : loaded 2 times (x 75B)
Class kotlin.reflect.jvm.internal.impl.builtins.functions.FunctionClassKind           : loaded 2 times (x 76B)
Class kotlin.reflect.jvm.internal.KCallableImpl$_parameters$1                         : loaded 2 times (x 75B)
Class kotlin.sequences.ConstrainedOnceSequence                                        : loaded 2 times (x 71B)
Class com.google.common.io.ByteStreams$1                                              : loaded 2 times (x 81B)
Class com.google.common.cache.LocalCache$EntryFactory$5                               : loaded 2 times (x 79B)
Class androidx.room.writer.EntityDeletionAdapterWriter$createAnonymous$1$1$query$1    : loaded 2 times (x 74B)
Class androidx.room.writer.EntityInsertionAdapterWriter$createAnonymous$1$1$query$1$1 : loaded 2 times (x 74B)
Class androidx.room.jarjarred.org.antlr.v4.runtime.Lexer                              : loaded 2 times (x 138B)
Class org.sqlite.SQLiteLimits                                                         : loaded 2 times (x 75B)
Class org.sqlite.date.FastDatePrinter                                                 : loaded 2 times (x 95B)
Class org.sqlite.jdbc3.JDBC3DatabaseMetaData                                          : loaded 2 times (x 437B)
Class [Landroidx.room.Index;                                                          : loaded 2 times (x 65B)
Class androidx.room.compiler.processing.javac.JavacConstructorElement                 : loaded 2 times (x 252B)
Class androidx.room.jarjarred.kotlinx.metadata.Attributes$kind$11                     : loaded 2 times (x 133B)
Class androidx.room.jarjarred.kotlinx.metadata.jvm.JvmMethodSignature                 : loaded 2 times (x 70B)
Class androidx.room.jarjarred.kotlinx.metadata.internal.metadata.deserialization.ProtoBufUtilKt: loaded 2 times (x 67B)
Class androidx.room.jarjarred.kotlinx.metadata.jvm.JvmTypeExtensionVisitor$Companion  : loaded 2 times (x 67B)
Class androidx.room.jarjarred.kotlinx.metadata.internal.metadata.ProtoBuf$TypeParameter$Variance: loaded 2 times (x 78B)
Class androidx.room.jarjarred.kotlinx.metadata.jvm.KotlinClassMetadata                : loaded 2 times (x 68B)
Class androidx.room.compiler.processing.javac.JavacAnnotationBoxKt$ANNOTATION_VALUE_TO_STRING_VISITOR$1: loaded 2 times (x 101B)
Class androidx.room.solver.prepared.binderprovider.RxPreparedQueryResultBinderProvider$hasRxJavaArtifact$2: loaded 2 times (x 75B)
Class androidx.room.solver.binderprovider.CoroutineFlowResultBinderProviderImpl$Companion: loaded 2 times (x 67B)
Class androidx.room.ext.RoomPagingTypeNames                                           : loaded 2 times (x 67B)
Class androidx.room.ext.Package_extKt$PACKAGE_NAME_OVERRIDES$2                        : loaded 2 times (x 74B)
Class androidx.room.solver.types.ByteArrayColumnTypeAdapter$Companion                 : loaded 2 times (x 67B)
Class androidx.room.solver.types.BoxedPrimitiveColumnTypeAdapter$Companion            : loaded 2 times (x 67B)
Class kotlin.reflect.jvm.internal.KClassImpl$Data$simpleName$2                        : loaded 2 times (x 75B)
Class org.gradle.internal.classloader.FilteringClassLoader                            : loaded 2 times (x 101B)
Class kotlin.reflect.jvm.internal.CachesKt$CACHE_FOR_BASE_CLASSIFIERS$1               : loaded 2 times (x 74B)
Class com.google.common.io.LineReader                                                 : loaded 2 times (x 68B)
Class androidx.room.compiler.processing.javac.JavacProcessingEnv$Companion            : loaded 2 times (x 67B)
Class androidx.room.compiler.processing.XProcessingEnv                                : loaded 2 times (x 66B)
Class org.apache.commons.io.output.AppendableWriter                                   : loaded 2 times (x 96B)
Class com.google.common.cache.LocalCache$EntryFactory$6                               : loaded 2 times (x 79B)
Class org.gradle.internal.installation.CurrentGradleInstallationLocator               : loaded 2 times (x 67B)
Class androidx.room.writer.EntityInsertionAdapterWriter$createAnonymous$1$1$query$1$2 : loaded 2 times (x 75B)
Class androidx.room.parser.ParsedQuery$queryWithReplacedBindParams$2                  : loaded 2 times (x 75B)
Class androidx.room.jarjarred.org.antlr.v4.runtime.tree.ParseTreeListener             : loaded 2 times (x 66B)
Class androidx.room.jarjarred.org.antlr.v4.runtime.atn.ATNState                       : loaded 2 times (x 78B)
Class androidx.room.processor.MethodProcessorDelegateKt                               : loaded 2 times (x 67B)
Class androidx.room.processor.InternalQueryProcessor$Companion                        : loaded 2 times (x 67B)
Class org.sqlite.date.FastDateParser                                                  : loaded 2 times (x 87B)
Class [Lorg.sqlite.SQLiteConfig$TempStore;                                            : loaded 2 times (x 65B)
Class org.sqlite.Collation                                                            : loaded 2 times (x 69B)
Class androidx.room.Entity                                                            : loaded 2 times (x 66B)
Class androidx.room.compiler.processing.javac.JavacMethodElement$parameters$2$1$1     : loaded 2 times (x 75B)
Class androidx.room.jarjarred.kotlinx.metadata.NodesKt                                : loaded 2 times (x 67B)
Class androidx.room.jarjarred.kotlinx.metadata.internal.metadata.ProtoBuf$PropertyOrBuilder: loaded 2 times (x 66B)
Class kotlin.io.TextStreamsKt                                                         : loaded 2 times (x 67B)
Class androidx.room.solver.shortcut.binderprovider.RxCompletableDeleteOrUpdateMethodBinderProvider$completableType$2: loaded 2 times (x 75B)
Class androidx.room.solver.shortcut.binderprovider.RxCompletableInsertMethodBinderProvider: loaded 2 times (x 75B)
Class androidx.room.compiler.processing.javac.kotlin.KmClassContainer$Companion       : loaded 2 times (x 67B)
Class androidx.room.compiler.codegen.XTypeName$Companion                              : loaded 2 times (x 67B)
Class androidx.room.compiler.codegen.XTypeName                                        : loaded 2 times (x 71B)
Class [Lkotlin.io.FileWalkDirection;                                                  : loaded 2 times (x 65B)
Class org.objectweb.asm.ClassReader                                                   : loaded 2 times (x 89B)
Class com.google.common.io.ByteSource$SlicedByteSource                                : loaded 2 times (x 81B)
Class com.google.common.collect.ImmutableMultimap$Builder                             : loaded 2 times (x 79B)
Class org.apache.commons.io.output.ThresholdingOutputStream                           : loaded 2 times (x 90B)
Class com.google.common.collect.Maps$KeySet                                           : loaded 2 times (x 133B)
Class com.google.common.cache.LocalCache$EntryFactory$7                               : loaded 2 times (x 79B)
Class com.google.common.collect.ImmutableSet$EmptySetBuilderImpl                      : loaded 2 times (x 72B)
Class org.gradle.internal.service.DefaultServiceLocator                               : loaded 2 times (x 79B)
Class androidx.room.solver.CodeGenScope                                               : loaded 2 times (x 68B)
Class androidx.room.compiler.codegen.java.JavaCodeBlock                               : loaded 2 times (x 74B)
Class androidx.room.jarjarred.org.antlr.v4.runtime.atn.SemanticContext$Operator       : loaded 2 times (x 70B)
Class androidx.room.jarjarred.org.antlr.v4.runtime.atn.ArrayPredictionContext         : loaded 2 times (x 76B)
Class androidx.room.parser.SQLiteParser$Literal_valueContext                          : loaded 2 times (x 155B)
Class [Landroidx.room.jarjarred.org.antlr.v4.runtime.dfa.DFA;                         : loaded 2 times (x 65B)
Class [Landroidx.room.jarjarred.org.antlr.v4.runtime.atn.RuleStartState;              : loaded 2 times (x 65B)
Class androidx.room.jarjarred.org.antlr.v4.runtime.CodePointBuffer$Builder            : loaded 2 times (x 75B)
Class androidx.room.vo.FieldGetter                                                    : loaded 2 times (x 68B)
Class androidx.room.jarjarred.kotlinx.metadata.KmPropertyVisitor                      : loaded 2 times (x 76B)
Class androidx.room.compiler.processing.javac.JavacExecutableType                     : loaded 2 times (x 77B)
Class androidx.room.jarjarred.kotlinx.metadata.internal.FlagDelegatesImplKt$typeBooleanFlag$1: loaded 2 times (x 133B)
Class [Landroidx.room.jarjarred.kotlinx.metadata.internal.metadata.jvm.JvmProtoBuf$StringTableTypes$Record$Operation;: loaded 2 times (x 65B)
Class androidx.room.compiler.processing.XEquality                                     : loaded 2 times (x 66B)
Class androidx.room.jarjarred.kotlinx.metadata.internal.protobuf.GeneratedMessageLite$ExtendableMessage: loaded 2 times (x 109B)
Class androidx.room.BuiltInTypeConverters                                             : loaded 2 times (x 66B)
Class androidx.room.jarjarred.kotlinx.metadata.internal.metadata.jvm.deserialization.JvmNameResolverBase$Companion: loaded 2 times (x 67B)
Class androidx.room.jarjarred.kotlinx.metadata.KmTypeExtensionVisitor                 : loaded 2 times (x 66B)
Class kotlin.io.FileTreeWalk                                                          : loaded 2 times (x 71B)
Class com.google.common.collect.ImmutableMultimap$EntryCollection                     : loaded 2 times (x 123B)
Class com.google.common.collect.Maps$EntrySet                                         : loaded 2 times (x 132B)
Class com.google.common.cache.LocalCache$EntryFactory$8                               : loaded 2 times (x 79B)
Class org.gradle.internal.installation.CurrentGradleInstallation                      : loaded 2 times (x 69B)
Class androidx.room.compiler.processing.XFiler$Mode                                   : loaded 2 times (x 75B)
Class [Landroidx.room.jarjarred.org.antlr.v4.runtime.dfa.DFAState$PredPrediction;     : loaded 2 times (x 65B)
Class androidx.room.jarjarred.org.antlr.v4.runtime.RuleContext                        : loaded 2 times (x 128B)
Class androidx.room.jarjarred.org.antlr.v4.runtime.atn.OrderedATNConfigSet            : loaded 2 times (x 144B)
Class [Landroidx.room.jarjarred.org.antlr.v4.runtime.atn.ATNState;                    : loaded 2 times (x 65B)
Class androidx.room.ext.ReactiveStreamsTypeNames                                      : loaded 2 times (x 67B)
Class org.sqlite.core.CoreResultSet                                                   : loaded 2 times (x 78B)
Class org.sqlite.SQLiteConfig$TempStore                                               : loaded 2 times (x 78B)
Class androidx.room.jarjarred.kotlinx.metadata.KmClassifier$TypeParameter             : loaded 2 times (x 67B)
Class androidx.room.jarjarred.kotlinx.metadata.jvm.JvmPropertyExtensionVisitor$Companion: loaded 2 times (x 67B)
Class [Landroidx.room.processor.FieldProcessor$BindingScope;                          : loaded 2 times (x 65B)
Class androidx.room.jarjarred.kotlinx.metadata.internal.metadata.deserialization.Flags$FlagField: loaded 2 times (x 69B)
Class androidx.room.jarjarred.kotlinx.metadata.internal.metadata.jvm.deserialization.JvmNameResolverBase$WhenMappings: loaded 2 times (x 67B)
Class androidx.room.jarjarred.kotlinx.metadata.internal.metadata.jvm.deserialization.JvmMetadataVersion: loaded 2 times (x 70B)
Class [Landroidx.room.jarjarred.kotlinx.metadata.KmVariance;                          : loaded 2 times (x 65B)
Class androidx.room.jarjarred.kotlinx.metadata.KmTypeProjection$Companion             : loaded 2 times (x 67B)
Class androidx.room.processor.CustomConverterProcessor$process$converterMethods$1     : loaded 2 times (x 74B)
Class androidx.room.jarjarred.kotlinx.metadata.Attributes$hasAnnotations$2            : loaded 2 times (x 133B)
Class androidx.room.solver.shortcut.binderprovider.RxCallableInsertMethodBinderProvider: loaded 2 times (x 75B)
Class androidx.room.Insert                                                            : loaded 2 times (x 66B)
Class androidx.room.processor.Context$schemaOutFolderPath$2                           : loaded 2 times (x 75B)
Class androidx.room.jarjarred.kotlinx.metadata.internal.FlagDelegatesImplKt$functionBooleanFlag$1: loaded 2 times (x 133B)
Class build_9f8ztoy626e1nbu9wt71e20xw                                                 : loaded 2 times (x 176B)
Class com.google.common.cache.CacheLoader$1                                           : loaded 2 times (x 71B)
Class com.google.common.collect.ForwardingObject                                      : loaded 2 times (x 68B)
Class org.gradle.util.internal.GUtil                                                  : loaded 2 times (x 67B)
Class androidx.room.migration.bundle.FtsEntityBundle                                  : loaded 2 times (x 89B)
Class androidx.room.writer.DaoWriter$createConverterListMethod$1                      : loaded 2 times (x 74B)
Class androidx.room.vo.Dao$typeName$2                                                 : loaded 2 times (x 75B)
Class androidx.room.parser.SQLTypeAffinity$WhenMappings                               : loaded 2 times (x 67B)
Class org.sqlite.SQLiteConnectionConfig                                               : loaded 2 times (x 84B)
Class [Lorg.sqlite.SQLiteConfig$JournalMode;                                          : loaded 2 times (x 65B)
Class androidx.room.parser.SqlParser                                                  : loaded 2 times (x 67B)
Class androidx.room.compiler.processing.XFieldElement                                 : loaded 2 times (x 66B)
Class androidx.room.jarjarred.kotlinx.metadata.KmProperty                             : loaded 2 times (x 77B)
Class androidx.room.jarjarred.kotlinx.metadata.internal.protobuf.GeneratedMessageLite$ExtendableMessageOrBuilder: loaded 2 times (x 66B)
Class [Landroidx.room.compiler.processing.XAnnotationBox;                             : loaded 2 times (x 65B)
Class androidx.room.compiler.processing.javac.AnnotationClassVisitor                  : loaded 2 times (x 101B)
Class androidx.room.solver.shortcut.binderprovider.InstantUpsertMethodBinderProvider  : loaded 2 times (x 72B)
Class androidx.room.solver.binderprovider.DataSourceQueryResultBinderProvider$positionalDataSourceType$2: loaded 2 times (x 75B)
Class androidx.room.solver.types.StringColumnTypeAdapter$Companion                    : loaded 2 times (x 67B)
Class androidx.room.solver.types.BoxedPrimitiveColumnTypeAdapter                      : loaded 2 times (x 81B)
Class androidx.room.compiler.processing.ksp.KSTypeJavaPoetExtKt$typeVarNameConstructor$2: loaded 2 times (x 74B)
Class androidx.room.compiler.processing.javac.JavacFiler                              : loaded 2 times (x 74B)
Class androidx.room.vo.Fields                                                         : loaded 2 times (x 169B)
Class kotlin.io.NoSuchFileException                                                   : loaded 2 times (x 78B)
Class com.google.common.io.ByteSource                                                 : loaded 2 times (x 80B)
Class com.google.common.util.concurrent.AbstractFuture$SetFuture                      : loaded 2 times (x 71B)
Class com.google.common.cache.AbstractCache$StatsCounter                              : loaded 2 times (x 66B)
Class androidx.room.writer.DaoWriter$createConverterListMethod$2                      : loaded 2 times (x 74B)
Class androidx.room.solver.types.CustomTypeConverterWrapperKt                         : loaded 2 times (x 67B)
Class androidx.room.migration.bundle.DatabaseBundle$viewsByName$2                     : loaded 2 times (x 75B)
Class androidx.room.solver.shortcut.result.DeleteOrUpdateMethodAdapter                : loaded 2 times (x 68B)
Class androidx.room.parser.Section$Text                                               : loaded 2 times (x 69B)
Class androidx.room.parser.SQLiteParser$Join_constraintContext                        : loaded 2 times (x 156B)
Class androidx.room.jarjarred.org.antlr.v4.runtime.FailedPredicateException           : loaded 2 times (x 89B)
Class org.sqlite.jdbc3.JDBC3Statement                                                 : loaded 2 times (x 124B)
Class [Lorg.sqlite.SQLiteConfig$TransactionMode;                                      : loaded 2 times (x 65B)
Class [Landroidx.room.vo.CallType;                                                    : loaded 2 times (x 65B)
Class androidx.room.compiler.processing.javac.JavacFieldElement$setter$2              : loaded 2 times (x 75B)
Class androidx.room.compiler.processing.javac.kotlin.JvmDescriptorTypeVisitor$WhenMappings: loaded 2 times (x 67B)
Class androidx.room.processor.DatabaseProcessor$roomDatabaseType$2                    : loaded 2 times (x 75B)
Class androidx.room.compiler.processing.javac.JavacMethodElement$executableType$2     : loaded 2 times (x 75B)
Class [Landroidx.room.jarjarred.kotlinx.metadata.Visibility;                          : loaded 2 times (x 65B)
Class org.sqlite.Function$Window                                                      : loaded 2 times (x 73B)
Class org.sqlite.date.FastDateParser$3                                                : loaded 2 times (x 75B)
Class androidx.room.jarjarred.org.antlr.v4.runtime.TokenSource                        : loaded 2 times (x 66B)
Class androidx.room.parser.SQLiteParser$Table_or_subqueryContext                      : loaded 2 times (x 167B)
Class androidx.room.processor.CustomConverterProcessor                                : loaded 2 times (x 68B)
Class androidx.room.solver.binderprovider.RxJava3PagingSourceQueryResultBinderProviderKt: loaded 2 times (x 67B)
Class androidx.room.parser.SQLiteParser$Table_aliasContext                            : loaded 2 times (x 152B)
Class androidx.room.processor.CustomConverterProcessor$ProcessResult$Companion        : loaded 2 times (x 67B)
Class [Landroidx.room.compiler.codegen.XCodeBlock;                                    : loaded 2 times (x 65B)
Class org.objectweb.asm.Context                                                       : loaded 2 times (x 68B)
Class com.google.common.reflect.Types$TypeVariableImpl                                : loaded 2 times (x 68B)
Class com.google.common.collect.MapMakerInternalMap$1                                 : loaded 2 times (x 79B)
Class com.google.common.io.LineBuffer                                                 : loaded 2 times (x 71B)
Class org.gradle.internal.installation.GradleInstallation                             : loaded 2 times (x 71B)
Class androidx.room.solver.query.result.CoroutineResultBinder$WhenMappings            : loaded 2 times (x 67B)
Class androidx.room.solver.TypeAdapterStore$findRowAdapter$1                          : loaded 2 times (x 75B)
Class androidx.room.jarjarred.org.antlr.v4.runtime.dfa.DFASerializer                  : loaded 2 times (x 70B)
Class androidx.room.compiler.codegen.XTypeName$WhenMappings                           : loaded 2 times (x 67B)
Class org.sqlite.date.FastDateParser$1                                                : loaded 2 times (x 75B)
Class kotlin.reflect.jvm.internal.KPackageImpl$data$1                                 : loaded 2 times (x 75B)
Class androidx.room.jarjarred.kotlinx.metadata.internal.metadata.ProtoBuf$Function    : loaded 2 times (x 145B)
Class androidx.room.solver.prepared.binderprovider.RxCompletablePreparedQueryResultBinderProvider: loaded 2 times (x 75B)
Class androidx.room.solver.binderprovider.RxJava2PagingSourceQueryResultBinderProviderKt: loaded 2 times (x 67B)
Class [Landroidx.room.solver.types.TypeConverter;                                     : loaded 2 times (x 65B)
Class com.squareup.kotlinpoet.ClassNames                                              : loaded 2 times (x 67B)
Class com.squareup.javapoet.ClassName                                                 : loaded 2 times (x 80B)
Class com.google.common.collect.Iterables                                             : loaded 2 times (x 67B)
Class com.google.common.base.Splitter$Strategy                                        : loaded 2 times (x 66B)
Class settings_5acsaopw6thz70csdwelkwycw$_run_closure1                                : loaded 2 times (x 135B)
Class androidx.room.compiler.codegen.XTypeSpec$Builder$Companion$WhenMappings         : loaded 2 times (x 67B)
Class [Lcom.squareup.kotlinpoet.Annotatable;                                          : loaded 2 times (x 65B)
Class androidx.room.parser.QueryVisitor                                               : loaded 2 times (x 253B)
Class androidx.room.jarjarred.org.antlr.v4.runtime.atn.SemanticContext$PrecedencePredicate: loaded 2 times (x 74B)
Class androidx.room.parser.SQLiteParser$Release_stmtContext                           : loaded 2 times (x 150B)
Class org.sqlite.date.FastDateParser$2                                                : loaded 2 times (x 75B)
Class androidx.room.processor.PojoProcessor$doProcess$unfilteredMyFields$1$1          : loaded 2 times (x 75B)
Class androidx.room.compiler.processing.javac.kotlin.KmClassContainer$superTypes$2    : loaded 2 times (x 75B)
Class androidx.room.jarjarred.kotlinx.metadata.KmConstructor                          : loaded 2 times (x 73B)
Class androidx.room.jarjarred.kotlinx.metadata.internal.protobuf.AbstractMessageLite$Builder: loaded 2 times (x 118B)
Class androidx.room.jarjarred.kotlinx.metadata.internal.metadata.jvm.deserialization.JvmNameResolver: loaded 2 times (x 76B)
Class androidx.room.jarjarred.kotlinx.metadata.internal.protobuf.InvalidProtocolBufferException: loaded 2 times (x 80B)
Class androidx.room.jarjarred.kotlinx.metadata.internal.extensions.KmExtension        : loaded 2 times (x 66B)
Class androidx.room.compiler.processing.javac.JavacAnnotationBoxKt                    : loaded 2 times (x 67B)
Class androidx.room.solver.shortcut.binderprovider.RxCompletableDeleteOrUpdateMethodBinderProvider: loaded 2 times (x 75B)
Class androidx.room.compiler.processing.javac.JavacProcessingEnvMessager              : loaded 2 times (x 69B)
Class androidx.room.compiler.processing.javac.JavacTypeElement$superClass$2           : loaded 2 times (x 75B)
Class kotlin.reflect.jvm.internal.impl.builtins.functions.FunctionClassKind$Companion : loaded 2 times (x 67B)
Class org.sqlite.SQLiteConnection                                                     : loaded 2 times (x 218B)
Class androidx.room.writer.SQLiteOpenHelperWriter                                     : loaded 2 times (x 68B)
Class kotlin.io.FileWalkDirection                                                     : loaded 2 times (x 75B)
Class com.google.common.collect.Lists$RandomAccessReverseList                         : loaded 2 times (x 196B)

---------------  S Y S T E M  ---------------

OS:
 Windows 11 , 64 bit Build 26100 (10.0.26100.8246)
OS uptime: 6 days 4:36 hours
Hyper-V role detected

CPU: total 4 (initial active 4) (2 cores per cpu, 2 threads per core) family 6 model 140 stepping 1 microcode 0xb8, cx8, cmov, fxsr, ht, mmx, 3dnowpref, sse, sse2, sse3, ssse3, sse4.1, sse4.2, popcnt, lzcnt, tsc, tscinvbit, avx, avx2, aes, erms, clmul, bmi1, bmi2, adx, avx512f, avx512dq, avx512cd, avx512bw, avx512vl, sha, fma, vzeroupper, avx512_vpopcntdq, avx512_vpclmulqdq, avx512_vaes, avx512_vnni, clflush, clflushopt, clwb, avx512_vbmi2, avx512_vbmi, hv, rdtscp, rdpid, fsrm, gfni, avx512_bitalg, f16c, cet_ibt, cet_ss, avx512_ifma
Processor Information for all 4 processors :
  Max Mhz: 2995, Current Mhz: 2995, Mhz Limit: 2995

Memory: 4k page, system-wide physical 7991M (390M free)
TotalPageFile size 23231M (AvailPageFile size 12M)
current process WorkingSet (physical memory assigned to process): 1329M, peak: 1367M
current process commit charge ("private bytes"): 2618M, peak: 2621M

vm_info: OpenJDK 64-Bit Server VM (21.0.5+-12932927-b750.29) for windows-amd64 JRE (21.0.5+-12932927-b750.29), built on 2025-01-17T02:01:10Z by "builder" with MS VC++ 16.10 / 16.11 (VS2019)

END.
